        4800
   1.6940933123934807E-005
  -2.3123224698564082E-005
  -1.0719364253603634E-005
   6.4180736654375358E-006
  -1.8905589108085979E-005
   2.2016804880719180E-005
   1.9856664285538727E-005
  -1.0234089149685676E-005
  -5.4814807371152370E-006
   5.1296144499566663E-006
  -1.3022678939088533E-005
   2.2400567270759313E-005
   2.4011510245564007E-007
   9.9372429617336989E-006
  -4.0540025999982930E-006
   2.1985139496527899E-005
  -1.7481886939191282E-005
  -2.3095212382139152E-007
   2.3068425685512874E-005
   2.1860486400755085E-006
   2.0135433810804607E-005
   3.4610049539187263E-006
   2.0428644252430712E-005
  -4.7356740742696428E-006
  -1.7703585890033171E-005
  -2.9303385335795125E-006
  -2.2561395897743055E-005
  -1.4798755996564796E-005
  -1.4736030471783113E-006
   6.9590490386430649E-006
   3.3221523937550732E-007
  -1.6008391304327655E-005
  -1.7882183555856278E-005
  -1.7258772415030262E-005
   7.2130974836862897E-006
  -1.6652819752873142E-005
  -1.4102615733658848E-005
   1.6423604472022660E-005
  -7.5426408927062587E-006
   1.1219915967626697E-005
   1.3949188481482388E-006
  -1.4873078927895522E-005
  -1.0216852374938720E-005
   2.2620475906560837E-005
   6.4306699179723753E-006
   2.3569027165873982E-005
   1.7864215904969637E-005
  -5.8786870643276516E-006
   1.2031803634838880E-005
   1.8460201436321924E-005
  -4.9391617398532217E-006
  -1.5328497699136467E-005
  -2.3942247299931908E-005
   1.1680471904986955E-005
  -1.4070546477955023E-005
  -1.7452868482814905E-005
  -8.2110968824519509E-006
  -1.9132109987410814E-005
   1.2141065701506868E-005
  -8.5057783983100273E-006
  -1.8512925664098515E-005
   8.7806432884917828E-006
   2.3308170208145292E-005
  -4.1558135567150124E-006
   4.9525051828088614E-006
  -5.3317421629581886E-006
  -2.3326313661774098E-005
   4.6704301155261348E-006
  -2.0720436985987124E-005
  -3.9619973635601575E-006
  -9.2306248083401265E-006
  -8.4135591131093287E-006
  -8.5177680651757099E-006
   5.2478462462932566E-006
  -9.1896060451447917E-006
   1.9395629399846169E-005
   7.2912711489527400E-006
   1.0513921480068037E-005
   4.5583324290986699E-006
   1.0155487345774832E-005
   1.6636473526345913E-005
  -1.4355607901981690E-005
   1.6744188180484390E-005
   1.7769440758100054E-005
   1.2858719418148734E-005
  -2.0057032692894234E-005
   4.3983617352328653E-006
  -1.1525725723190659E-005
   1.8263158064559276E-005
  -1.1119607105125432E-005
   2.2453039229072885E-005
  -2.0404100342071898E-005
   6.0251526934941181E-006
  -5.5897279878799995E-006
   1.0424316077555566E-005
  -8.0319076306825443E-006
  -2.2833381629689824E-005
  -1.0311693600184047E-005
   3.2885802898267166E-006
  -8.9780166893764993E-007
   1.0370744820224450E-005
   2.3755393285102220E-005
   4.9379918880404852E-007
  -3.7843834391095323E-006
  -1.6406685279226382E-005
   9.8701577249077876E-006
  -1.5174814941412744E-005
  -1.1653415740750974E-005
  -2.9097052554855581E-007
   1.5928091633148158E-006
   2.4067272813435641E-006
   2.2699210230694802E-005
  -4.3738101301620452E-008
  -1.3103890926242096E-005
   8.9576326701653101E-006
   8.1795773735444241E-006
  -6.8367454496290873E-006
   2.1652520608440206E-005
   1.8057835703827300E-005
   2.2330573162923505E-006
   3.2838474074829480E-006
   2.1334666077904969E-005
   1.3295575367301010E-006
  -2.2552763490249233E-005
  -9.1343428585978708E-006
  -7.8933855317900346E-007
   1.4148364563038973E-006
   4.1224035551906281E-006
  -1.3393483300309861E-005
   2.0845353206866147E-005
  -7.3928067386741377E-006
   2.1270683666801297E-005
  -1.4346422525685870E-005
   1.2764011078129967E-005
  -1.7732809373674394E-005
   2.3615001367762650E-005
   6.7259066907752280E-006
  -9.0358789177018945E-006
   1.6226075539883051E-005
   9.2892143007764248E-006
   8.8820486957803223E-006
   2.3149438863740353E-005
  -8.0903585780830253E-006
   8.1833466010708365E-006
  -2.0257085918506667E-005
   1.0218068249384283E-005
  -2.0265532247125629E-005
  -3.8692903300034337E-006
   1.1413689747152852E-005
   1.5092828308239959E-005
   7.9448835786124255E-006
   1.1267118188682745E-005
  -1.7416062735555128E-006
  -4.5365072719671290E-006
   6.5863546642645039E-006
  -1.3222191342740092E-005
   1.5194497773971292E-005
  -7.4255297468007710E-006
   2.0450934809292565E-005
  -1.5785438437671725E-006
  -2.4171585663831189E-005
  -2.1677894026300537E-005
   5.7512836553735754E-006
   2.4377747585723670E-005
   1.7701164058116588E-005
   2.0820050281528795E-005
   7.4662765852961194E-006
  -1.4317358458701034E-005
  -9.6032208163760360E-006
   2.7516123697487897E-006
   2.4548161874507348E-005
   1.7725197148448893E-005
  -6.5958410498466778E-006
  -1.0803426118625450E-005
  -6.9000754889465003E-006
  -2.0726254860150282E-005
   3.4184970037315601E-006
   2.2750031199492257E-005
  -1.8816447147615386E-005
  -2.4721114697332052E-005
  -1.9150796603352131E-005
  -2.2512592456962654E-005
   1.9876271338517672E-005
  -2.4264304575954898E-005
  -8.6732944246842098E-007
   3.5106602786814819E-006
   7.7110415416797568E-006
   7.1600393120909293E-006
   2.3342066870330753E-005
  -1.1686353457780537E-005
   1.9427537174168058E-005
   2.1634824322675650E-005
   3.7587703460515713E-006
   4.9928348715263249E-006
   7.9605241355008839E-006
   2.2310032859718522E-005
   2.2777851591305803E-005
  -2.2313835098308488E-007
  -2.1579087877252456E-005
  -6.9737845815705596E-006
  -4.1478360839715689E-006
   2.6441024106082360E-006
  -2.1713457706621406E-006
   1.4719836945459305E-005
  -5.4189158045583896E-006
  -4.5396780360822353E-006
   4.7215674094105040E-006
  -1.7770879466235021E-005
  -1.3824553481362291E-005
  -2.2247250136928954E-005
  -1.6987204930600882E-005
   7.6154242403914976E-006
  -2.1651244116847257E-005
   1.8090534197763561E-005
   5.2552645482552890E-006
  -7.7335933383742879E-006
  -2.3053631133762552E-005
   1.0186065697468580E-005
   2.4057118520416090E-005
   2.0799031706174290E-006
  -1.1860519715070926E-005
  -4.8599239497009132E-006
  -2.3661523098284906E-005
   1.9094233167721397E-006
   7.2863581373728075E-006
   9.0060866847063099E-006
   1.6711058356307989E-005
   1.8196677865945657E-005
   9.1383144982832183E-006
  -1.2600896673759318E-005
  -8.8189630633031515E-006
  -3.6052410569458492E-006
  -1.9373555576433587E-006
   2.3751643906993497E-006
  -2.2249206348706344E-005
  -2.2487632749496218E-005
  -1.6073018483987524E-006
  -1.1960425653367497E-005
  -2.1682195655316625E-005
   1.8559979928944097E-005
   9.5050297699701157E-006
  -1.0213934494478106E-005
  -1.5445483044044141E-005
   5.4966364915563214E-006
  -1.8785725174549198E-005
  -1.0919824633660668E-006
  -3.5025888832250754E-006
  -1.1557631231089274E-005
  -8.1496980407578029E-006
  -2.4751945533792542E-005
  -5.4375614010467472E-006
   9.9598923568847843E-007
  -3.6855660804879936E-006
  -1.8031309938464268E-005
   1.4548085418375485E-005
   1.7397112331046289E-005
   2.4231296056122443E-005
   1.9014417673464202E-005
  -1.3046441867739782E-006
  -2.0482292940257326E-005
   2.2982341330316179E-005
   2.0770904882482177E-006
  -2.0699239584183574E-005
  -1.8701945909696876E-005
   2.3268279795529608E-005
  -2.2899348572612779E-005
   2.4220079714379305E-005
  -5.0358257186098540E-006
   1.4112576735794023E-005
   9.9031129483776607E-006
   1.1761517416401950E-005
   6.0060920258866641E-006
   6.5459460835526863E-006
  -2.2766909871089617E-005
   1.2911078009725508E-005
   2.6522098345161477E-006
   1.1717252102933623E-005
  -2.3320423521556289E-005
  -1.1520745694691464E-005
  -1.8508418060778649E-005
   1.8297256280196373E-005
  -2.4562310273014878E-005
   6.8968604844650831E-006
  -2.0475135005706373E-006
   8.6209524816692526E-006
   1.5275110231059119E-005
   2.1157012700863322E-006
  -1.8092566483747323E-005
  -9.9421511741788243E-006
  -6.5809509531755633E-006
  -5.5758722511843445E-006
   1.9953135652387635E-005
  -1.1462877086843600E-005
  -2.9788819795289445E-006
  -7.4814336431035271E-006
   1.7969719092649623E-005
   1.2305864334246204E-005
   2.4115695463498417E-005
  -2.1917544516956110E-006
   2.3608332629669253E-005
  -4.2004388648852573E-007
   2.3591065463539905E-005
  -2.0973959827194030E-005
  -3.1475206019394667E-006
  -1.0243584794851973E-005
   1.4299589250637076E-005
   2.3100575837472678E-005
  -2.2197564079678804E-005
   1.8867312387428578E-005
  -1.9296892422110266E-005
  -1.5484824210341649E-005
  -1.5567268803637825E-005
  -1.4040278992752989E-005
   1.2542415523527485E-005
   3.6310314240681553E-006
  -1.4809681510571225E-005
  -6.8997223022587343E-007
  -2.2051246706368590E-005
  -2.4150391003749548E-005
   1.6091131671885474E-005
  -7.5686370929686170E-008
   2.0662784964810859E-006
   2.2517284772976553E-006
  -1.3083398646705795E-005
  -1.7324698553137070E-005
   2.0403460903689595E-005
  -2.0256917472257591E-005
  -2.3747467520213381E-005
  -2.2699437682399483E-005
   2.2985428741903617E-005
  -3.3194120785221729E-006
  -2.4551042908355874E-005
   1.5986973513609619E-006
   1.1731906091538954E-005
   5.5666288395376155E-006
   1.4294793815650727E-005
  -1.1391615764102966E-006
   8.9374491826567877E-006
  -2.2772158478657238E-005
   2.4452576963304931E-005
  -4.5168251736206781E-006
   2.0960368714158153E-005
   2.3364868218543916E-005
   2.1649333078611095E-005
  -1.6552257039168311E-005
   7.6845597469156811E-006
   2.0509410431864486E-005
  -1.6896392427938800E-005
   2.7286972644987335E-006
   1.4851580110896654E-005
  -1.6437929449061151E-005
   1.3988382826483383E-005
   1.7709505821918455E-005
   2.4155443601188956E-005
  -2.1417664187882185E-005
  -2.4157538173648138E-005
  -1.9317906635139890E-005
   1.8509817804085158E-005
   7.2146764195788859E-006
  -2.3367100922542060E-005
  -5.4381384422088707E-006
  -3.0863023553196450E-006
   2.1091031349621258E-005
  -2.2491796217714352E-005
   6.1828720825488620E-006
  -8.5044774422186427E-006
   1.7914951215355497E-005
  -2.4539344265060168E-005
   1.0542874159199930E-005
  -1.9246043869582658E-005
   5.9201126346876740E-006
  -8.1200941792965671E-006
   1.8264741234379489E-005
  -1.9501664078796637E-005
  -1.4252824908666653E-005
  -1.4699888728136490E-006
  -1.9676923212131386E-005
   7.6502679852482413E-006
  -2.1953058443171592E-005
   2.0046564713906494E-005
   2.3489375668293509E-005
   1.7716617946387963E-005
   1.5039716944722295E-005
  -1.8713015392947305E-005
   1.3402784397858079E-006
   1.3038415671231205E-005
   5.5014968619294739E-006
   2.4134693402315492E-005
  -2.1606426282689258E-005
   2.2834698326197299E-005
   3.8845734830402973E-006
  -1.9740325993498920E-005
   1.2820126541083719E-005
   2.5115351568793434E-007
   1.6938346671106585E-005
   2.3436398027530715E-005
  -2.0483770372937873E-005
   8.7037422547101096E-006
  -4.1374052694144880E-007
   8.7645876573000594E-007
  -1.2220306705142839E-006
  -1.5139302837190204E-005
  -6.7249943022809912E-006
   1.2890570415584525E-005
   2.8069133474278198E-006
  -1.2661807258461442E-005
  -1.8519228921986673E-005
   9.8856108771751175E-006
   5.5526068315836556E-006
  -2.4481513425842157E-005
  -1.3551407478322680E-005
   1.2592001399149604E-005
  -5.5688181625798935E-006
   1.7452745495845311E-005
   1.7438090977077422E-005
   1.2789564405810421E-005
   9.4639028188027043E-006
   9.9529906709968956E-006
  -1.5252343334624454E-005
  -1.6253792315155953E-005
   2.6466197089065206E-007
  -2.1258841430599335E-005
   1.2336541297381191E-005
   1.5081871349255306E-005
  -5.9554657010500876E-006
  -2.0189376285795626E-007
  -6.7431427561997706E-006
   9.0325494785720272E-006
  -1.2358883349867035E-005
  -1.7277793202926323E-005
   1.1019246207801829E-005
  -1.7158544564287965E-005
   3.9158280043127731E-006
  -1.6111145107953403E-005
  -1.6362426095566027E-005
   1.3486682596273625E-005
   1.0308978630004160E-005
  -7.5823230528861273E-006
   1.6071038555095764E-005
  -1.7289538979421478E-005
  -3.2858754817568447E-008
   1.6330063743173738E-005
  -6.7060299307022697E-006
   1.2879138693389689E-005
   3.0385088744300984E-006
   1.7432643553348356E-005
   1.6899667716253425E-005
   7.0273756947940434E-006
   2.0944593368349787E-005
  -1.9948131014024431E-005
   6.6835699232701342E-006
  -2.0178154147227933E-005
  -4.9577782740035007E-006
  -1.6112882328123552E-005
   4.1356463546366944E-006
  -2.2361148595292712E-005
   1.3804573200533418E-005
   2.3562658471936366E-005
  -1.0341739062435489E-005
   5.8801856713669248E-006
  -2.3704146374926284E-005
   1.3221462132320158E-005
  -1.5318724774727073E-005
  -1.2842498106900697E-005
   1.9475012749239516E-005
  -2.2404772221729637E-005
  -7.6298587096831783E-006
  -9.9779127025108777E-007
  -4.8740877249835387E-006
  -3.0132882886717931E-006
  -2.2953831884594347E-005
  -1.1459541400515625E-006
   1.6081510635750054E-005
   2.0481629151057389E-005
  -2.3266745978065412E-005
   8.6659243640321282E-006
   1.2976840966115280E-005
   3.1621720499174368E-006
  -1.2580501068267366E-005
   1.3180724341792537E-005
   1.2736511609180389E-005
   1.3108810659970601E-005
   1.7853277278429353E-005
  -2.2457631682824082E-005
   1.0910040781714501E-005
   2.1877252520267592E-005
   8.6671082528954005E-006
  -1.5775066848666011E-005
   3.9186344975402488E-006
  -2.1115285213826610E-005
   1.8116476934622831E-005
  -3.3083812252369633E-006
  -1.7157006237063029E-005
  -2.2943633442097366E-005
  -1.8167879821661019E-005
  -1.2345613185912209E-005
  -2.2390062704115569E-005
  -8.5683443170455749E-006
   1.9561780004576094E-005
   5.1909887010759301E-006
   3.9370346084222213E-006
  -6.9667647852601175E-006
   1.6010997203960961E-005
   2.2728936754353936E-005
   1.4166169502931354E-005
  -1.5165925038559472E-006
  -1.6900031730941375E-005
   1.3771840211557436E-005
   5.1622919231863076E-006
   2.4520611412581621E-005
  -1.4213676192356685E-005
   2.4771838494503956E-005
  -1.3239670200219775E-006
   1.0052337894370962E-005
   2.6872571392465570E-008
   8.0042935469589402E-006
  -2.6019017580630873E-006
  -8.0708858725083084E-006
   1.1015586848981234E-006
  -5.7174207344566733E-006
  -9.5221613820193199E-006
  -1.4413272980921083E-005
   2.3987150442782434E-005
  -1.2431449983102605E-005
   1.3026158266472280E-005
  -5.3639581648834199E-006
   2.2866722932286233E-005
   2.8193120903598495E-006
  -2.4100941227249901E-005
   2.1181769161444649E-006
   3.8695917260146664E-007
  -2.2872550178845137E-005
  -2.3147931345155725E-005
  -2.2810612033085291E-005
  -1.1874920825496886E-005
   9.5551414765856491E-006
   1.9389064274610238E-005
  -1.7054874032867904E-005
  -1.4775636885991870E-005
  -1.7453696350394973E-005
   4.1164294449617015E-006
  -1.9568705372482164E-005
  -5.4949760097657612E-007
   2.4724615476397379E-005
  -2.0179333931817251E-005
  -1.1036616718810027E-005
   1.2471604406394435E-005
  -1.4464300926837679E-005
   9.0455775130371402E-006
   3.5506572469770426E-006
  -8.6412091420444344E-006
   4.7358012649261915E-006
   1.1207319634697490E-005
  -1.9311624048752085E-005
  -1.9872108570946808E-005
  -6.1560843061609641E-006
  -1.4780074587963849E-005
  -1.7969200049336381E-007
  -4.0472245561875184E-006
   2.0958266145956174E-007
  -1.0781090942938263E-005
  -3.4737559168928429E-006
   2.2543514564692421E-005
  -1.1771031534881178E-005
   2.9737286195540969E-006
  -6.9343697783468468E-006
   3.3356103868951390E-006
  -2.3978751180329145E-005
   1.2473807496207557E-005
   1.7111182803644048E-005
   4.7319231079343879E-006
  -1.6610436570206118E-005
   1.7579113664386177E-005
   1.3381538862644804E-005
  -2.0894048642655686E-005
   2.3858442937460020E-005
  -1.9543000300624196E-005
  -2.0752135999959474E-005
   5.4346635658374980E-007
  -1.7548864921757403E-005
  -1.7724472763644115E-005
   4.9725504261537602E-006
  -1.5592644617419385E-005
  -2.4277576892743958E-005
   9.9875576424261010E-006
  -6.1892900279710721E-006
   2.2857869879420782E-005
  -2.0134978655655806E-005
   1.7501912735527259E-005
  -1.7037479021745450E-005
  -2.2718417041326025E-005
  -9.5658332252545356E-006
  -5.4261412978465144E-006
   3.2776593634132759E-006
   7.4838523730414728E-006
   2.3769355914648050E-005
   1.0104077086342941E-005
  -9.6438212291870475E-006
   2.1475777400582951E-005
  -1.5293729746309961E-005
   1.9058857026969333E-005
  -9.6272515889997431E-006
   2.3258114351563304E-006
   2.3243507622817327E-005
  -6.4140481006325857E-006
  -1.9893524038870668E-005
   4.8675534827598726E-006
  -1.6826338491229232E-005
  -2.4141709195079244E-005
  -1.8431277718672553E-005
  -2.2811349659839889E-005
   1.9878513320915151E-005
   3.6400038220990661E-007
  -2.3728237555797716E-005
  -5.8314948038892828E-006
  -4.4031639399131610E-006
  -1.0645613683024154E-005
   4.1155132711807418E-006
   1.9483957664262947E-005
   1.0004185366956694E-005
  -1.3490886206621892E-005
  -1.3888738840973650E-005
   6.2530537980703700E-007
   1.5758385738847931E-005
   1.3252071866388332E-005
   2.1745386106118851E-005
   8.2899987650602680E-006
   2.2690896959714697E-006
   1.4950227581286821E-005
  -1.9471218371773545E-005
  -1.1802209440817889E-005
  -1.3944459637515449E-005
   1.2640963905185268E-005
   1.9158159449933632E-005
   3.0290186170927791E-006
   1.6792635212898538E-005
  -1.5467739449165005E-005
   1.3011155514446916E-005
  -2.3845194286135170E-005
  -2.4676197558835335E-005
   3.0086455775386468E-006
   4.2420631426196970E-007
   1.0121792624869864E-005
  -7.1256019570889649E-006
  -2.0952245558079877E-005
  -1.3187373317672014E-005
  -2.0631224515856413E-005
  -1.9398678643196756E-005
   7.9158797033614557E-006
  -1.2845107219077012E-005
   1.6407921574142354E-005
  -1.4265936859492999E-005
   6.9526207973841389E-006
  -4.5725526472264965E-006
   1.0723321409895650E-005
  -5.6061523035068485E-006
  -1.1962699407547492E-005
  -2.4719059283750013E-006
   1.0162572544839205E-005
  -1.7596659377525788E-005
   2.4085393936957298E-005
   1.7450940695240247E-005
   1.3268229854126800E-005
  -1.7476100258603201E-005
  -1.0226806912707044E-005
   1.2032877857865250E-005
   5.7300785633879401E-006
  -8.3136782901609358E-006
   4.3516312166424615E-006
  -8.5610769381607728E-006
  -2.3602171430989466E-005
   1.4248356210885588E-005
   2.3264945005520491E-005
   2.3024264600459888E-005
   9.7937223026240779E-007
  -7.0947937785514323E-006
   4.1674358069935449E-006
  -1.7990667242785938E-005
   1.1718748537957973E-005
  -4.3472216166079004E-006
   2.3796422339299530E-005
  -2.4767172955082675E-005
   1.5056860572539559E-005
   5.3234881988051909E-006
   1.5529845039148373E-005
  -2.3738822154578909E-005
   7.8326411970424952E-006
   1.9699633751352946E-005
  -2.0113513394728638E-005
   1.7781458226226929E-005
  -8.3909394002816310E-006
   1.1279134156715329E-005
   1.4939337320296162E-005
  -2.2028576886802756E-005
   3.2060650113724107E-006
   1.8018527754118940E-005
  -2.0989640321347618E-006
   1.9154174099827694E-005
   1.9938195459057232E-005
   1.7122968809136369E-005
  -2.0165806872906245E-005
  -7.5352181205771555E-006
   6.5570541345251049E-007
   1.9897979190858865E-005
   5.3151239235487744E-007
   1.8285099748552526E-005
   6.3222119558313862E-006
  -4.6026462528616140E-006
  -2.0184771794988561E-005
  -2.1164408869860118E-005
  -1.7397232000365439E-006
   1.4578389201639482E-005
   9.0897214635502707E-006
  -5.6518273370245862E-006
   1.4586770904396406E-005
   2.4556059737038511E-005
  -1.5626579801118310E-005
   9.7473295577546532E-006
  -1.7548000496268427E-005
  -1.0951048594787185E-005
   1.5003767714457819E-005
   1.0497700690404012E-005
   5.1342071315448019E-006
  -1.0710049617097510E-005
  -3.9564805875338266E-006
   5.6477682455062998E-006
  -1.9352911048411442E-006
  -5.5154362620662577E-006
   1.3846031629736620E-005
  -1.2840344305125632E-006
  -7.7893522724177617E-006
   1.5275536527358203E-006
   7.2520851879885410E-006
   3.3904552480688573E-006
   1.5477110946353183E-005
  -1.1164221437262818E-006
   1.5597326408494949E-005
  -1.9459573421578210E-005
   2.0098522247798517E-005
   1.0199088292245958E-005
  -1.9419496307250033E-005
  -1.4378472091580477E-005
  -1.9341779363570933E-005
  -2.0666884637948793E-005
   1.2403745313349957E-005
  -1.3054491834877832E-005
  -7.2154132953872533E-006
  -6.5541887252010834E-006
  -2.0297687343566601E-005
  -2.0350507903298690E-005
   4.9825066870586642E-006
   1.6875527722132378E-005
  -8.3026851330142644E-006
  -3.2045196955914416E-006
  -9.8263804982047929E-006
  -2.3696484290416493E-005
  -5.5132151466459733E-006
  -2.3963361939965843E-005
   5.9146839370643126E-006
   9.9012948988157286E-006
  -1.4007064994643285E-005
  -5.3950041240024430E-006
   2.4878746905564221E-006
  -8.9458279450413649E-006
  -1.3424188798186214E-005
  -1.4839953140935393E-005
   2.1650328751036953E-005
  -2.3593385347431996E-005
   1.9112360090560637E-005
   7.0231321588399040E-006
   1.2546390447164007E-005
  -1.0932442557382252E-005
   2.1624775437670975E-005
  -2.3155152988367371E-005
   2.9033759994170395E-006
  -2.1235906284206212E-005
   1.8972615002819691E-005
   2.4181937977261489E-005
  -1.0471219915051642E-006
   3.4972726529688001E-006
   1.5372014140353569E-005
   2.4213801564844617E-005
   2.1714461473465288E-005
   4.2024931456391253E-006
   5.4313556603811927E-006
  -1.1468734345944707E-005
   5.8413639162803718E-006
  -1.0327533798222332E-005
   1.6017540261555426E-005
   1.9543112895029448E-005
  -2.2268849306551730E-005
   2.3131747446089020E-005
   7.9013961910470795E-006
  -1.3110742397593895E-006
  -1.5877026625471702E-005
  -1.0335366002528674E-005
  -7.5090881360751606E-006
   2.7595104960476968E-006
  -1.4562027994847284E-005
   5.0786536559957519E-006
  -2.0180515515433838E-005
  -2.3305947121301405E-005
   1.6252125949377992E-005
   2.1586636337408069E-005
   1.1757445648698257E-005
   5.4923080168938232E-006
  -9.9171071966619526E-006
  -2.3093252838661402E-005
   1.0086860877407888E-005
  -1.8247939196475654E-005
   8.1869091432683122E-006
  -1.8325912668986889E-005
  -1.1041394975298068E-005
   9.2290368166737048E-007
   2.4742152189670379E-005
  -2.3781017150951999E-006
  -1.7255487196650773E-005
  -1.5724803928267436E-005
  -1.9640018521327909E-005
   5.9686239924105938E-006
   2.0556629954662092E-005
  -7.2419922095543283E-006
  -1.8431365813213333E-005
  -1.3797212509536210E-005
  -1.0267795250970570E-005
   1.2992907809010155E-005
  -1.3939024094646881E-005
   1.6767761922840294E-005
   2.0707545933017075E-005
  -2.0413608834789739E-005
  -8.0966244106603593E-007
   2.1289930828465673E-005
   7.2565349541082333E-006
   1.9714767460187128E-005
   1.7885140053789691E-005
   2.1219984987164475E-005
   3.1575062962495493E-006
  -8.8347788313711204E-006
  -1.2554063658234995E-005
  -9.7584278800697599E-007
  -2.0618015130380521E-005
   2.0301094617528467E-005
  -1.0427389040105131E-005
   2.1322832254230515E-005
  -1.0515754506894964E-005
   1.3314812194398259E-005
  -1.3915252367362464E-005
  -2.4222957175468937E-005
   2.0142817315203843E-005
   1.6946871748631079E-005
   1.9802829021453219E-005
   2.3025062897931130E-005
   1.3035890100988615E-005
   7.0752374995319674E-006
  -2.0177160515876836E-005
   2.1698026264686445E-005
   1.7444072144085080E-005
  -1.7328618062625819E-005
   9.5354249343654992E-006
  -1.6672537982175836E-005
   5.9759495882814984E-006
  -9.4370091969579463E-006
  -1.9934176296359207E-005
  -2.9289542184737959E-007
   1.8969986507233125E-005
   1.5942800074740438E-005
   4.1938788403415591E-007
  -1.5019935191007031E-005
   1.8498966164113739E-005
   2.1397866382113125E-005
   1.7210297121268933E-005
  -1.2321409899654971E-005
   1.5167050096012790E-005
   2.2061304192323695E-005
   1.7713376620894127E-005
   1.8690276802436097E-005
   1.8048043299731158E-005
   2.4593029983912722E-005
  -1.5237050847768192E-005
  -2.0741530986412314E-005
   1.6002281145886405E-005
   2.0382907538635965E-006
   1.7316413521584415E-005
   9.5003675200377358E-006
   2.4634974871490843E-005
  -1.0207978586713322E-006
   2.4344202871170898E-005
  -1.0207929716012226E-005
  -2.7085615676823068E-007
  -1.7192147290088425E-005
   1.0313442182395235E-005
   1.8569928044485235E-005
  -1.3721314085181338E-006
  -1.3508187315661110E-005
  -2.2128699075527205E-005
   9.5900269188186397E-006
  -1.1541623499220544E-005
   2.0349978111806153E-005
  -2.4683401802713193E-005
   1.1031531847234488E-005
   6.4012652821567173E-006
   2.3730294082952470E-005
   1.4036595285596765E-005
  -2.4299732076002665E-005
   7.7712929836868676E-006
   1.4918621404511740E-006
  -2.0587172851792210E-005
  -2.3896602270069797E-005
   1.1211166026149731E-005
   1.6067816843950668E-005
   1.7822592286369364E-006
   1.1708543709526751E-005
  -6.1679694568625373E-006
  -1.4139075218985213E-005
  -1.5257419238997139E-005
   1.8541227368807597E-006
   8.5984255813111957E-006
   1.5980260443764766E-005
  -6.0022142242953890E-006
   3.6341324289637973E-006
   1.9371045739318164E-005
  -1.2187246581960453E-005
  -1.7600574733160092E-005
  -1.2312789682650278E-005
   1.4552944859597486E-005
   6.3748163473531116E-006
   6.4666763036063083E-006
  -1.7440200492261840E-005
   7.9823196660024655E-006
   1.5701343251755848E-006
  -9.7437769111652193E-006
  -1.6330959669023438E-005
   1.4154125472049512E-006
  -2.3863466677129447E-005
  -1.4713038477236254E-005
  -1.3469775680920485E-005
   3.6009079766490443E-006
  -8.0729663949302983E-006
   6.6954687219599154E-006
  -2.1910192343667762E-005
   1.2006984438804127E-005
   5.9865138117379372E-006
  -9.0670258409614403E-006
  -4.3724041559735193E-006
   6.8253498670631457E-006
  -5.1034623073103174E-006
   1.2144588017947794E-005
   6.8367751227458190E-006
   3.0550696184891381E-006
   2.3451953844200191E-005
  -1.5784789098320567E-005
  -3.0114542954340339E-006
  -7.1637968073830104E-006
  -2.4219780160682103E-005
   1.5094176237591660E-005
  -1.1156449771522357E-005
  -1.2001542101452226E-005
  -1.8575106816227915E-005
  -1.8740498281705380E-005
  -1.6185662957439060E-005
  -2.1848408885509589E-005
  -5.2459808369565736E-006
   2.1782923452333182E-005
  -5.2951085262489076E-006
  -1.5557594203045363E-005
   3.6888510851725981E-006
   1.8900641860126286E-005
  -1.4704625772888995E-005
   6.3608675173080491E-006
   2.2744301838696416E-005
   1.9064880644880403E-006
  -2.1489423527434762E-005
   3.2850452210629645E-006
   8.8355661735724559E-006
  -3.4526865763118915E-006
  -5.8774638877214104E-006
  -8.0817186873315666E-006
   1.5748967152112814E-005
   1.3441203441425517E-005
   1.2579406736539722E-005
   1.3779013885336560E-005
  -1.6248286436721439E-005
   1.9450914654283338E-005
  -1.7832578268616868E-005
  -4.5205270041377211E-006
   1.2937785909244419E-005
   6.4818858133159126E-006
   2.1799971148286791E-005
  -1.9893010421749971E-005
  -1.5649227641512037E-005
  -1.8554164146652441E-006
  -1.8172074217348296E-005
   2.4323075558430441E-005
   5.5646789577821765E-006
   1.8264672142581014E-005
   1.8516942814908617E-005
  -6.8574030881422049E-006
   1.1096905830463960E-005
  -7.3424863956347676E-006
   1.3319020513425933E-005
  -1.4440963872106820E-005
  -1.9093214170396348E-005
  -1.5558195086330803E-005
  -1.5388413538838992E-005
  -1.4051839952942247E-005
  -1.1692848038653131E-005
   1.0179835995122641E-005
   1.9626877085670309E-005
   1.6597467288504072E-006
   1.1837791079419716E-005
  -8.9599595057121636E-007
   1.5365620602679013E-006
  -1.1492031173811318E-005
   4.9452109533346762E-006
  -1.0951485755276739E-005
   1.1068631221885777E-005
   5.7954379963918415E-006
   1.1352301495568722E-005
  -3.5440293670002264E-006
  -7.3903984142406632E-006
   2.4027170057878043E-005
   1.0698684712516091E-005
  -1.4095611879998029E-006
   5.2081553670279139E-006
  -2.4780643175754362E-005
   2.3269324245286942E-005
   2.0657835682244544E-005
  -4.4414386956058706E-006
   3.8100652112255787E-006
  -1.0332700210161289E-005
  -9.6231661675921957E-006
  -3.6480013069190790E-006
   9.2872446641672077E-006
  -4.5726896650573352E-006
  -6.1810444841588915E-007
   2.2117272124044793E-005
   2.3862886726138039E-005
  -1.7235799116503154E-005
   1.3512008940848367E-005
   1.6070744227630878E-005
   2.2438864326184075E-006
  -1.3493762393439143E-006
   6.9866043891620602E-006
   4.7160177235329542E-006
  -8.5855414831252057E-007
   2.4090843026086108E-005
   9.3036777779062064E-006
  -7.4947539322418601E-006
  -3.4347084989865037E-006
  -1.5367360722212787E-006
  -1.8404399270016516E-005
   7.2149242492114647E-006
  -1.0841428158580937E-005
   4.7457554627257784E-006
   1.5262337881401239E-006
   2.3247169528850887E-005
  -3.0983135766591417E-006
  -1.7924786336309698E-005
  -1.8312592266448914E-005
   1.4452141185436236E-005
  -4.5618010064260336E-006
  -8.0112270907718565E-006
  -3.1008158709505571E-006
  -2.1902449667719982E-005
  -7.7540515943056226E-006
  -3.8538376811070328E-006
  -1.8751954593489187E-006
  -6.7505776533743203E-006
   2.0584296290775841E-005
   1.0225808717067947E-006
  -6.6500800393192994E-006
  -4.3925434566451528E-006
  -2.3066236929212197E-005
   1.3908482485415105E-005
   1.9939587549918728E-005
   9.8994842952252093E-006
   2.2420503100938739E-005
  -7.6893853739763442E-006
   8.5115075828261226E-006
   2.1320003389550233E-005
   1.8019717009542408E-005
  -1.7273641821220034E-005
  -6.0186508747245706E-006
  -2.6795639768302739E-006
   4.7511143965648950E-006
   4.5961544498883838E-006
  -1.7263229732249040E-005
   3.8716826287693039E-006
  -3.7562830170698210E-006
  -1.5868501193261282E-005
  -1.8502161976011508E-005
   2.2005732277113313E-005
  -1.3696073711115913E-005
  -4.4819338154780855E-006
   1.2194732224715924E-005
   1.1430824463506418E-005
   9.5488151501500037E-006
   5.2215600799704997E-006
  -8.2142936906589451E-006
   8.7039504817419588E-006
   1.2573915593235877E-005
   6.7227559492315208E-006
   1.3511517457444830E-005
  -3.5095516836212893E-006
  -6.1627428821369828E-006
   4.1090512875602252E-006
  -2.0544806513553918E-005
   2.0967686969438323E-005
  -2.1950880014092879E-008
   1.0077407717426007E-005
  -1.0967257417788838E-005
  -6.8398326183497582E-006
   1.9158777367868195E-005
  -1.2326764176500736E-005
   3.8930182972388985E-006
  -2.1409060086797738E-005
  -2.9831119682430536E-006
   1.7338992651118620E-005
  -3.6076649810904975E-006
   1.4707673467066508E-005
  -9.8969624281387389E-007
   1.1922546398592858E-005
   2.3660766730616718E-005
  -9.3562820781112672E-006
  -2.4036573487457031E-006
   2.0626646318091920E-005
   2.4495061425451766E-005
   1.3546924094107535E-005
   1.5329156367996586E-005
  -1.1342310122342278E-006
  -1.5978686183474938E-005
  -1.9107874647871919E-005
  -1.0520875779873700E-005
   2.3676572655990873E-005
   1.3718823568603686E-005
   6.3054972638692057E-006
   2.1046526651723525E-005
  -1.7932100291189010E-005
   9.2384079032691929E-006
   8.7857091588252803E-006
  -4.7339224225425000E-006
  -1.6928166810531535E-005
  -1.3589614587023744E-005
  -2.0228481007848535E-005
   5.1344673717444531E-006
  -2.4723525884468070E-005
  -4.8081363947171475E-006
   1.8861686959273623E-005
  -1.2726083696036812E-005
  -8.4830888578373190E-006
  -2.0069431878818593E-005
   1.0098248107284929E-005
   2.2942270561450595E-005
   1.8175294949415519E-005
   7.6471350640288221E-006
  -1.1294221037975210E-005
   1.8423817062890941E-005
  -1.3729934367160873E-005
   1.8364872272993025E-005
  -1.5105758212456875E-005
  -1.6517526566884554E-007
   8.1376482555035662E-006
  -1.6106538231804640E-005
  -1.6090943039592674E-005
   2.0111421819887048E-005
   4.5716790886263142E-007
   2.0506753634235224E-005
  -9.0226152409263788E-006
  -1.9034917079096563E-005
   1.7456332454719262E-005
   9.2955523880079105E-006
   1.8674035142756694E-005
  -8.4699114071472825E-006
  -8.4877367942909418E-006
   1.9783697218140886E-006
   1.6681070072838132E-005
   6.3158446517343386E-006
  -4.5421852872720178E-006
  -1.6196235620870483E-005
  -1.2180760861312626E-005
   2.1076432542340222E-005
  -1.9377104807512523E-005
  -1.6706117684536008E-005
   1.7692607204769229E-005
  -7.7291400973234026E-006
  -6.5360943808673468E-006
   1.3374922644618448E-005
   1.7774527742778643E-005
   2.1438452341876026E-005
  -1.4973285766586589E-005
  -2.3958172686809264E-006
   2.1262243103317452E-005
   2.1704070569225469E-005
   3.7770832279269226E-006
  -7.2906819343649249E-006
   1.5935259536642122E-005
   2.6791578229432951E-006
   6.0492217744380397E-006
   2.2903923532292010E-005
   3.5625257326650724E-006
   1.7979835774588705E-005
  -1.7026787128959742E-005
  -1.1403683105633165E-005
   1.9590097784942653E-005
  -2.4198316088841927E-006
   1.7658247228880027E-005
  -1.4425002821486127E-006
  -1.1124637775111727E-006
   6.5611799760455053E-006
  -1.8522458194624179E-005
  -4.7848727791806240E-006
  -4.0096618541623006E-006
   5.5402504390514441E-006
   2.2411159853138101E-005
  -1.1464881058566911E-006
  -1.9709534081579340E-005
   1.8027285690716742E-005
  -8.3103868383809692E-006
   1.0386480955667523E-005
   1.8673728370676201E-005
  -1.9743791913018194E-005
  -1.0664989086796103E-005
  -2.2650159397295759E-005
  -2.3482244982058402E-005
  -9.8903073646985074E-006
   4.7875903739547512E-006
  -7.4163999279675353E-006
   2.5403112465297839E-006
   1.3675630916243144E-005
  -9.4849953740078954E-006
   1.1804314685013772E-005
  -1.6941114041277512E-005
   2.1442291048237234E-005
  -7.3218169712643435E-006
   2.2432251509002947E-005
  -1.5617328827561117E-005
  -1.8117734922710763E-006
  -1.1019229634718356E-005
  -1.0321089232028955E-005
  -2.2604959002582863E-005
   4.5451019994684194E-006
   2.0346026880815436E-005
  -6.3857165054442194E-006
   2.1529836811872342E-005
   1.2708389572779078E-005
  -1.5378583991466290E-005
   4.1990113417293956E-006
   8.3244278170261613E-006
   2.3877843406564181E-005
  -1.4938448461406899E-005
  -3.5709381628271342E-006
  -1.0397246318450441E-005
  -3.4021087210189119E-006
   6.4876533319131226E-006
   1.5078362575302078E-005
   2.1757196202955495E-006
  -1.4395808834021187E-005
  -2.3628731577422443E-005
  -1.8953576486821678E-005
  -2.3083996986108998E-005
   1.6703186389592287E-005
  -2.4206979132674728E-005
  -1.5289919235946133E-005
   2.6040154391517957E-007
   9.1706909854208779E-006
   2.3705782327749021E-005
   1.4903783451686106E-005
   2.1850324135750341E-005
  -3.0189192417109696E-006
   7.0261476755511980E-006
  -1.2320339286815196E-005
   2.4197985881564593E-005
   2.2972133689320898E-005
  -1.9395770556540626E-005
  -2.0431020880966074E-006
  -3.5624622832770673E-007
  -1.4543967288761566E-005
  -1.4480815731626065E-005
  -1.3531628269353898E-005
  -7.6054717586862387E-006
  -7.4246051365650837E-006
   8.4375017380918991E-006
  -8.0017313199651417E-007
  -6.8788350553656225E-006
  -9.4358825245148879E-006
   1.2128816050945215E-005
  -7.0221099125272556E-006
  -6.4611519753476698E-006
  -2.3614977207849563E-005
  -9.8670272549920176E-006
  -4.6996334629782548E-006
   1.0591675540545223E-005
  -3.2241379910688193E-006
   1.0728929246587465E-005
  -9.5686982145579669E-006
  -2.3687408388941996E-005
  -1.6405465548656012E-005
  -1.5944854704732755E-005
   2.2620557518596051E-005
   1.5905280891297419E-005
  -1.2095600359138381E-005
  -2.4170239064387936E-005
   3.3409061038812614E-006
   1.2491361065986811E-005
  -5.9704418227764327E-006
  -1.7676753670633174E-005
   2.0908881773842555E-005
  -5.7968167420629321E-006
  -1.9114422676041386E-007
  -1.2775913074676364E-005
   5.2543420246831096E-008
   6.9700422473013377E-006
   2.4623571627727335E-005
   2.1651234435692027E-005
  -2.1778234027114416E-005
  -2.0224308119839083E-005
  -2.2153897422340131E-005
   4.2018615627049767E-006
   9.4675269109112609E-006
   1.6560682942091504E-005
   1.3630786654174452E-005
   6.9379048738121109E-006
   1.8728146563102682E-005
   7.0316044958750431E-006
   1.6608012085865235E-005
   1.9962501936171246E-005
   4.2594010355152034E-006
   1.1954229401817969E-005
  -2.0626816134223131E-006
   2.3525848280544999E-005
   2.1205818921941836E-005
  -4.7178150269943286E-006
  -5.2449851090591947E-006
  -2.0058273661987159E-006
   1.1169565862723928E-005
  -1.2043636673986731E-005
  -3.2652071368466075E-006
  -8.5055233823091370E-006
  -5.2309460422619338E-009
   1.1386753773064590E-005
  -1.3213332898112139E-005
   1.3951923451320448E-005
   4.4617531371886418E-006
   2.4375589398531984E-005
   6.9018870803242862E-006
  -1.0489628425116345E-005
   2.4301569238845774E-005
  -2.2017509519551675E-005
  -2.4041464048758084E-005
   1.7827769221768192E-005
   1.2558513091767589E-005
   1.5582045972342887E-005
   1.7441494788171790E-005
   1.3628297043982795E-005
  -8.4527489610393951E-006
   1.2069869942408845E-005
   9.6355635618559056E-006
   6.3098351000823536E-006
  -1.1704609451739186E-005
  -1.3813761933950772E-005
  -1.1709962423245727E-005
   2.1249378549935589E-005
   1.7172727610551021E-005
  -2.3346832041920734E-005
   2.0009694347135230E-005
  -2.2019165083579785E-005
   6.6619263172487331E-006
   8.2645597026421545E-006
   7.0154673591739161E-006
  -2.3389912436511467E-005
   1.4942138959464846E-005
   2.2775057381174612E-005
   8.8310197884714501E-006
   1.0608439053001742E-005
  -3.3597033830093295E-006
  -1.3218426738375017E-005
  -2.1973494828788077E-005
   1.8782975317147870E-005
  -2.1271620230057397E-005
   1.9681394782070055E-005
  -4.7936482525432906E-006
  -7.0020394911040229E-007
   1.5668836044976901E-005
   5.0804246915407776E-006
   2.2718046308493439E-005
   2.1786604844648909E-005
  -2.6832374792760452E-006
   2.9017104321879489E-007
   1.0916521983962662E-005
  -1.8872184323885363E-005
   1.5477517471325651E-005
   2.3455043252345104E-005
  -2.1200185959326930E-005
  -1.2853384609741550E-005
   1.8499375675861899E-005
   9.4920122143557305E-006
   5.4761382467062374E-006
   1.1167508070845756E-005
   1.1116846845239698E-005
  -1.7021150382760310E-005
   1.6301468053644672E-005
   1.4604539589157933E-005
  -4.7685546322303126E-006
   1.4762494141169265E-005
   2.4544528773349884E-006
  -5.8123555725863501E-007
  -6.5829457908074693E-006
   1.5641432121804469E-005
  -8.5474558110179717E-007
   6.3698596602860676E-007
   1.6108431030314504E-006
   1.1727004966346031E-006
   1.0214320312117044E-005
   7.5971108691755434E-006
  -2.3732283032299389E-005
  -3.7637599870815550E-006
  -1.2499645927028246E-005
   2.0602137657631320E-005
  -9.1794309549616712E-006
  -2.6074499389295275E-006
  -1.6182559948681473E-005
   1.3056706453879770E-005
   6.6705342226433391E-006
  -9.9844017484234259E-007
  -1.5423511873195622E-005
  -6.5491099923839748E-006
  -1.2995844774854924E-005
  -1.0611636637914732E-006
  -1.7673327353593222E-005
   1.2604642181362417E-005
  -9.7655511524602497E-006
   1.2495948062309030E-006
  -3.9959297023676399E-006
  -1.7494252332981901E-005
  -1.4525302217870916E-005
   1.2997644183703839E-005
   1.8159180729499091E-006
   9.0994193660103175E-006
  -2.0038696551578637E-005
   6.3241472805303821E-006
  -2.4564606885062495E-005
  -3.4054696684324585E-006
  -3.3207959110905018E-006
   7.6532071000941720E-006
  -1.2752709991577390E-005
   1.5556769691582444E-005
  -1.1196236761147797E-005
  -1.4659388262315092E-005
  -1.5285587287919020E-007
  -2.4321091902359312E-005
  -1.0912105014609144E-005
   1.4629867619369380E-005
   1.2373468067694074E-005
  -2.2939940442144268E-006
  -2.1757339880046117E-005
   2.3978061365046108E-005
   1.4592415567889191E-005
  -6.4034565130229680E-006
   1.8060421105428424E-005
   2.2888317543957639E-005
   2.3015526209600361E-005
  -2.2317073117739612E-005
  -1.6000036586032214E-005
  -2.1536082456712358E-005
   1.0033879200866960E-005
   4.2112975436803630E-006
   9.1011436732297919E-006
  -1.6108875818149389E-006
  -3.8648579712550325E-006
  -5.4213802482886492E-006
   1.3347033218259571E-006
   2.7624020151863905E-007
   1.3139643550336704E-005
  -1.9060801198724841E-005
  -2.3662787985607877E-005
  -1.9352286279423907E-005
  -1.7671476254047291E-005
  -2.1522029229830488E-006
   1.4304147332664880E-005
   1.5505888165414503E-005
  -6.5289549895091258E-006
   1.4971291265582362E-006
   1.9578714341208508E-005
   1.2326377882570072E-005
   2.4329666346669439E-005
  -1.7211138550691125E-007
   1.4474225886093418E-009
  -1.7476219593667669E-005
  -5.5024724334687731E-006
   1.3565150078551547E-005
   7.9137235494436656E-006
  -2.3883566288645775E-005
   7.5987933590031291E-006
   2.8943072768455241E-006
   5.5745879028196021E-006
   2.4613455103718897E-005
   1.5641085408196555E-005
  -6.6055754412239808E-007
   1.6338615964569025E-005
  -2.3826613647679906E-005
   1.5564811814083444E-005
   1.8567955085402228E-005
   1.5393096991549185E-005
  -2.4544504253277677E-005
  -5.4545970137703183E-006
  -7.2388869080094918E-007
   8.3711207177891347E-006
   9.7655894356444130E-007
   1.7382637779714478E-005
  -9.1462493096540812E-006
   1.4272729371812753E-005
  -1.4404855675479834E-005
  -8.4001049128490051E-006
  -1.5370731034297011E-006
   2.9896115252394494E-006
  -1.4150575643857908E-005
  -1.7821386448470072E-006
  -1.0261183759758168E-005
   1.2823153436466256E-005
   5.7001760760475481E-007
   8.9285404278130842E-006
  -4.0381099951117553E-006
   2.1649529535125451E-005
   7.5426196529453762E-006
   1.4383273665201083E-006
   2.3404609696286698E-005
   1.4428534577672376E-005
   1.3300151764075299E-005
   9.1145759536400082E-006
  -2.1743388232011557E-005
   1.1127730602000593E-006
  -1.6178134211135627E-005
  -1.6235816964177667E-005
   2.3090937554581409E-005
  -2.0405083520181441E-005
   1.0713247262982769E-005
   1.4799347229179507E-005
   1.5365717068235715E-005
   1.3100642837552613E-005
   2.1247164268250937E-005
  -4.7312585645701314E-007
  -2.1954063477804990E-005
   9.6442468860873689E-006
   1.7999309582526472E-005
  -8.2367629388421080E-006
  -2.4168798862283171E-006
   8.4608439911320825E-006
  -1.6424383543694665E-005
  -1.7003256174168172E-006
  -5.4692996012107444E-006
  -1.3137367235064674E-005
  -1.2930691493890753E-005
   2.6560618915603261E-006
  -8.7795516053139395E-006
   1.2180071767816777E-005
   2.0587588151947950E-006
  -1.8260925727364033E-005
  -1.5507101113772353E-005
   5.6603443447101183E-006
   1.1217203230998931E-005
  -1.3683030007178553E-005
   2.7517915144978961E-006
  -1.6413955752663820E-005
  -1.3150809725353219E-005
   2.3724622561701754E-005
   2.4153865804659420E-005
  -4.3268146496183222E-007
   7.2997775956898830E-006
   2.1626987787621473E-005
   1.9142698540154191E-005
  -9.9603987595645337E-006
  -5.8367324130760992E-006
   6.2580269628380623E-006
  -1.2771189614774737E-005
   1.7280844309642631E-005
  -1.1215055979959533E-006
  -1.9923448877799601E-005
   7.2156715474282019E-006
  -2.1673409763430365E-005
  -9.8183239399171167E-006
  -4.7319473496047155E-006
  -1.8065913375919985E-007
   2.3878374307113845E-005
   1.2552218528783786E-005
  -2.0054562732045232E-005
  -5.2487566915563602E-006
  -1.1452649626095958E-005
  -5.2558777350821412E-006
   1.6795207637754864E-005
  -1.8825758620667441E-005
   9.1023666730475821E-006
   2.4630261894266903E-005
  -1.9111580788465129E-005
  -9.5934791664969718E-006
   1.5046551972703208E-005
  -2.2247030596753540E-005
   2.1068895018167743E-005
   1.2052858397998676E-005
  -2.4480990159340478E-005
  -2.4012520536002329E-005
   1.9996331576704258E-005
  -7.3115458490497191E-006
   2.2875748938835455E-005
  -2.6824171298200712E-006
   2.1248035531191583E-005
  -2.1298492284839983E-005
  -1.6275385494158055E-005
   1.2375706139102843E-005
   1.2080866192048193E-006
  -1.0309261733407780E-005
   1.3861493331623436E-005
   1.1955393276217464E-005
   2.3131707756135645E-006
  -1.6621732269516131E-005
  -1.7018203230993963E-005
  -7.1499478136822576E-006
  -3.1210277496487969E-007
   2.0035302776726485E-005
  -1.9211541373927566E-005
   2.3805694722467620E-005
   1.7334063907245947E-005
   4.3978213321498896E-006
  -1.3130091160611852E-005
  -1.8032841162610983E-005
  -1.3246117528485920E-006
   2.1146421724436369E-005
   1.1183355110800721E-005
  -1.5548278924621597E-005
  -2.2563706247916097E-005
   1.0867601123945674E-005
  -9.1675981188896305E-006
   2.3315685187310965E-005
   1.9796552607353565E-005
   2.4033590184135356E-005
  -1.9300223626437221E-005
  -7.6805562961863105E-006
  -1.6975835401857292E-005
   4.8624037436187770E-006
   6.3290391468902717E-006
  -1.6979084343233194E-005
  -1.2887557920705861E-005
  -1.7834903913782768E-005
   1.2224274214051980E-005
   2.4326257560885543E-005
  -2.2071773283039827E-005
  -1.3803758739104849E-005
   1.3801331740100676E-005
  -1.9450720633519446E-005
  -8.8188388987981986E-006
  -2.1547969463290613E-005
  -2.2774606068718658E-005
   1.2280094502319723E-005
  -3.0544501176044812E-006
   1.7383654584582538E-005
  -1.5070045303596776E-005
   1.3351284240258312E-005
  -1.4541677088654673E-005
   7.4205609352783825E-006
   1.1028212516726462E-006
  -1.0749764909776791E-005
  -1.6953874904812672E-005
   1.1990250948421594E-005
   1.7230044449044867E-005
   6.7404638768583518E-006
   1.2414964822939489E-005
   2.1410195620101569E-005
  -1.4363687603961502E-005
   1.4397876426582625E-005
   1.2457972393093001E-006
  -1.9487771231432377E-005
  -2.0801131213248630E-005
  -1.3352848977043035E-005
   2.1584808147395570E-005
  -2.2400863652346090E-005
  -2.3369826945087157E-005
  -1.0454667427333111E-005
   5.2545403078801545E-006
  -5.1596621554476696E-006
  -2.1906173616251692E-005
  -7.6673870143819638E-006
   2.2957967542229523E-005
   5.9429863635975668E-006
   1.2780927143374184E-005
   9.8577016166874922E-006
  -4.3770093005106677E-006
  -1.1477718104627651E-006
  -1.3746293176030890E-005
   4.3296990565952173E-007
  -6.1198544512021085E-006
   2.3481446652143972E-005
  -2.0633927024512296E-005
   2.1211149336948607E-005
   1.1144366894216228E-005
  -2.3976605374809921E-005
  -1.5981263715859319E-005
  -1.3432695763783729E-005
   1.4305673792164838E-005
  -6.1226619592901440E-006
   2.1878831725038633E-005
   2.4570351080284751E-005
  -1.0699740686973745E-005
   1.3718407696754704E-005
   1.0971816912596090E-005
  -1.6831316316839775E-005
  -1.0276825345028528E-005
  -8.2321570521671664E-006
  -6.1406169975921165E-006
  -2.0946106688876540E-005
   2.1360509729157116E-005
  -1.1727582972840635E-005
  -1.1512135887346832E-005
  -1.2736513414064119E-006
  -1.5804226145431594E-005
  -2.1322259883584829E-006
  -1.6566912560359483E-005
   8.1314104264983875E-006
  -1.3036299528392806E-005
  -9.6578399091456167E-007
   1.3395282319159957E-005
  -2.4339247347570064E-005
   1.4224715250770971E-005
  -3.7395108082395246E-006
   2.1208221183423164E-005
   5.7908100295380755E-006
   1.8035958441835313E-005
  -1.0095300505191468E-005
  -5.1356343154759085E-006
  -7.8375914568427153E-006
   2.4245508312305021E-005
   1.9976049582950010E-005
   3.7076245210143345E-006
  -1.1960214790768356E-005
  -1.5416431504240193E-005
   2.0317885658110952E-005
  -1.6849218891512325E-005
   7.8900958271841774E-006
  -1.1283659102964628E-005
   1.5728753205018063E-005
   1.5605027582814055E-005
   2.3448880356673428E-005
  -7.6019817229239806E-006
  -6.8707226123483470E-006
  -1.6241853908342499E-005
  -2.2494971668316766E-005
  -1.3090793405883905E-005
   2.9253211936626753E-007
   8.5827638408354992E-006
   6.0097920090359732E-006
   2.0004193654584231E-005
   9.6571238269214516E-006
   2.2306345472148918E-005
   1.6149919973617374E-005
   2.3122836007353334E-005
   1.7219290612371582E-005
  -5.9044512786605218E-006
   1.4563867395305541E-005
  -1.8759299941914426E-005
  -1.6269580094679289E-005
   1.4105066234369522E-005
  -2.1957357925016130E-005
  -2.0823715449175490E-005
   2.2264950901558646E-006
   2.1055683219473883E-005
  -6.1333275977852138E-007
   8.9561461561562003E-006
   2.2701465426372252E-005
   6.4619944617349606E-006
   4.5736447187401089E-006
  -2.0408247449398427E-005
   1.4371506476561234E-005
  -5.1583135142396052E-006
   6.9436094751381346E-006
   1.7616442782191346E-005
  -1.9135724463329112E-005
  -4.5434717407474517E-006
  -1.7318352043426887E-005
  -1.7972992644387020E-005
  -1.9382662307806602E-005
  -8.5773291150467976E-006
   3.8184678132186412E-006
  -1.3306831723712835E-005
   1.7221884663817960E-005
   1.2293582821975032E-005
  -1.4912888683183771E-005
  -6.6393683839779450E-006
   2.2244170723753208E-005
   2.1754391453399388E-005
  -1.3150810955543890E-005
   2.0121463782364061E-006
  -5.3284803028287648E-006
  -1.1321079681820755E-005
   1.5835613727778515E-005
   2.3118120074919884E-005
   6.0049061153039833E-006
   9.5773692259545270E-006
   4.1353290944203044E-006
   2.1789457741353947E-005
  -2.6904392108762181E-006
  -1.2881881886763930E-005
   4.1129712767445037E-006
  -1.3179659614298549E-005
   1.3230013363651987E-005
  -1.7280416653121344E-005
   2.4592896021293848E-005
   2.2559286205936567E-005
   2.3597721177001982E-005
   1.6894477338625008E-005
  -5.7886392612824405E-007
   1.8297416558208501E-005
   1.5038406683602048E-005
  -5.3650754999171942E-006
   3.3729393909899158E-006
   1.3959682811046470E-005
   1.6432119207565563E-005
  -7.4112884745257491E-006
  -7.2940794284865176E-006
   2.0964316981011149E-005
  -6.3641454193339117E-006
   2.4124716279170116E-005
   2.0804712189039753E-005
   2.1388140508947179E-005
  -1.8029856016338240E-005
  -7.3740061666306357E-007
  -2.2890014424650100E-005
   2.1665747494535843E-005
   1.0740186165284249E-005
   1.3465346532285088E-005
  -2.6417751795790632E-006
   1.7777997593323838E-005
  -1.7994770665322531E-005
  -7.6185464853216946E-006
  -2.1134606580358023E-005
  -1.8819729187771282E-005
  -1.5646005458569763E-005
  -2.2796121832187537E-005
  -9.2984582127933273E-006
   1.4142084488883193E-005
   1.7781138678536636E-005
  -1.4105199656211646E-005
   5.3598626292716890E-007
  -2.3015362534319641E-005
  -2.4355356200991302E-006
  -1.8344311420729095E-005
  -1.4640802775654593E-005
   1.4982439350227091E-005
   3.8357339417826811E-006
   2.0204163195592797E-005
  -1.7040224254058583E-005
   1.9983724454622134E-005
  -1.6848977220253057E-005
  -1.4618794236521977E-005
  -1.1753481486045989E-005
   2.4438138424637094E-005
  -2.1093739432793329E-005
   4.5527161548121381E-006
  -1.3792238880237862E-005
   1.7459937352713728E-005
   9.0383119821697843E-006
   6.3956865162562582E-007
  -7.1304979429179856E-006
   1.5587776779372705E-005
  -1.3373285243278984E-005
   9.6936016094124429E-009
  -1.6954704067827230E-005
  -9.0588993197887863E-006
  -4.0925781816981609E-006
   1.1180965318154787E-005
   8.3252313116068797E-006
  -2.0394890023350330E-005
  -1.2656503314525615E-005
   2.2254436921779753E-005
   1.9354963645948832E-005
   1.6518518828303911E-005
  -1.5731169964615165E-005
   5.7187094445963950E-006
   2.3966082240416592E-005
   1.7603723051809595E-005
  -3.0300406892969684E-006
   1.6400450274055047E-005
   1.3831501379499423E-005
  -9.2658477342763386E-006
   1.1255876322828384E-005
  -1.0075016965946202E-005
  -2.2750003664805310E-005
  -2.1985583209885778E-005
  -2.3333101313436253E-005
  -7.9389664504464979E-007
  -7.4024249039355063E-006
  -1.2879582227991678E-005
  -6.1699051277342493E-006
  -1.4365259576627988E-005
   1.2197975524037159E-005
  -2.0069601126512622E-005
  -1.9776142533512484E-005
   2.0355931186748099E-005
   1.3118784624138262E-005
  -1.6807849761106540E-005
   8.8046267903816488E-006
  -1.6930103480195671E-006
  -2.4740010729835979E-005
  -1.7137662410151533E-005
   9.2823443427082290E-006
  -2.1863979593152181E-005
   5.9992333118214131E-007
  -5.3418481269566108E-006
  -2.3904499011820757E-005
  -9.1499963127787873E-006
   8.5018208742280448E-006
   1.2607011502093592E-006
  -1.8360570386508391E-005
   1.9735368225568892E-005
  -4.5613065729497869E-006
   2.4742452887878788E-005
  -1.6829827026497332E-005
   1.7833743793594217E-005
   8.0100239803279277E-006
   1.8365687479296684E-006
  -1.5425763929801035E-005
   8.2496503373357788E-006
  -1.0678165154205377E-006
  -9.3162509867086438E-007
  -1.9698755008926181E-005
   1.7165346162547068E-005
   1.6597549548207278E-005
  -2.0132758520524562E-005
   1.7566783471898586E-006
  -7.9378955673125750E-006
   8.0089494912523037E-006
   2.0782947101536507E-006
  -1.5414976598955976E-005
  -2.0872591261672112E-006
   7.3831585358076306E-006
   1.9510592777414639E-005
   1.7615190102944179E-005
   2.3466403065574425E-005
  -9.3491794834175623E-006
  -7.0527269705588609E-006
  -2.2381720516432394E-005
  -1.6546067819928818E-005
   6.7833218859043199E-006
  -1.3410404061091933E-005
   1.1359405008967936E-005
  -7.3114922790441695E-008
  -2.6794833590916637E-007
   1.8393344292493337E-005
  -1.5464868824852716E-005
   1.0468944265975353E-005
   1.6424753206190847E-006
   1.0220586331721103E-005
  -2.0595815784245371E-005
   5.7881246443859579E-006
  -1.7356676497261236E-005
   1.8847183418051408E-005
  -2.2310018556117399E-005
  -1.3456592112466205E-005
  -4.8601558268237227E-006
   1.8858937745758379E-005
   2.3571884070871965E-005
   1.5530308060761144E-005
   1.2098619958248903E-005
   3.0694377977271172E-006
   2.2218305198422425E-005
   1.9539430861145648E-005
  -1.5506155377960610E-005
  -1.9823931470194613E-005
   1.0153939782633445E-005
   9.9255167102161577E-006
   2.2382767877171625E-005
  -7.9404103528186367E-006
   9.6754278105734146E-006
  -1.9119816044074428E-005
   2.2763985897936744E-005
  -1.8324893651322924E-005
  -1.4424756776874388E-005
   1.1652487953056742E-005
   5.2810288290591163E-007
  -1.6946675300822257E-006
  -2.5973991169542839E-006
  -6.9689361432884755E-006
  -3.9137205791633415E-006
   2.0697574201530296E-005
   5.0474454763967786E-006
   9.2442047343558588E-006
  -2.3110933422919613E-005
  -2.2872918115886364E-006
   1.6203166597541769E-005
  -1.9944263496669170E-005
   7.5926762748850184E-006
  -2.4676680968736188E-006
  -2.0034385867972771E-006
  -4.2362073396674084E-006
   8.9234428092329706E-007
  -1.4077219761116722E-005
   2.3512441574511207E-005
   4.8214305549734067E-006
  -1.4887030433669791E-006
   1.1413285219946896E-005
  -1.5170577686722772E-005
  -3.4610548347149441E-006
  -5.4372401502129877E-006
  -9.1577982860390166E-006
  -6.6453553702713771E-006
  -1.0137162651710004E-005
  -1.6170769090744940E-005
   1.1058880384360375E-005
   1.8443757937386250E-005
   2.3141020089264085E-005
   1.5138546269759808E-006
   2.1952575060049281E-005
   1.4332954538702789E-005
   3.7080619679966506E-006
   2.4934646199827353E-006
   1.3136730171763657E-006
  -1.4507788884294051E-005
   4.9750426828679371E-006
  -1.3318432475044770E-005
  -8.8759205644479335E-006
   2.0207467941737715E-005
  -2.2244127583727993E-006
  -1.5535901476683979E-006
   1.1950668619561400E-005
   2.0342227629387717E-005
  -1.8157815968699779E-005
   1.5480326026744391E-006
   1.3836033069292675E-005
  -2.4880665586216328E-006
   8.3481287910100108E-006
   1.7704595766763764E-005
  -9.9160348162063411E-006
  -1.1532303992465009E-005
   2.0048049503819621E-005
  -7.3592476304255756E-006
   2.0808297779441731E-005
  -1.1981929835053979E-005
   2.6629017700335050E-006
   3.7386226511607886E-006
  -1.8908174646809536E-005
  -8.2090924765482634E-006
  -1.6518953335400040E-005
   8.2027621338800217E-006
  -2.1467518727970008E-005
  -1.8160520896634676E-005
   6.4843913201590550E-006
  -1.4607897461227607E-005
  -1.5749042762309825E-005
   3.4371206264471840E-006
  -2.2955632925133649E-005
   2.3081348709767802E-005
   2.1387850977370713E-005
  -1.0483612402132600E-005
   9.8887463455545954E-006
  -1.3634465261536016E-005
   2.1764203879402331E-005
  -6.0394488205958231E-006
   1.1561363784013152E-005
   1.3076568245206120E-005
   8.3065837525446970E-006
   2.3665902312487881E-005
  -1.2872406521398075E-005
  -3.9505093417306824E-006
   1.8357003930529778E-005
  -1.1248612847282734E-005
   1.7262825541330715E-005
  -4.5583965619617661E-006
  -4.8194113449793755E-006
  -1.7799400056465267E-005
   4.6765770153421602E-006
  -1.7936383424066462E-005
  -1.3434588799227027E-005
  -1.7758769853353282E-005
   1.4898835193215672E-005
   8.4151623051439794E-007
   3.6249932746428188E-006
   1.3030028835136834E-005
   2.2731232380163245E-005
  -1.2805196687809020E-005
  -1.1727504909210023E-005
  -7.9662378021930962E-006
   5.4652048263318355E-006
  -6.7495080260734230E-006
   3.6761282204586304E-006
   1.8657312544082897E-005
  -1.2816634678198220E-005
  -1.1208122921230884E-005
   1.7852434858278816E-005
   2.3044308606990282E-005
  -2.0458967407380199E-005
  -3.8589387870234584E-006
   1.1654930522393788E-010
  -1.8129171259594836E-005
  -6.2788112045216778E-006
  -5.9828703167453299E-006
   8.7776972196242955E-006
   4.4417095545517936E-006
  -1.6997434205603686E-006
  -1.4078884551859595E-005
   6.0142670230489302E-006
  -5.3999935805117138E-006
   2.3263316807738115E-005
  -2.3996291465700959E-005
   1.9614808115029658E-006
   1.6255376319768942E-005
  -8.5845879770701333E-006
  -1.1285813468647253E-006
   2.3633786438667761E-005
   3.0781673529233114E-006
   2.4320074158596443E-005
  -7.0400945768347759E-006
   7.7323712817456551E-007
  -1.7959174319444382E-006
   1.4893681849617266E-005
   2.1622834984897346E-005
  -1.0682140048213893E-005
  -1.2334926864015994E-005
   2.1102476731564480E-006
   1.2632877154058862E-005
   1.5862184969047852E-005
  -5.7340950334857081E-006
   3.7664905741392469E-006
   1.5830816061844289E-005
  -2.1669279282601276E-005
  -1.0239553192161449E-005
   2.0008473076512174E-005
  -1.9631871215497198E-005
  -2.2459781325626210E-005
  -1.4770316331001860E-005
   1.7421785044235468E-005
   1.0369304624047523E-005
   8.9059114262162681E-006
   8.1416496231333850E-006
   1.4160180230955131E-005
   1.8174531642365310E-005
   2.2638236949348179E-005
   1.3803601713535663E-005
   5.5122159642151000E-006
  -2.1555333366497435E-006
   1.0262313193721701E-005
  -1.2603107078195109E-005
   1.3242002572543701E-005
  -2.2851432743402773E-005
  -1.2418959422895908E-006
   1.8605542466632760E-005
   1.8100836290038582E-005
  -4.9910637778112743E-006
  -1.0490829635575701E-005
  -3.8139867037234792E-006
  -1.1472079287408627E-005
  -2.2739598569258216E-005
  -5.8116203793503414E-007
   5.7248633304475491E-006
   2.2810583103958984E-005
   9.6909577312777617E-006
  -1.0175893601900451E-005
   1.0809434007428696E-005
  -9.3681222435452229E-006
   4.4519535763178814E-006
   1.1342383376074662E-005
   1.8670015265614218E-005
  -1.6631699061693644E-005
  -1.8624169697126109E-005
   2.3918731447985887E-005
   2.3223151961948387E-005
  -3.2248627862577489E-006
   1.9952918684527392E-005
   1.6818174498107618E-005
   1.0800874782276303E-005
  -8.7002860689329850E-006
  -1.0976877343424406E-005
   4.7479799667980622E-006
  -3.7678453635818317E-006
   5.2739149541328633E-006
   4.0903871630216815E-006
   1.2852442125180000E-005
  -2.1894869531423624E-005
   3.6776319152021897E-006
   7.2060796080589502E-006
   9.5825896652000341E-006
   1.6002055256703578E-005
   1.6004604613701591E-005
   1.0648641967319106E-005
  -4.7771852982951745E-006
   2.2528794657154660E-005
   6.5588573763116196E-006
  -1.9452206173097271E-005
  -2.4630231779201752E-006
   1.8737670068979414E-006
   3.8651392648043651E-006
  -1.7514756430777016E-005
  -2.0183362911669808E-005
  -2.3373545602121833E-005
   1.9854353365429423E-005
   7.1381586963528788E-006
  -1.7401572967328901E-005
   1.8456977019967047E-005
  -1.1011220196488710E-005
   2.0314472915222786E-008
  -9.3709298573093084E-007
   1.4356038589516115E-006
  -1.9375868439044601E-005
   2.1022452493927713E-005
  -1.0415849555888165E-005
  -5.3110405251822188E-006
   2.6639660362637956E-006
   7.7428624436788252E-006
  -1.2485618231369562E-005
   1.7031677453972701E-005
   1.2547061655735027E-005
  -2.0255920211974412E-005
  -2.5470632324685559E-006
   9.6905347974519324E-006
   8.3470268134556098E-007
  -7.4705963871629376E-006
  -1.5747323697678855E-006
   1.2473218869617429E-005
   3.0747421560539314E-006
  -3.2281217190424848E-006
   1.4692951611335463E-007
  -1.5040462961942423E-005
   1.3554796248488701E-005
   5.2517451584746135E-006
   1.9075085971952674E-005
  -2.8355697887012166E-007
   3.1701928652464358E-006
   2.3789766494771119E-005
   2.1129725331160242E-006
   5.7857347695364780E-007
   2.0862457928837080E-005
   1.9879924052126714E-005
  -2.2328199303144891E-005
  -1.7832984242503905E-006
  -2.3397038075684122E-005
  -1.1613189473206483E-005
   1.4191199399314021E-007
  -1.7863504141950898E-005
   1.5682268415086063E-005
   3.3932729220293175E-006
  -2.3137485085734980E-005
  -2.4693434016461345E-006
   1.6778687770790271E-006
   8.4211167024501340E-006
  -6.2636152846660191E-007
  -3.7024204049436102E-006
   1.4813558285946180E-006
  -2.4443422097941461E-005
  -1.5287324622028783E-005
  -1.0252043752536990E-005
   8.8781503418600249E-006
  -5.4405898144489043E-006
  -1.3652096553127024E-005
   2.4313470355228791E-005
  -5.6612331230740130E-006
   1.1586287760603088E-005
  -1.9878174844490972E-005
  -1.9931086683934651E-005
   4.4670349597109749E-006
  -1.8390798572713316E-005
  -1.7981317450816722E-005
   1.9181063399920467E-005
   5.6706557885874257E-006
  -3.3977341293402223E-006
  -1.7776514001294381E-005
  -1.4998334843690423E-005
  -9.9808666717583998E-006
  -1.1733622387816846E-005
   6.9621113668944538E-007
   1.1189355137348424E-005
   1.0306503519038063E-005
   2.0854115409804916E-005
   1.1988547110083189E-006
   2.1756612708301961E-005
   4.7010580214254010E-006
  -4.3103616810388065E-006
  -3.9454393000749948E-006
   2.3099299972236404E-006
   5.1964913629466533E-006
  -2.4273687942792883E-006
   3.3276699273408299E-007
  -1.0419099236262262E-005
  -1.4877545735671682E-006
   1.0596507774059839E-005
   5.1994604800681427E-006
   7.8478339108262036E-006
   2.1195683725182926E-005
  -4.7879690394935930E-006
  -1.4820906134520552E-005
   1.0566313800548351E-005
   1.7988806497981172E-005
  -4.6137533264461560E-006
   2.1870441767905696E-005
   4.2472022719976880E-006
  -6.6310607522410188E-006
   1.1796720460358337E-005
   4.0092041498350764E-006
  -3.3035662100293269E-006
  -1.9985180004845969E-005
  -5.1598139531780720E-006
  -1.6276238942729214E-005
  -5.5931473280684068E-006
  -3.9420111476249464E-006
   5.4930821859160141E-007
  -4.7091956737935289E-006
  -3.6217890763755761E-007
   2.1708023326644682E-005
  -1.7982484789880733E-005
  -5.5346643319639091E-007
  -1.2937517944720860E-005
  -9.5726645557028096E-006
  -2.2346728131974967E-005
   5.5695212654950477E-006
   3.6960245749289959E-006
   6.7032413355997893E-006
   1.0816033372226223E-005
   1.1136103776516748E-006
   7.7611631823221410E-006
   2.2583034997425009E-005
   1.3434708111119771E-005
   8.0183115845886918E-006
  -1.1014092451348419E-005
  -1.3912064994873373E-005
   1.4087531034992242E-005
  -2.9869441944206693E-006
   1.2930074256609230E-005
  -1.8599618221282248E-005
   5.0711469610978637E-006
  -3.2165653354829299E-006
  -1.9235943254889836E-005
   8.3340510617364704E-006
  -2.3807334611174839E-005
  -1.4247607351282635E-005
  -2.3922720398535522E-005
  -9.8632404686976059E-006
   3.5140991660610453E-006
   4.5107714637493713E-006
  -2.7228670047050295E-006
  -7.9722841782506225E-006
   1.9793309775614421E-006
  -3.9660044043955577E-006
  -8.3282967855366039E-006
  -7.4509559583395103E-007
   2.3056338659882680E-005
  -4.1286297981966705E-006
  -1.2764930123835723E-005
  -1.5635069090356431E-005
   2.2128051062403369E-005
   9.2743752351598467E-006
   1.8849185519881952E-006
  -1.1832955768265561E-005
   6.8684141189661850E-006
   6.7326272951148813E-007
  -1.4632332001180013E-005
  -1.0647565222227993E-005
  -1.0197522179551276E-005
   7.5673672199266481E-007
   9.3792923486278512E-006
  -1.6750753938798573E-005
  -4.7797724036925950E-007
   9.0774150478906261E-006
  -9.9386735986802221E-006
   5.3549877415178250E-006
  -2.1990451681245924E-005
   1.2721825593323333E-005
   1.8893578611642089E-005
   2.2016969288587030E-005
  -2.3719505083086904E-005
  -2.4352825543245787E-005
  -3.5536977673491152E-006
  -3.5400874740497084E-006
  -1.9393885487334738E-005
   1.2652399110464807E-005
  -9.6068961799826396E-006
   4.2257221379467984E-006
   1.0070562110126132E-005
   3.5642955702964253E-006
   1.8019577474724172E-005
   5.4631750361282367E-006
   1.0071925642163498E-005
  -2.0605753879355230E-005
  -2.0041631015087560E-005
  -1.9968033265896012E-005
  -1.0967504089895340E-005
   7.3980759758795151E-006
   5.2617937246402212E-006
   1.7183966597230653E-005
  -1.4267325353428756E-005
   1.9488110464720108E-005
   6.5073103257674741E-006
  -8.0221447394228384E-006
  -1.2383870810121137E-005
   2.3015413955119097E-005
  -6.4985387651290451E-006
   1.0074735440309339E-006
   6.9395328647410717E-006
   2.3439892973274633E-005
  -1.8569175338314724E-005
  -6.2834587929083874E-006
   1.7941558302264215E-005
   1.7119437442996583E-005
  -1.2793777663289808E-006
  -1.3862241780179132E-005
   2.2296967672073921E-005
  -1.3606411215962824E-005
  -1.3431761539641047E-005
  -5.1173262153279119E-006
   2.3134487074568421E-005
  -2.0230849918078839E-005
   8.4089747275932100E-006
  -1.8791509176282532E-009
  -1.0413700260488696E-005
   1.3010600761085526E-005
  -4.4678147125746431E-006
   2.3247154308635009E-005
  -1.7705478396929128E-005
  -1.4278080949006629E-005
  -9.4556284224331452E-006
  -3.1690912118488713E-006
   8.8362578609346971E-006
   1.5685697225452953E-005
  -2.2782474166058613E-005
   1.5408404255087666E-005
  -3.2758110562086597E-006
  -3.5100262065178093E-006
  -3.9100258635300497E-006
   1.2424374515678903E-005
   1.7509540287813466E-005
  -2.1000741186913814E-005
   1.3644466211615818E-005
   1.3696493839476362E-005
   2.3607671886315227E-005
  -1.8773456377401810E-005
   2.0232208886925078E-006
   3.9886095512100157E-006
   2.4154962008455589E-005
   2.8387691174673724E-006
   3.3562132097661541E-006
  -2.8622849651883925E-006
  -1.3113949208956341E-005
   1.8533379840042927E-005
  -2.2753161018783295E-005
  -1.6630482122390430E-005
   1.0381598648073826E-005
   7.8321434274281718E-006
   1.0706221885334984E-005
   7.5175414150541394E-006
   6.7616576730405857E-007
   1.7553075880422794E-005
  -2.4141423248693595E-005
  -1.3495893356709096E-005
   1.5805004154720329E-005
   1.1044565267192611E-005
  -6.3407415973833461E-006
   2.3611932067857149E-005
  -1.2383336552678448E-005
  -6.9120819823465673E-006
   1.3900513187894721E-005
  -5.8100029500844087E-006
  -4.6905972581753685E-006
  -8.2717873092160220E-006
   7.0370264779019681E-006
  -2.4563538166300279E-005
  -7.7126360421010457E-006
  -1.8326874905379356E-005
  -9.3236023122853424E-006
  -8.4773368637827759E-006
  -1.7031959926242654E-005
  -6.1756698145343090E-008
  -7.7419558593806073E-006
  -1.9003261811932147E-005
   4.3689684419984589E-006
   7.1346719661051869E-006
   1.6982099223568165E-005
  -9.0462001634413988E-006
   1.7679640878058008E-005
  -7.3773091425065223E-006
  -1.2813393159729108E-005
   2.4520231358195875E-006
  -8.9999936414210282E-006
  -2.8345340554340854E-006
  -7.4899299575842649E-006
   5.6713779645609774E-007
  -2.3583368402251048E-005
   1.3173929046292160E-005
   1.4675439881145908E-005
   1.9268903342883812E-005
  -1.7389096563380944E-005
  -2.3507927475453715E-005
   2.5565520027638920E-006
   1.1930758486245434E-005
  -1.6845192308859541E-006
  -4.4258940757262724E-006
  -2.2427589348772479E-005
   9.9718780697686504E-006
  -1.6470413540861158E-005
  -2.7961804267287795E-007
   1.3802618214608238E-005
  -9.2675222754620146E-007
   1.8378246071636512E-006
   3.0132564748138016E-006
   1.4249300586710455E-005
   2.3085107933618650E-005
  -1.5143017674334593E-005
   3.9847141780635625E-007
  -1.1795065297287722E-005
  -1.8617795952038666E-005
  -1.8555836790793488E-005
  -1.4428118874013995E-005
   1.2023711186261935E-005
   1.2486471030612201E-005
  -1.8066472168339806E-005
   2.4074661825170334E-005
  -9.9494559790951022E-007
   2.3432616671398613E-005
   4.7610436573120521E-006
   6.7800046219687770E-006
  -5.5890791187822462E-006
  -1.4053198786300572E-005
   4.6856155370453294E-006
   5.2495828035662501E-006
   8.2062685508963651E-006
  -1.9806953250263099E-007
   2.2741852911235363E-005
   2.6953465229979601E-006
   1.6714225117226729E-005
   2.3916839346911977E-005
   1.1304202094474594E-005
   1.5290150399769130E-005
  -1.3342871138186644E-005
  -1.3470163205205292E-005
   4.7015669670699024E-006
   1.0085983098724175E-005
  -5.6208254034026180E-006
   1.2264418574693371E-006
   9.4763721931346772E-006
   2.3251782234881580E-005
  -2.0439268549121687E-005
  -1.0572152083298152E-005
  -3.3051607930230906E-006
  -6.1031301729876597E-006
  -1.6414837318781706E-005
  -3.9222874897143829E-006
   1.8240325082129125E-006
  -1.2961148360380278E-006
  -1.1721219431188365E-005
  -6.9886810812375402E-006
   3.5163170573529265E-006
   1.5249202937283850E-005
  -2.2569454644310535E-005
   1.2829702008634853E-005
  -1.2420373923271882E-005
   2.4146535682539900E-005
  -4.9764649707604114E-006
   1.6602280960705594E-007
  -2.2053737692082835E-005
   1.2876486470499990E-005
   1.8472592365341564E-005
   8.4114826228164581E-006
   1.3704139394395784E-005
  -9.6797445223382552E-007
  -1.5141921136513690E-005
   4.1845742092214903E-006
  -1.4769842522462605E-006
  -1.0126208304832783E-005
  -2.0165823373582596E-005
  -1.8883336052620683E-005
  -1.4085867413559965E-006
   2.4211451044134865E-005
  -4.7545371207601646E-006
   8.8787329611542344E-006
   7.2305071609208987E-006
   6.1325394621276177E-006
   1.6367497301932948E-005
   1.9172607446653073E-005
  -1.9796621996495729E-005
  -2.0737927407018685E-005
   2.0904278149262942E-005
   1.7581440745313405E-005
  -1.5678739905321793E-005
   1.7775444075874036E-005
   1.2737566879491313E-005
   1.8686348723211037E-006
  -8.4173385911358799E-006
   2.1153628719023026E-005
   2.0784903565590675E-005
  -1.5736178958589975E-005
   2.3091574908577243E-005
  -9.8505836036553978E-006
  -1.1256952036772951E-005
   2.1391053546463303E-005
  -3.2377518672795570E-006
  -2.4854668952645538E-006
  -6.1278891255471033E-006
   7.9046184311344573E-006
  -1.8045210739652428E-005
   1.3536368704028557E-005
   2.0618479149116664E-007
  -2.2558505328667853E-005
   5.5552896623086029E-006
  -2.1768609489967646E-005
  -1.2632898691581267E-006
   7.1087130511580642E-006
   2.9202168127436461E-007
   1.0887161889141628E-005
   8.7791108704206353E-007
   1.2731084129738988E-005
  -1.6994257373015485E-005
  -1.4155849627196613E-005
   1.8400941240058516E-006
  -2.4352896453383270E-005
  -1.9504405569491031E-005
  -2.6995851362730722E-006
  -1.9196060109769529E-005
   1.1263555508391621E-005
  -8.0377632661018395E-006
   2.0166201826881877E-005
  -2.2995788963450959E-005
   4.6780512422084608E-006
   2.3671704083656531E-005
   1.2198077187881809E-005
  -1.3771477081380565E-005
  -6.2335523069200755E-006
   8.8902601998596084E-006
  -4.6368492661225538E-006
   1.4437837729021038E-005
  -6.4489064996904735E-006
   2.2500479960948753E-005
   2.3341072428757049E-005
   3.1832450239646988E-006
   1.6202664100207133E-005
  -6.5861876030192731E-006
  -7.3217042767547415E-006
   6.0324015912827874E-006
   1.0150287176265904E-005
   3.9816865580340101E-006
  -1.3819346209057760E-006
   2.2797335501352030E-005
   1.8817897379887531E-005
   5.7435195590391249E-006
  -2.3712582327884321E-005
   2.4155920790622726E-005
  -1.2765438202959857E-005
  -1.7604737216878838E-005
   6.0778792912503696E-006
   1.5968331203279148E-006
   2.0584133829994529E-005
   6.4071047696555508E-006
   1.9374466349284599E-005
  -2.2274274031972041E-006
  -2.2974933436082475E-005
  -2.3150354747202371E-005
  -2.0938151479291738E-005
   1.8652904812779094E-005
  -1.7561031389086415E-005
  -1.0384434681156382E-006
   3.8336074672504830E-006
   2.3354140977023116E-005
  -1.8717620245884018E-005
  -5.7152397311889520E-006
   2.7264183390113553E-006
   2.0958053959389994E-005
  -8.1047308322668854E-006
  -2.1301091754849244E-007
  -7.0184416515591112E-006
  -1.0252431207926407E-005
   1.0955537108504685E-005
  -2.4022530490730697E-005
   1.0860557824773712E-006
  -1.5080203912729771E-005
  -1.5387019069350411E-005
   1.0953073316127024E-005
  -3.0274719167920910E-006
  -9.8070847988320436E-006
   1.5799522632159093E-005
   2.2744125749172256E-005
   3.3211002913638493E-007
   3.1368321648479265E-006
  -1.1133053750163234E-005
  -8.8596544957002809E-006
   1.0937389253856846E-005
   5.6705318670950386E-006
   2.1058185887561685E-005
  -1.6493071804771272E-005
  -4.6132343333109704E-006
   1.2941806524460378E-005
  -8.6932379759137464E-006
   7.1617520495640466E-006
  -1.2777106141474029E-005
  -2.3290760895617047E-005
   2.9602039246292907E-006
   2.3152733816713748E-005
   1.5965768049859285E-005
  -6.0891385565110374E-006
  -2.4095048256615455E-005
   1.1344110105782581E-005
  -6.1268454833964219E-006
   2.4415581565128512E-005
   8.1749728705338543E-007
   1.8051583678956659E-005
  -1.1868870226702287E-005
  -1.8413134276511400E-005
   2.1400897696627488E-005
  -6.4456839407503595E-007
   1.6456080047049955E-005
   1.4380242130938390E-005
  -2.2239373400067158E-005
   8.5074484500906895E-006
  -1.5212388304909337E-005
  -4.4012311890686697E-006
  -8.4921098570565802E-006
   2.4251684022236519E-005
  -8.6905470961149134E-006
  -9.6915679391802744E-006
   1.9462426062320056E-005
   3.3135201639336405E-006
   2.4653088878874810E-005
   7.3273798786995531E-006
  -1.6421354565686183E-005
  -2.0954476388103851E-005
   2.1816370242760237E-005
   7.0977878140186111E-006
  -1.5390374804225789E-005
  -1.3305972458297669E-005
   2.1263461027192455E-005
   2.4027600189622901E-005
  -6.7276480459438169E-006
  -4.9380847696428382E-006
   1.4221137961233141E-005
   3.0999617897018114E-006
   8.4543855195135353E-006
  -3.9389980934307371E-006
  -2.0075190557084716E-005
   2.0028530642701575E-005
   7.3395032413176848E-006
  -2.2723456315336065E-005
  -1.7681496142782923E-005
  -2.2212141190785487E-005
   1.1319613548672634E-006
  -2.7933064458811648E-007
  -2.1000308810832158E-006
  -4.4190650805294881E-006
  -9.0021985697781617E-006
  -1.7136377901403898E-005
   3.7795238631118789E-006
   5.9906782340141142E-007
  -5.3901706873910088E-006
  -7.0360671090837049E-006
  -1.3423721214853872E-006
  -2.1752075795963985E-005
  -6.3635500448728632E-006
  -5.3040562022333532E-006
   1.4830532453500004E-005
   5.6500739621950036E-006
   7.2094355608430360E-006
  -1.3613501340651603E-006
  -2.1208165176873516E-005
   2.1138541800087203E-005
  -1.6317775084437743E-005
  -1.2021776778288302E-005
   1.6084655321512604E-005
  -1.4743969271785162E-006
   1.6658379911323587E-005
   2.1224047246120023E-005
   2.2357503973228475E-005
   1.1643827108239346E-005
  -3.8426316494625844E-006
   1.4239526743206614E-005
  -6.8885791619835498E-006
   1.5774290684843118E-005
  -1.4444467603166958E-005
  -1.6683458106095300E-005
  -3.8073818677872554E-006
   9.4238381756153883E-007
   2.1467544040363547E-005
  -1.4104237364703738E-005
  -1.1947608035069013E-005
   1.3577050766312683E-005
   9.5370735264402077E-006
  -2.3906487033483721E-005
  -1.7537444717134186E-005
  -8.5409143398406110E-006
   6.8936147478500388E-006
  -1.3486893264089553E-006
   9.0662913522042060E-006
  -7.2367368521573653E-008
   1.0253206159491447E-005
  -7.0955182435507064E-006
  -4.6704543762931328E-006
  -1.9828413511739780E-005
  -1.8933632475022889E-005
  -2.6847934614124906E-006
  -1.2669938377428697E-005
  -7.1716090760151081E-006
  -1.9669053726345778E-005
  -1.5048897061393630E-005
  -6.7748267043234457E-006
   1.8381784923959328E-005
   1.6265614709274962E-005
  -3.4097252577434207E-006
   3.0847755067865408E-006
  -1.5874250769445771E-005
  -1.1793347442305502E-005
  -1.8214949885722673E-005
  -1.0389181141680231E-005
  -1.3052561103567938E-005
   5.1790837821831700E-006
  -4.7305587354494569E-006
   3.9372880611109691E-006
  -2.4468264384173737E-005
  -1.2306720786290192E-005
  -7.3916928688631544E-006
   1.6721660499813912E-005
  -1.5346238947580169E-005
   1.3121636837475658E-005
   1.5774778193021167E-005
   2.2908547470643912E-007
  -7.6621808548610322E-006
  -1.1388342889877734E-005
   9.7577385034092433E-006
   1.4876060953811147E-005
   1.8031826365754370E-005
  -1.0837212846433149E-005
  -1.9192297422171928E-005
   8.2000265286896482E-006
  -6.6227065509326895E-006
   1.2813950283596681E-005
  -1.3087642444765211E-005
   1.1766614337982019E-005
  -1.1738044596988942E-005
   9.3723808288022018E-006
   9.7077846777910113E-007
   1.8655744401559505E-005
  -2.3232837005224631E-005
   5.9947525590536563E-006
   2.2381155060724397E-005
   1.0136141105565649E-006
  -1.8120404697825144E-005
   1.2336530671547760E-005
   1.7743266217009391E-005
   1.2313291241492144E-005
  -1.6408133543122598E-005
  -2.8829910000550107E-006
   1.7220442588275600E-005
  -1.2156936248314184E-005
   1.6287359377807627E-007
   2.0260113036543259E-005
   3.4829700159882224E-006
   1.8472667410500691E-005
  -2.3527751076667320E-006
   2.2831334811008291E-006
  -8.9407433828000080E-006
   8.5341070426061225E-006
  -2.1383919802839761E-005
   1.2290831496768909E-005
  -2.2328895621287027E-005
   6.2154341696431517E-006
  -2.0497626047592169E-005
   1.1463944717377735E-005
   1.3608097753666797E-005
   1.9419825317412741E-005
   3.2625442988733351E-006
  -2.4043212284736891E-005
   2.0932068559568266E-005
   1.3026048743440755E-005
  -4.9832362426813600E-006
  -1.3188930795540167E-005
  -4.0971854208227845E-007
   1.7767608202177928E-006
   2.6765521705266350E-006
  -1.3675341547631076E-005
  -9.0840527540544764E-006
  -1.8395965400069374E-005
   1.9491462802656797E-005
   1.5451703908673213E-005
  -1.0281152071905970E-005
   5.5833758105899295E-006
   1.6519453514348890E-005
   2.0123999404251139E-005
  -8.5374404779337394E-006
   1.7202607357713258E-005
   4.8146124726859281E-006
   1.8554333724655148E-005
   1.5583010212334335E-005
   9.0924474999486117E-006
  -1.9787645391358813E-005
  -1.9065141159125673E-005
  -2.3049664811894391E-005
  -1.6023105745773824E-005
   1.7170599999996711E-005
   1.4129489933763863E-005
   2.0558038836171623E-005
  -1.6348020284121903E-005
  -2.2072520518490182E-005
  -6.6280705391881032E-006
  -5.2485640952523895E-006
  -2.0222168047420753E-005
   5.6788358303383485E-006
  -2.3609898981154479E-005
   1.8425760949954111E-005
  -4.0400787279694759E-006
  -1.3364186312099350E-005
  -1.8190931475719162E-005
  -9.1283308157385246E-006
   2.3468964272304232E-006
  -1.7112231951247717E-005
  -1.6751711710085881E-005
  -2.8036892615477587E-006
   2.1764462581097037E-005
   1.0958149087699062E-005
  -1.8609964370882454E-005
   8.1323935236733943E-006
  -1.1275621116189503E-005
   1.8037897313961965E-005
   1.3298147870040464E-005
  -9.1362598539570253E-006
   2.3245131835853034E-005
  -2.3643747466337906E-005
   1.6543442335199309E-005
  -2.4439702770593707E-005
  -2.2225005884154490E-005
  -9.7481631895768424E-006
  -1.2886523193092711E-005
   1.5401465096920189E-005
  -1.3212363100206953E-005
  -5.9255397000592541E-006
  -7.3447555434027995E-006
   9.0099545571182919E-006
  -2.2514748949840783E-005
  -8.5097928940027529E-006
   1.2614156701480925E-005
   5.7708914638706450E-006
  -1.6614461526953157E-005
   1.5666800704573221E-005
   2.4252208679292604E-005
  -3.8403972817113369E-006
  -4.1517785880608259E-006
  -1.9755726530644484E-005
  -5.2232267484185275E-007
  -2.2771808488354226E-005
   4.0711735407403926E-006
  -7.4930891675673440E-006
  -1.3184452856174116E-005
   9.4564505134146162E-006
   8.4478435377262281E-008
   2.1536090128556377E-005
  -1.4466770047010050E-005
   8.1640927980575735E-006
   8.3033574803934433E-006
   1.9876581278397656E-005
  -1.7559289828632061E-005
  -2.3959655523973609E-005
   2.4631625340910343E-005
  -1.1457640895465952E-006
   1.5127925084766939E-005
  -1.3318316546663129E-005
  -2.4336668994989836E-005
   1.7522427283066516E-005
  -1.3560849863861388E-005
  -9.2944747547025404E-006
   1.1988799417186293E-005
  -9.8257591007061624E-006
   1.2595752012392984E-005
  -5.0464357365080475E-006
   6.7667889017441384E-006
   1.1922954484746803E-005
   1.0236770364813639E-005
  -1.5780066770631377E-005
   1.3332135357085392E-005
   9.1991649637590288E-006
  -2.4760627771864582E-005
  -1.5253648169330911E-005
  -1.0167409932451161E-005
   1.6143000208933393E-005
   6.2677935353111308E-006
  -9.3655889462035150E-006
  -1.7880720437766330E-005
   1.2416942709740121E-005
   8.0193073835125123E-006
  -2.0559024000346414E-006
   2.3667089529234950E-005
   2.0674743338953225E-005
   2.4032688526875366E-005
  -1.5097976254687206E-005
   7.5461361504537442E-006
   1.2341822279159414E-005
  -4.4279234364857161E-006
   9.0631511149038301E-006
  -3.7482299380207755E-006
   1.4132076404811457E-006
  -1.3290333580307433E-005
  -2.3832859827743067E-005
  -9.6391830500990521E-006
   1.2303731742887279E-005
  -1.9605629582750719E-005
  -2.0815567375537251E-006
   1.3607735716043875E-005
   1.0780681074060993E-005
  -6.8998265904864007E-006
  -5.3945451974716764E-006
   2.2780760965873605E-005
   1.7566982615579064E-005
  -4.6952365998843344E-006
  -2.2182782858369207E-005
  -4.9718322686770649E-006
   2.0237190947474314E-006
  -2.2962436332947255E-006
  -1.0734164401774017E-005
   5.3542494802529878E-006
  -2.0753636670925713E-005
  -1.8504840575848999E-005
   1.1416663427605799E-005
   3.3406023632655715E-006
  -4.6679288433874756E-006
   6.1348966907052040E-007
  -1.6960329960589769E-005
   2.3481998909571085E-005
   6.6335170928010626E-006
   2.2335734635920173E-005
  -2.4511896058981690E-005
  -2.4156689034961480E-005
  -2.5360262602898834E-006
   4.1309709929378016E-006
  -2.5375689451001510E-006
  -4.8877083957565578E-006
   5.7475552555697049E-006
   1.8883735988221870E-005
  -9.9549547154931143E-006
   9.3045088816062223E-006
  -1.2622347965790790E-005
  -3.7005683628134951E-006
   6.2214374587195956E-006
  -2.9202801030397908E-006
  -1.4710100623265889E-005
   2.2412876913447833E-005
   1.6677169417418245E-005
   1.3733304844431577E-005
  -9.3156749899468738E-006
  -3.5239125977301811E-006
  -2.2469012429630619E-005
   1.8496970635930121E-005
   2.9252764451988364E-007
   2.3071083260866155E-005
   9.7528089646807713E-006
   1.0367737842404292E-005
   6.1991279747880876E-006
  -2.2732035171509702E-005
   2.0164181161403406E-005
   1.9259543100853003E-005
   2.0592677902953775E-006
  -7.0457102405467801E-006
   2.9502244064870384E-006
   1.2488491035760878E-005
  -2.2285897848987958E-005
   2.3985041453159019E-005
  -2.3832937920470204E-005
   2.2207340800694810E-005
   9.9892821150283382E-006
  -2.3831677132149887E-005
  -1.5627196829910390E-005
  -2.2344835823518769E-006
   5.4883110937200042E-006
  -2.8921019826803835E-006
   6.2704513008975020E-006
  -1.5794005954905926E-005
   3.0414394487804618E-006
   3.4144191901675544E-006
   4.9305819889846438E-006
   1.2315212922744399E-005
   4.6788560743079557E-006
  -9.3303353963173683E-006
   2.0955050141711714E-005
   1.2097546321986394E-006
  -9.9337341001905611E-006
   9.7462165678225194E-006
  -8.3892908902064271E-006
   2.0316633730265825E-005
  -4.3973562373396983E-006
   1.7198068501467496E-005
  -1.2489100089874265E-005
   2.4244977622909723E-006
  -2.1379460607024503E-005
   1.2819096337367148E-005
  -6.3099191172422177E-006
   9.8114012548999440E-006
  -1.6901640427754261E-005
  -4.8899343265667377E-006
   2.2401470201795368E-005
  -1.0505866477702758E-005
   7.8004738563081401E-007
   1.1616359742795637E-005
   1.6769268052569678E-005
  -2.0960553725628056E-005
   2.2582694412925008E-005
  -1.2119378511832131E-005
  -2.4996045350729458E-006
   9.7077310753717717E-006
   1.7400232482763000E-005
   8.9212373486106563E-006
  -2.0307192521715994E-006
  -1.2231852296166990E-005
   2.0157473445129604E-005
   1.6796483162429929E-005
   1.2864186653530903E-005
   7.0302750009325776E-006
  -2.5678416903553829E-006
  -1.6355181720382359E-005
  -2.4966596705317671E-006
  -2.4755099292416573E-005
   9.1251259632799727E-006
   1.7358443766149602E-005
  -2.3617048438517389E-005
  -1.2447017329841377E-005
   7.2269028842301051E-006
   1.0165645708671739E-005
   2.2406290978370575E-005
  -1.2605267985024480E-005
  -2.0883038036255765E-005
  -1.2479463697595598E-006
  -9.3618594649214791E-006
  -1.3014831886455337E-005
  -1.7980856842795179E-005
  -2.4731882939609881E-005
   2.1384835817943909E-005
  -5.1751032678130736E-006
   1.1914913406303233E-005
   1.0100371890269713E-005
  -6.0802294886186712E-006
  -9.2829527918849083E-006
  -4.5143592405556264E-006
   1.6233170669548293E-005
  -1.0187966871784978E-005
   9.7000570448703976E-006
   1.8898071236542535E-005
  -8.6827283875174571E-006
  -2.2104102684836644E-005
   4.5965387150384950E-006
   1.2937685930486601E-005
  -1.3087809454548235E-005
  -1.0320617611022572E-005
  -1.6048939748223059E-005
   1.9154298231911897E-005
   1.7732850614896494E-005
   2.1256367060175628E-005
   6.4070057951034835E-006
   2.1611147391932352E-005
  -9.8560475538752681E-006
  -2.4659891129253368E-005
  -1.9334631235340509E-005
  -3.6284273718872117E-006
   2.0389332185210041E-005
   1.2303582933994062E-005
   1.7798010371722237E-005
   1.5103365846352376E-005
   2.1882881057830258E-005
   1.7889785640743658E-005
  -5.6345901973982166E-006
  -2.2993811962074021E-005
  -5.2902352343021124E-006
   1.2508922975257440E-005
   4.9985232749534813E-006
  -7.4897582482933224E-006
  -1.9066926368106970E-005
   1.0156672359700600E-005
   2.3934256214589995E-005
   8.5731105381679277E-006
   2.2108400793716817E-005
  -9.1435760857957430E-006
   1.7713276873787284E-006
  -1.0527261875492511E-005
  -1.7992949565687301E-006
  -2.4473945940770376E-005
   5.2063171055405393E-006
   1.8111104986917915E-005
  -7.1539871827889552E-006
   1.1930971642734405E-005
  -2.0177100237406669E-005
  -5.9095334036522146E-006
   2.0014466637317723E-005
   1.4989198767076586E-006
   2.2509486628069845E-005
  -9.9218444608288907E-006
  -1.3393166263094886E-005
   1.9767913204670560E-005
   2.0083518588409154E-005
   2.2288680884402012E-005
   1.2782148055836226E-005
  -2.4406517759984443E-005
   2.5777912967848043E-006
  -2.0344004058442513E-005
   2.0641039447159190E-005
   2.5425174520121401E-006
  -1.0089668684820099E-005
  -8.5391614224401873E-006
   1.3624179098408066E-005
  -9.6365540783380160E-006
   3.8839508756623054E-006
   8.0132724631944412E-006
   4.6599575481403610E-006
  -6.2614482253521487E-006
   7.1399270723523098E-006
  -2.0453654217123314E-005
   1.7533893445495568E-005
   4.5055524104034567E-006
   2.4482746418922507E-005
   1.1628919611676921E-006
  -2.0802235178454878E-005
  -8.2133418865501694E-007
  -1.4089235991072173E-005
  -1.3766403676308114E-005
   1.2519455141347455E-005
   1.1436676628325330E-005
  -7.2480831472012305E-006
   1.2707020234319150E-006
  -2.3574707976403700E-005
   3.8200459533231812E-006
   8.1772960435795770E-006
   1.6144966045849286E-005
  -1.8145514779319835E-005
   6.7542179467940131E-006
   1.5201154890060432E-005
  -1.3485228704719810E-005
  -2.4579286077462873E-005
   8.7858572246663166E-006
   1.8196169859102122E-005
  -1.9023530722646126E-005
  -5.6749388636101404E-006
   2.0838340370692988E-005
  -1.4784835690834653E-005
   1.4369410054963581E-005
  -2.2546248082091579E-005
   3.5382639158494052E-006
  -8.4910589105312795E-006
   2.8887143962943097E-006
  -2.3167561589298722E-005
   1.6308961642049150E-005
  -1.3739336662857567E-005
  -2.7895493426957811E-008
   1.7716684770544993E-005
   7.5410104035634167E-006
   1.0237822827253663E-006
   2.2760849292788564E-005
   1.5350761674642507E-005
   1.5899381709975343E-005
   1.7894956064504930E-005
  -1.4428351054864752E-005
   1.1862832412746096E-006
  -1.5031922716805920E-005
   1.6493257715826262E-005
  -1.1077424169543064E-005
   4.5966636971187272E-006
  -9.0041747768966658E-006
  -9.9470579413574121E-006
  -1.2940309244093471E-005
   2.2320493030199901E-005
   1.2036543372834466E-005
   1.1230681958080859E-005
   1.1253613973934647E-005
  -2.2227802754401281E-005
  -1.6133917634529062E-005
   9.0597169871503413E-006
  -1.7235941148140944E-005
  -2.0334813112924975E-005
   1.9619745130010651E-005
  -8.3625354323448548E-006
   1.4597621751061601E-008
  -1.6944047974180444E-005
  -1.6508570259637907E-005
  -2.2438032918875815E-006
  -1.3804077095954844E-005
   1.8468013189094775E-005
   1.6165074576401790E-006
   6.4931609896404369E-007
   1.1561516747702804E-005
  -2.0584275231284878E-005
  -1.7771218562851377E-005
   2.3042510305194494E-005
  -6.7879770709290521E-006
  -2.1897272170664184E-005
   1.5910392268826005E-005
   2.8113732270828121E-006
   4.7168830265094316E-006
   1.2799047475564093E-005
  -1.8045643421056988E-005
  -2.1019077786354086E-005
  -1.5345960768189605E-005
  -4.7210906206125419E-006
   2.2202766811737488E-005
   1.2375344005191170E-005
   8.3044626483134402E-006
   1.6996811323855312E-005
   3.8523248794768140E-006
  -9.1938970668082292E-007
  -1.2411972649341256E-006
  -4.2033239191938140E-006
  -3.8681390872274566E-006
  -1.2339717709612607E-005
  -1.1788533993902539E-005
   2.2688157606763114E-005
  -2.3200264229553291E-005
  -1.7006932122356236E-005
   1.1809256525175943E-005
  -1.0023418759420461E-005
   5.5078092824489830E-006
   2.5419219435221558E-006
   1.4822617866514667E-005
   8.3978624511315393E-007
  -1.4108390737747350E-005
   8.7639506852404481E-006
  -1.0039432892349035E-005
  -6.1582680830592791E-006
  -1.8720634758557281E-005
  -3.4169985301298095E-006
   1.0103217958883616E-005
   9.2885552036084870E-006
   2.2632678419918885E-005
  -2.1645995981720370E-005
   2.3628534720888318E-006
  -2.2830542325115541E-005
  -1.1225093871971575E-005
   2.1099313494246989E-005
   1.5433744873328151E-005
  -1.7468439683707384E-005
   1.6728990676696612E-005
  -4.6961024477313824E-006
  -1.3002461406764557E-005
  -5.4031203979425429E-006
  -1.2756560482419011E-005
   2.0894790700215078E-005
  -1.1295057599320688E-005
  -1.1496333902689624E-005
   2.2615893198943735E-005
   7.1887740911784722E-006
  -7.7396062902969538E-006
  -5.8503919488092112E-006
   1.5414381857812923E-005
  -2.0185797159455495E-006
  -2.3542340177412568E-005
   1.9144711968836929E-005
  -1.8567510631119592E-005
  -1.4525619826824936E-005
   1.8938290878104502E-005
   1.2620520535807552E-006
  -1.0086603794672039E-005
   1.9461788640677349E-005
  -2.4442007450062869E-005
  -1.3546035379370098E-005
   4.9390265658731480E-006
   7.3210068156031744E-006
   1.6679968890436083E-005
  -1.9858774325400865E-005
  -1.8822400448905203E-005
   1.3791087083578699E-005
  -1.8125230276871265E-005
  -1.9165440725153353E-005
   1.0690824613376615E-005
  -2.3073730734687258E-006
   9.1234633441479589E-006
  -1.2311290989093659E-005
   3.6906420132366141E-006
  -1.1555434661006585E-005
   8.5033080586756246E-006
  -1.7858953717216523E-005
   1.7010375935050208E-005
  -1.9176180477650308E-005
  -1.9934711646853540E-005
   1.7684951491954300E-005
  -9.4064819004663946E-006
  -1.2340271631554467E-005
  -7.4075632281079959E-006
  -6.2894280143412751E-006
  -1.4325567166984584E-005
  -9.8967083356775797E-006
   4.7348886326774871E-006
   1.8267177411143565E-006
   1.6681059836184376E-005
   1.4233142324268105E-005
  -9.7630498099277155E-006
  -6.9661078136517914E-006
   2.0837531313505047E-005
  -6.5714782780266272E-006
   1.6149369662355035E-005
  -1.2699895278150200E-005
   1.8176016729676052E-005
   2.2352949533639476E-005
   1.7756788121782345E-005
  -1.4701209371501738E-005
  -7.2560322100459281E-006
  -6.4686019032148711E-006
   7.8951808003277577E-006
  -1.9315374838797382E-005
  -1.6557490257559512E-005
  -5.2734351479323748E-006
  -6.8823555243790578E-006
   1.8153392923043088E-005
   3.5030477599944691E-006
  -1.8389432429788754E-005
  -2.1721616765185962E-005
  -1.1559561234049598E-005
  -1.3890964298941847E-005
   1.9760447331538111E-005
   1.4729490025557809E-005
  -6.6654280336632760E-006
  -2.2613316811245703E-005
   4.9234533448307434E-006
  -1.3574190287822757E-005
   2.0840906172817265E-005
   1.6621816429237101E-005
   2.2450532297208356E-005
  -6.1968766262087873E-006
   1.7608336445849857E-005
  -1.4899763807673679E-005
   2.2798022104502474E-005
   2.3751821566886940E-005
  -2.1381669583811219E-005
   2.1590785276328845E-005
   1.5588221415358637E-005
   5.7007814735318985E-007
  -1.3905841805307630E-005
   1.6030615160383250E-006
   1.9995806240819262E-005
  -2.4597235211373146E-005
   4.1172483781427150E-006
  -1.5563264055611239E-005
   1.5769815993907187E-005
   2.3893996712769173E-005
  -1.0677131252659901E-005
  -1.1030029640146558E-005
  -1.5898799120494053E-005
   1.9785684317829631E-005
  -4.7693324220429008E-006
  -1.5809476802118750E-005
  -6.7235964189754777E-006
   1.5301904357265142E-005
   1.9662734099465135E-005
   2.2388666968376931E-005
   1.7607437011783392E-005
  -3.6903943415065405E-006
   9.9389473265879499E-006
  -1.8343648838681219E-005
   2.1841691723136747E-005
  -1.5685980247135951E-005
  -7.1291515220734619E-006
  -1.8567481677857113E-005
   1.6407411271644372E-005
  -2.3525013253577512E-005
   3.5451939213706661E-006
  -2.4189405936302091E-005
  -1.1627981479394144E-005
   2.3445688329910495E-005
   9.4815859791900548E-007
  -1.2735281830119118E-005
   1.1026302270228513E-005
   1.2881619792995268E-006
   2.0554343516639362E-005
  -2.4131126320127128E-005
   5.5233476487538985E-006
  -1.3506656537198982E-005
   1.3317028983617938E-005
   1.9251893962223745E-005
   8.6645400846639560E-006
  -7.3346409125751678E-006
  -4.2679601949269063E-006
  -6.2377303173736722E-006
  -2.1716251158972140E-005
   1.7587994362387832E-005
  -1.6067588342166524E-005
  -1.8072477166672876E-005
   1.8054389221582201E-005
   7.0769936695101061E-006
   6.3474507632846717E-006
  -3.0077655515654744E-006
   3.0107230277922613E-006
   1.2116149577865755E-005
  -9.7857305932357950E-006
   1.7906424715910788E-005
   1.6943614755875011E-005
  -2.1575126039210962E-005
   8.1099902880727912E-006
  -5.4616464192929576E-006
   1.0190928330738518E-006
   1.8511259401352157E-005
   1.4438012272192604E-005
   1.0205723528579912E-005
   9.0669207648847995E-006
  -7.4016831976188869E-006
   2.3352181062985496E-005
  -8.6525809638666609E-006
  -1.3050373483382961E-005
  -3.9401493742856012E-006
   1.3428932323712659E-005
  -7.2333257021575313E-006
   8.4636444967829534E-006
  -4.1468808122790409E-006
  -1.4391970762005295E-005
  -1.5821846461821439E-005
  -7.2960394430889454E-006
   2.0033246208193633E-005
  -1.9882305939323900E-005
   1.2648217138935619E-005
  -1.4347564472855539E-005
   5.1507901169784628E-006
  -7.2594599070317850E-006
   9.1876573718039120E-006
   9.4290784385955141E-006
   2.2202077673750039E-005
   2.6654791269058967E-006
  -1.4902485505497578E-005
   1.8402144328899476E-005
   2.4530892648238242E-005
   2.0917999260620633E-005
   3.9122789155736959E-006
   1.9445871961551748E-005
   1.5650138484076458E-005
  -2.3326319996405259E-005
   1.8189880922877520E-005
  -2.1227954001013832E-005
   4.1769802547523166E-006
  -2.6617292909176878E-006
  -4.8952112441933572E-006
   2.3403705178813518E-005
   1.3331413463220416E-005
  -1.9768003241244741E-005
  -2.4768683990613870E-005
  -2.9114416683152857E-006
   4.8617602199811043E-006
   1.7353850055192179E-005
  -9.3712351415340200E-006
   2.0978999164899237E-005
   1.3762784558165103E-005
   1.3193196109791850E-005
   1.4377902727335003E-005
   2.4016402689334858E-005
  -1.4318394606627853E-005
  -4.0891281063349766E-006
  -2.4066610962614989E-005
   1.3615666601699955E-005
  -5.6010052098318261E-006
   2.2230458190527470E-005
   2.1260161136069578E-005
   3.6856172164870801E-006
   4.0829867022021689E-006
   1.4045365251173606E-005
   1.2800417050009083E-005
   1.6742209606993471E-005
   2.1574336142273091E-005
   2.8198767357446685E-006
  -3.4562005768353091E-007
   2.4596914565892504E-005
   1.0493876231119332E-005
  -3.8319500743155323E-006
   1.5451877077456874E-005
   1.5339406969220632E-005
   1.0669967786914244E-005
  -2.4217462664911945E-005
  -2.3091242455638367E-005
  -6.3214139218529032E-007
  -2.2128502953090890E-005
   6.4351814765681846E-006
   6.9166947953604109E-006
   1.7098147232827592E-005
   9.1761055954108281E-006
  -5.1730262640728277E-006
  -1.2028707266007215E-005
   1.2691363381073864E-005
   2.4801307074693031E-006
   1.0365213906352580E-005
  -1.2169439349199721E-005
  -1.1283211754520631E-005
   1.4443564613047903E-005
   7.1564230723423305E-006
   1.6772076027818848E-005
  -1.6962769588045026E-005
   4.9147542829896537E-006
  -1.1951969348678326E-005
  -3.7420735904792341E-006
   1.9240057748431263E-005
  -1.7144639475335109E-005
   1.8097917265889671E-005
  -2.1705416432221630E-006
   1.5813841942502264E-005
  -2.3374986099851238E-007
   2.0673530423959980E-005
   8.1253063805421331E-006
   1.8293402916660711E-005
   1.9076290422986328E-005
  -1.7916515570081547E-005
   1.9196816394309276E-006
  -1.4763478663675434E-005
   1.2781146510569422E-005
  -2.2975336797410320E-005
   9.6201164773196948E-006
  -7.6701924660089869E-007
   1.3881352436210929E-005
   2.3901340210570166E-006
  -6.1831733257444539E-006
   1.6239801908230562E-005
   1.0448669455047452E-005
   6.9044502660294619E-006
   1.8344343352256751E-005
   2.4033263476632596E-005
   3.6476375415934585E-007
  -3.5723832892770413E-006
   6.3520092206110931E-006
   9.4667503310698820E-006
   1.6082073368463898E-005
  -1.5753716964944967E-005
  -1.7024157483600930E-005
  -1.0195536678742850E-005
  -1.4461073792395076E-005
  -1.7169900186821763E-005
  -2.0759988851230499E-005
  -2.0664876500576201E-005
  -2.1635998904963034E-005
  -2.2551799890469380E-005
  -2.0952631229357970E-005
  -1.3880546052784606E-005
   1.4522759387638152E-005
  -2.2565078283585067E-005
   1.9919586215791818E-005
   1.7048678016379094E-005
   9.1495183831795995E-006
   1.5544864706005450E-005
  -3.2595848747330571E-006
  -2.2474434687322651E-005
  -5.0953664917510117E-006
   9.8818700327435839E-006
  -2.3503992364936107E-005
  -1.1560036990045126E-005
  -3.2304783611180637E-006
  -1.2865769850219626E-005
  -1.6454824538113044E-006
  -1.6926135594465530E-005
  -2.2914393864939274E-005
   1.5164320687859145E-006
   1.7350507573240276E-005
  -2.3555151357794249E-005
  -1.5087977773739882E-005
  -1.2871980319673065E-005
  -5.8243365577438015E-006
   8.5698554611168075E-006
   1.7386699914131141E-005
   4.8734554884555973E-006
   2.2382948669199810E-005
   2.2942772507476250E-005
   2.0601852853224167E-005
  -1.6721672135057526E-005
   2.8743520043987144E-006
   2.1791751011109054E-006
   5.0230884183200831E-006
   1.6935119207413841E-005
  -1.9092485138998503E-005
  -2.4401704183065980E-005
  -3.5245149041818082E-006
   2.1359537984040132E-005
  -4.6365928846788959E-006
  -4.0894246985432666E-007
  -1.4776696108992904E-005
   1.4099641015449729E-005
  -1.9657253089621900E-005
   1.6454378645770324E-006
  -4.4429642040702767E-007
   1.3169512170903511E-005
  -1.9198583088667259E-005
  -1.1321792443876699E-006
  -1.3204118756913079E-005
   2.2429003967816410E-005
   1.1928640728345790E-005
   1.7801831928525067E-005
   7.7284866985244926E-006
  -1.8234761394955387E-005
   2.1949957493999549E-006
  -1.0350942570847639E-005
  -4.3378902766823489E-006
   2.3123922295725901E-005
   1.9048785614053949E-006
  -7.8264955793638647E-006
   2.3160964854820679E-005
  -2.4538512029055590E-005
  -1.7268989112013436E-005
   2.1301990163199477E-005
   8.0428765988933035E-006
   6.3011838349511811E-006
   2.5032459446314112E-006
   4.2175922536598749E-006
  -2.3922310798576470E-005
   1.7148365024467931E-006
   2.3390535666737690E-005
  -1.3078408075834403E-005
   1.0041099045995268E-005
  -2.0325024141865461E-005
   2.3406230526364532E-006
   2.3299519994775485E-005
  -3.1300634414548412E-006
   1.0731991023760640E-005
   7.5148512479167562E-006
  -8.7196058863410619E-006
   1.2023814967479772E-005
  -1.8951209145251396E-005
  -2.0075240977056438E-005
  -2.0584857916371036E-005
   1.1656873748546617E-005
   2.1488476515142755E-005
   1.3101935625238952E-005
  -1.5780075293633234E-005
  -4.3597509416317273E-006
  -5.8554951164927180E-006
   1.3098407340985170E-005
  -9.2896348418372671E-006
   8.6536417421341259E-008
   1.1531560468689636E-005
   6.1850123379823603E-006
  -3.7985943714400416E-006
   1.6125884091093918E-005
  -1.6987571937221394E-005
  -1.3996492578534881E-005
   2.2122965146711959E-006
   2.1763433397482244E-005
   1.3709238307842635E-005
  -2.4535220674963591E-005
   2.4172659285687511E-005
   1.1870950090699734E-005
  -1.3756033357277308E-006
   1.4807867859696170E-005
   1.2064028859641400E-005
  -1.6125017454641484E-005
   2.2690602006315882E-005
   2.4604774258802813E-005
  -1.9209350021667072E-005
   2.3418211127944942E-005
  -1.7135933692183808E-005
   9.6802676031130516E-006
  -1.8817391466297410E-005
   2.1940241015608496E-005
  -1.2828463874469848E-005
  -2.1368004053044676E-005
  -1.6765064829642261E-005
  -2.2231119696316157E-005
   6.2308003478073539E-006
  -1.7938742527109673E-005
  -3.3378294667834165E-006
  -4.5413518550619874E-006
   2.2730346033359445E-005
  -1.3271632246065544E-005
   1.0773105964254635E-005
  -2.0665270893697085E-005
  -1.9930717933647408E-005
   6.5859950598666580E-006
  -3.7697144393071207E-006
   1.7086944917188886E-005
   1.1727543330410309E-005
   1.6279074169244068E-005
  -2.0155938704845452E-005
  -1.0141714459980717E-005
   1.1477368919584542E-005
   2.4218636586724670E-005
   1.7626641926214424E-005
  -4.2531922995983241E-006
  -6.8882469544023866E-006
  -9.2934361832167620E-006
  -1.7305398664175854E-005
  -2.0068778016938412E-005
   1.3696177269630924E-005
  -3.8824894485924643E-006
   3.3791378042928471E-006
   7.8596234874458700E-006
   2.4157537520241041E-005
   1.1351724784681067E-005
   4.4851312482962679E-006
   1.9894474086314476E-005
  -1.4770185365269432E-005
  -1.6170717013016024E-005
  -2.0230391507923268E-006
  -3.8100063644255338E-008
  -5.3244655917942330E-006
   1.8587831101144167E-005
   2.1583435027650526E-005
   1.6979261943245616E-005
   5.3726701514730570E-006
  -1.8041190460389246E-005
  -1.3066213298949995E-005
  -1.9837116509561960E-005
  -7.8622109475763389E-006
  -1.5903457491019335E-005
   1.2714825300795468E-005
   2.2980646843509404E-006
   3.7577673389346913E-006
   1.7135459105925705E-005
   5.5313286391144410E-006
  -4.0466666071808613E-006
  -1.9212850932594354E-005
  -2.1242308359606862E-005
  -8.9447750857399981E-006
  -1.1778409829291036E-005
   2.2195767547436979E-006
  -1.3958933512204126E-005
  -1.1285450352231306E-005
   1.1847098890517427E-005
   2.4104313670147410E-005
  -1.7607313618380834E-005
   2.1152065153474477E-005
   1.1956025860257060E-005
  -3.0939189465569284E-006
   1.4263212502298099E-005
   1.5621063074571812E-005
   1.2808058132872106E-006
   1.6496738432823497E-005
  -1.0160267375990240E-006
   7.6637792918178956E-006
   1.7974565131666618E-006
   6.3432037242653602E-006
  -9.5054115540488322E-006
  -1.6231905375446761E-005
   1.6623508395816317E-005
  -1.9451928085753205E-005
  -1.7269244300925586E-005
  -2.1819865418635414E-005
  -2.2588331082923211E-005
  -1.8511308235710690E-006
  -2.4603872334427669E-005
  -2.3307726066280276E-005
  -1.4182355691942809E-005
  -1.7662118842897526E-005
   1.0262338316088310E-007
   7.0229915553221829E-006
  -6.9025036425020998E-006
   1.8325290870726608E-005
  -2.3549692880751951E-005
   1.5438582904456169E-005
   1.2878591683544893E-005
  -5.1362667276296957E-006
  -1.5814763275457820E-005
  -2.4258425909226599E-005
  -8.3375857677310870E-006
  -1.4884829519622546E-005
   1.7971162528418005E-005
   2.2644989894757295E-005
   2.0219286394222374E-005
   4.8331385101415211E-006
   1.1380161149959302E-005
  -5.7098929498933596E-006
   2.3787155048083992E-005
  -6.1789896837205838E-007
  -1.3217167642426040E-007
   1.3682789853591419E-005
  -5.8787749737440135E-006
  -1.6845929196692126E-005
   2.2244545945263473E-005
   1.9018315395261076E-005
   1.8221083695401172E-005
   1.8115550142968035E-005
  -6.0820160738805370E-006
   5.4468392083656667E-006
  -1.6636799670442611E-005
   5.8708174126816572E-006
   5.0247755326389605E-006
  -1.3972080409372909E-005
  -1.4662753102389859E-005
   5.1339134558246174E-006
   2.0867391633578213E-005
  -1.9690801795014432E-005
   1.8236013492032283E-005
  -1.1160885731625266E-005
   1.9503997811947321E-005
   7.9092327785092401E-006
  -1.4673067405846787E-006
  -5.2226294360416921E-006
  -1.1081682172428412E-005
  -1.1618695276932110E-005
   2.1650370537638845E-005
  -1.3022322750394797E-005
   2.4094053583701404E-005
   2.1147745211689286E-005
   2.4111122542429641E-005
   4.1899134454013732E-006
   3.3788346779268997E-006
  -2.3904283845314335E-005
  -4.4222766567408752E-006
   1.3281056998502935E-005
   1.3798121476691933E-006
   2.1606326851195638E-005
   7.9483919904919635E-006
  -8.6293276656652220E-006
  -6.6178701102620550E-006
   5.6735630745981923E-006
   4.4912070008051085E-006
  -1.0448708102888683E-005
  -5.6885398764110677E-006
  -9.5987157827093884E-006
  -1.5249371814741297E-005
  -1.1929852837603205E-005
   1.2384650694969530E-005
   2.4162535103059116E-005
  -2.2823619467588707E-005
  -1.8254147890049218E-005
   1.4341948706964235E-005
   1.8054179373021753E-005
   2.4465092318637808E-005
   3.7649485521821839E-007
   1.5978104550857353E-005
   8.7266446218147411E-006
   1.0969091234678091E-005
  -6.3358254599487486E-006
   3.5084973933356297E-006
   1.5579928557456939E-005
  -7.5971870238435516E-006
  -1.7156427835573145E-005
  -4.8794233667514746E-006
   9.2874898399944731E-006
  -2.2169514908772323E-006
   1.6509929977176583E-005
   1.4470425188402816E-005
  -4.2597217768084238E-006
  -2.4659926152560987E-005
   1.7162077928837495E-005
   1.9578457736814569E-005
   6.1241594030390600E-006
   2.4056673151360328E-005
   1.5588446382141022E-005
   1.4699359279963523E-005
   6.8596956165413785E-006
   1.3292750427325893E-005
   1.8575806576093527E-005
   1.1816595196054328E-005
   1.3389552443000664E-005
   1.2230881928221429E-005
  -1.0522257647177061E-005
  -1.2579934260420867E-005
  -6.3427656070608762E-006
  -2.4549158119591274E-005
  -3.9818960154213112E-006
  -1.2445512263997279E-005
   1.8502505503363781E-005
   8.2065988343791744E-006
   8.3783946188168750E-006
   7.9005172817688619E-007
   1.9075486887647261E-005
  -1.7386716295413702E-005
  -3.2336999206932480E-006
  -2.1263333114009395E-005
   1.8627092417729604E-005
   2.3946423667535147E-005
   1.5092111069591642E-005
   1.1077492655355885E-005
  -1.9325141546912285E-005
   1.3845487247041144E-005
  -1.0581659797761241E-005
  -1.4785658896147072E-005
  -1.8659660649272581E-005
   2.0362726909080870E-005
  -1.2141874240558621E-005
   1.8389174102983396E-005
  -6.9058603179281738E-006
   1.9221937268760462E-005
  -2.3261076348171451E-005
   1.4640795211860652E-005
  -1.4921398670445950E-005
  -2.5999017483432790E-006
  -2.1553585492807474E-005
  -1.0161742418987964E-005
   1.4929226289860748E-005
  -1.0817496118430178E-005
  -1.4317161048679606E-005
   1.2618264809951726E-005
  -2.9952682092488821E-006
   1.4607878145143376E-005
   1.6174123661524906E-005
   1.8091262436288873E-005
   1.5614440666056948E-005
  -1.3444491029490030E-005
   2.2339743710835751E-006
  -1.7938211277092718E-005
   5.9599309832696980E-007
  -1.5925473183422310E-005
   1.0638699922300807E-006
  -1.0121426694279019E-005
   1.6173928553108036E-005
   2.4123168541511930E-005
  -2.2476651013625176E-005
   2.1648983933869148E-005
   1.4581182495235698E-005
   1.6135271717309545E-005
  -1.3103486521836220E-005
  -1.0321165633980361E-005
  -1.9076991184936816E-005
   1.9344920836308043E-005
  -4.4447361732010126E-006
  -1.1227438463645790E-005
  -1.2580364573505438E-006
   6.4551364419406527E-006
  -1.4917668625516568E-005
   1.6724733794004534E-005
  -1.6921931216164590E-005
   1.6373354893336677E-005
  -1.9255737578879342E-005
  -7.4353177181217770E-006
  -1.4631260828072649E-005
   5.8285053534949811E-006
  -8.5109481181847552E-006
   1.9812599145657793E-005
   1.7451833106778730E-005
  -1.8918656152009155E-005
   1.5252693135720567E-005
   9.8400974667316585E-006
  -1.4008924749617546E-005
   4.7155767382420044E-006
  -1.2238888148968019E-005
   1.5153159360328702E-005
  -2.0698935893637280E-007
   8.6876386978427645E-006
   1.8765674131045190E-005
   1.0701513888804882E-005
  -1.8943330068609802E-005
  -2.3597573931852081E-005
   1.1723880369656928E-005
   7.2722447206655443E-006
   1.7155427070632399E-005
  -9.2994052163867770E-006
  -1.1192010829553170E-005
   1.9586282212333904E-005
   1.4552328206133987E-005
  -8.5224366091281943E-006
  -5.4124000457410252E-006
  -1.5586366640763437E-005
  -6.9022513810664342E-006
   1.8671111272077525E-005
  -2.0311568201579065E-005
  -4.2982362597417655E-006
   1.1242994415784438E-005
   1.3607207878937931E-005
   1.7116875966116940E-005
   5.7063577219206913E-006
   4.2135400906533596E-006
  -2.2735969381227631E-005
  -1.6901542758594050E-005
   8.9378057981043649E-006
   2.1027705108675294E-006
  -2.1195480793416323E-005
   1.9756326528573489E-005
   4.4022086746448274E-006
  -1.3276629010234415E-005
  -1.7779080520886684E-005
   2.4664554354687100E-005
   1.3971010193859861E-005
  -4.5700348220561708E-006
   1.3747767533673812E-005
   8.9498168945835870E-006
   9.6755400983598259E-006
  -2.8506286922339232E-006
   7.5798192292679453E-006
  -1.6939480132491790E-005
  -6.8227826555344223E-006
   1.5974299692075636E-005
  -2.2027423101483361E-005
  -4.1735240009816948E-006
  -2.2475006405207549E-006
   2.3702189518492579E-005
  -2.0050966496637442E-005
  -2.0365901932491606E-005
   1.4939452357916242E-005
   1.0398297035589986E-006
  -3.5233758129909484E-006
  -1.5933430552309755E-005
  -5.6081987941341825E-007
  -1.6811310524673204E-005
   1.0786940914954200E-005
  -1.2647120645905829E-005
   1.0231427583722200E-005
   2.4536759133467202E-005
   3.1317383266633826E-006
   2.0549668738095996E-005
  -1.4676261851543164E-005
   2.0815766660911056E-005
   1.8833522516130045E-005
   1.4237311757133526E-005
   3.7562950506786894E-006
  -6.0220767317974492E-006
   1.8744034484536231E-005
   4.1662617978985017E-006
  -3.1769042249272691E-006
   8.9670662383763603E-006
   9.5842891638056948E-006
   8.9128139987756374E-007
   2.3241328206413625E-005
   3.7282887663550260E-007
   1.6211739836285579E-005
  -7.2910915525682060E-006
  -2.2790868782047127E-005
  -2.0606862188801987E-005
   1.5910243189434324E-005
  -9.3810276950057097E-006
   6.0010923288528099E-006
  -7.6884329869377631E-007
   7.8988630702959050E-006
  -4.7723749607916497E-006
   7.0311342377843651E-006
  -3.1214046786513244E-006
  -8.6674406715022423E-006
   9.2187964438143185E-006
   6.0850306118032216E-007
  -9.9764052397308259E-006
  -1.3943726060532463E-006
   2.3631816616038582E-005
   2.8243100154111445E-006
   1.9349459984342036E-005
   1.4685911236362195E-005
   1.8132332940064345E-005
   1.3205716494904571E-005
  -2.4571603017539476E-005
   8.1716698025851917E-006
  -2.1260173110392421E-005
   1.6486437263294848E-005
  -1.1795300450346568E-005
  -1.1037057448014869E-005
   2.2625537204605559E-005
  -8.9276877821940358E-006
  -5.3467068299378104E-006
  -2.1761176909444380E-005
   3.8193540637075023E-008
   2.2724707717213105E-005
   2.4246785839257424E-005
  -2.1009187632585164E-005
  -1.0273197220646907E-006
   2.3534989351685262E-005
   7.2205942665468577E-007
  -7.4933265983111805E-006
   2.3283420944670665E-005
   2.0717506622255515E-005
   3.7869059219468807E-006
   3.0623295982663397E-006
  -2.7685807193709853E-006
   2.2609976074429469E-005
   2.7948995849110385E-006
   1.5167558008655718E-007
  -6.6774118544631371E-006
   1.7299372697204961E-005
   1.3100574551687670E-005
  -5.7315898912621077E-006
  -2.0832698365800759E-005
  -1.8373421507577033E-006
   4.2482464642350189E-006
   1.5909458060002316E-005
  -2.1338185125278464E-005
   6.2477379872686053E-006
  -2.1708187729401326E-005
  -9.2097330806697860E-006
  -1.9255541796484146E-005
   4.7392079367582184E-006
   2.3537791923890106E-006
   2.6776128232034379E-007
  -2.3347012271278329E-005
   1.9591765257286134E-005
   2.8545121584729983E-007
   1.0407440922005972E-005
   2.0452498893654195E-005
  -1.7853755494841505E-005
  -1.5684618041359123E-005
  -9.1821700879105354E-006
   4.6461786915871636E-006
   1.2698525728523470E-005
   2.1474978245854112E-005
   3.3081410563489238E-006
  -6.4391186034612744E-007
  -9.6787745411233698E-006
   1.5923738559458409E-005
  -4.5829191928615875E-006
   1.0052185209531578E-005
  -1.3023147215800904E-005
  -2.4342441910938647E-005
  -1.7773060473030423E-005
  -2.2710735427923273E-005
  -4.2379553472704219E-006
   3.7730182426997873E-006
   2.4105304251887167E-005
   8.9454284912475954E-006
   2.1555039094419748E-005
  -2.0660416496434918E-005
  -2.1864099485875510E-005
   1.4554840478789469E-005
   4.9435738961583703E-006
  -1.3578367372449609E-005
   2.1350096185762799E-005
   2.0796980980389906E-005
   1.4084584103350220E-005
  -1.6410578465800712E-005
  -1.9186733627165722E-006
   1.2139362784649881E-005
  -2.1184307560407100E-005
  -2.1525996094762901E-005
  -2.0249052892424529E-005
   6.2183015647670726E-006
   2.1363353751845063E-005
  -1.6532163139005004E-005
   6.5645124916961519E-006
  -2.4758455503749136E-005
  -1.3716825923947131E-005
  -1.7247302747884653E-005
  -2.4057433180575293E-005
   2.4042410830370918E-005
   1.2376914064857071E-005
  -2.1529655478263684E-005
   9.9311507310950633E-007
   5.4127354948360809E-006
  -9.6868511620098349E-006
   4.3274303018766113E-006
   2.0531915191315070E-005
   9.2437277722021280E-006
   1.3711307867510844E-005
   1.4518918410501979E-005
  -1.8953530924352662E-005
   2.8192615844448730E-006
   2.7744363096487463E-006
   2.2711786807107460E-005
   6.1871664412304120E-006
   2.2971763470910442E-005
   2.3363784286077952E-005
  -1.5484243268030546E-006
  -2.2636154953012079E-005
  -8.1085311819222434E-006
   9.0102829199822485E-006
  -2.2461280101952128E-005
   1.1079091050714892E-005
  -4.4669323581761119E-006
  -1.7568970513887234E-005
  -1.5289999851286620E-005
  -2.1583582929993494E-005
   2.0616102892970983E-006
   7.1695218349822947E-006
   1.3187787800152086E-005
   2.0432320552143284E-005
  -1.9763473021047303E-005
   2.2469086115317796E-005
   1.5089847035422268E-005
   1.1228176205826199E-005
   1.2513253381363797E-006
  -1.2514864829625483E-005
   1.3246763775772332E-005
  -1.3041621378291379E-005
  -7.1644645531392177E-006
   6.2911884728013555E-006
  -1.5096935477455495E-005
  -1.5202867564528590E-005
  -1.0797900502748805E-005
   1.7591433025005357E-005
  -1.7438989281697998E-005
   1.9134644618804363E-005
   7.9614896827612696E-006
   2.0886385430591770E-005
   2.4461659760237438E-005
  -2.2859366228011776E-005
  -1.2381705040412458E-005
  -5.4892159852909310E-006
  -5.0960736884144308E-006
  -1.8180401073431833E-005
  -1.9993296828788653E-005
  -1.4297423590605761E-005
   2.2105392827849767E-005
   2.0889428562099063E-005
  -2.2957980504657105E-005
  -5.7566510738126800E-006
  -2.9634923738413860E-006
  -1.7296887406722671E-005
  -1.0452930556913410E-005
   7.5551376474614980E-006
  -1.4916729868134562E-005
  -1.8160558864450999E-005
  -2.2155186230600064E-005
   1.9515056932767849E-005
  -2.6417278233298112E-006
   1.8261988138282130E-005
  -4.4478389639516280E-006
   3.1170426623011561E-006
   1.0852120576489042E-005
  -7.8524472125438038E-006
  -7.4966945426973957E-006
   1.9198909498897434E-005
   7.5846871464077025E-006
  -1.3935777555315740E-005
   4.8017167226391114E-006
  -1.5864026324030940E-005
   1.6738068928243451E-005
   2.7836579956477158E-006
   1.3259354834275106E-005
  -1.9454365642100917E-005
  -7.6236367148894212E-006
   2.0060375029640488E-005
  -2.5972889541511467E-007
  -1.2927452784242615E-005
  -2.8652732497564849E-007
   9.3187350044742382E-006
  -2.4483417214640080E-005
   2.1441952583419045E-006
   1.2449371775359656E-005
   1.0885144038560567E-005
   6.7853695380616883E-006
  -7.1271313958187755E-006
   1.1044587722526992E-005
  -3.5077375807004567E-006
   1.7414176220239552E-005
  -2.9197868476655271E-006
  -1.2212127542405479E-005
   1.0031156955053220E-005
   2.1120106797380280E-005
   1.7229052453196745E-005
  -2.1477389845858192E-005
  -8.8357895512241733E-007
  -2.2438398264718853E-005
   1.8578878379588755E-005
  -1.6149590685152241E-006
  -1.4965237732504550E-005
   1.1334028686183295E-005
   1.8166507802277165E-005
  -1.8954358070426566E-005
  -2.1781407137250139E-005
   7.8821442825618503E-006
   1.5183484023777032E-005
  -1.8990232126664308E-005
  -1.6259690043947077E-005
   1.0776161362147173E-005
   1.3888783135249327E-005
   2.4432187531371843E-005
  -1.0332073028931042E-005
   7.5257581836519956E-006
   7.1425629321415983E-006
  -4.7694385871028149E-007
   1.7497204754641982E-005
   1.0292335159800799E-005
   1.3493640115306267E-005
   5.1730387066778448E-006
   2.2660764545057014E-005
   1.4429747293103124E-005
  -2.0179677933422586E-005
   7.1723243238731649E-006
  -2.2798992284640375E-005
   5.3029309858494941E-006
   1.5361682667924679E-005
   2.1229407226248558E-005
   1.4618987671895158E-006
   1.2063506978003659E-005
   2.1869239279884264E-005
   5.6076798245450659E-006
   1.3742693017127983E-005
  -2.1751873471649450E-005
   1.7151854173644843E-005
   2.1374904002838131E-005
   1.1383194647035185E-005
  -2.1374661941546446E-005
  -2.2404857686533145E-005
  -4.5446422548769254E-006
   1.6009639451751334E-005
  -4.6614501465201752E-006
   2.3654453158224250E-005
  -2.0630149080338305E-005
  -1.0315490658380362E-005
  -2.0553183440950555E-005
  -1.8215820449977269E-005
  -1.8252018221893803E-005
   3.8905708712240703E-006
   2.7480596210982808E-006
  -2.1311513328627438E-005
  -2.0519257184779032E-005
  -1.3214788477193648E-005
   9.3996111595015359E-006
  -1.4536676755078261E-005
   8.2002209133495330E-006
  -1.7213857303517083E-005
   2.2566862973265968E-005
   9.3241471833206252E-007
   6.8840872781527629E-006
  -1.9098441897753418E-005
   2.1357443219469497E-005
  -2.4415873700644574E-005
   1.4276827966167111E-005
   3.8607591947218613E-006
  -1.5250475733576656E-005
   2.1795898862704074E-005
   4.3285541000010278E-006
   4.8758749641058821E-006
   2.3733227944555224E-005
   6.0967128894867797E-006
  -1.1325948815696319E-005
   6.2420600492291861E-006
   1.9166371764074541E-005
  -2.1144236085228565E-005
  -2.2933296617929158E-005
  -9.3825506653717939E-006
   1.0440902306227451E-005
  -2.1273678794069460E-005
   2.6923885154268366E-006
  -2.4698189525712063E-005
   2.5989117603741049E-006
  -2.4759262460597873E-005
  -4.8690470600174924E-006
   5.3939113551215542E-006
   2.4180882581737419E-005
   9.6705208718572482E-006
   1.6184440606617495E-005
  -3.6618183109081247E-006
  -1.8700076277527894E-005
  -1.7140912492167921E-005
  -1.2282007523681234E-005
   1.2544395250049263E-005
   1.0110098522286022E-005
   1.5409308388155237E-005
  -2.4486692287547887E-006
   8.4290741682190434E-006
   1.5354765604913633E-005
  -8.0161996845076350E-006
   1.5946405613411839E-005
  -2.3096197192730864E-005
  -7.9417648776834125E-007
  -2.1218505963522977E-005
   1.5730572057791196E-005
  -2.3897628317547973E-005
  -1.6477857008079372E-005
  -1.2938797549512249E-005
  -1.2088711405308516E-005
   2.0652474677310728E-005
   6.0895340832554884E-008
   2.1572840050860639E-005
   9.9489346383069006E-006
   1.4613761046738886E-005
   1.9183692256130361E-005
   1.2605564876406227E-005
   1.9364047285916766E-005
   1.0840070036894791E-005
   2.3795735438827135E-005
   3.1204832935128813E-006
  -6.7032035266643634E-006
   1.6841455974669504E-005
   2.1349147131953446E-005
  -2.2297922047738434E-005
  -1.3791967833004907E-005
  -2.2685021098898067E-005
   9.6821542143290354E-006
  -7.0046555766256319E-006
   2.6868189497799440E-006
   1.0329646847529140E-005
  -1.3149554405914193E-005
   2.7797730519622106E-006
   1.9236316015478468E-005
   2.0275225745244229E-005
  -4.9852042992453013E-006
   4.8963196267474370E-006
  -1.8948794766245165E-005
   8.9273663361543550E-006
   2.1721801727853903E-005
   1.6663891227947579E-006
   2.3571234160247295E-005
  -2.1699344688920462E-005
  -2.0572099464846118E-005
   2.2284311167355478E-005
  -2.6575519407693722E-006
   2.1048777120871820E-005
  -1.3578967465698506E-005
   9.9703663971020720E-006
  -2.2869233195243959E-005
  -1.9962683937498964E-005
   2.2048230003288641E-005
  -7.0907789117423585E-006
  -9.1866672226925557E-006
   1.6263738567212308E-005
  -1.4156901588353667E-005
  -5.2071627558429159E-006
  -2.4008236317228659E-005
   1.8616140314630140E-005
   2.4251702220191719E-005
   6.2058902059665384E-006
  -1.8706749975074912E-005
   4.2725865863162686E-008
   1.5579326054851986E-005
   2.1452518322498001E-005
  -5.6318481820498374E-006
  -1.3927911025962072E-005
  -1.6250853949934015E-005
  -2.7443497682525884E-006
  -7.8265264585179839E-006
   6.6408003896850731E-006
   1.4548267489611307E-006
  -1.4142612749026030E-005
  -6.9130231722373415E-006
   1.7478018533447456E-005
  -1.3410213817714133E-006
   2.6170866678648654E-006
   2.2852780078868882E-005
   2.8538584178731039E-006
  -1.1101998020005750E-005
  -2.3354998985609151E-005
  -1.0735021944702469E-005
   6.5337204207366194E-006
  -4.8828107080190197E-006
  -8.1672010556193798E-006
   1.7177439006536006E-006
   1.8158456543264025E-006
  -3.0524484638634463E-006
  -1.4725111776158843E-005
   5.5395549372988186E-006
   9.2011871571440159E-006
  -1.2988950435197019E-005
   2.2678445313132840E-006
  -2.0357984476962637E-006
   2.4740325613831122E-005
  -2.0325957034593612E-005
  -2.8728747269736797E-006
  -5.2210883448032667E-006
   2.3484909968495264E-005
  -1.3864894453215074E-005
  -1.1242601108245689E-005
  -4.5333536779351490E-006
  -1.8749097023359449E-005
   2.2930758713399574E-005
  -2.1513821980081431E-005
  -2.1732642075261031E-006
  -1.8921480837862953E-006
  -8.9775681811912295E-006
   1.1665240994173381E-005
  -1.8289450367247412E-005
   3.2863943268951562E-006
  -1.5811697526344794E-005
  -2.4027824949935473E-005
  -2.1050373354172069E-005
  -1.1554197434569065E-005
   5.2964119466260994E-006
   4.1945093883872796E-006
   1.4798149791393801E-005
   1.7730793242167256E-005
   1.7928874048828113E-006
  -5.0014442041918232E-006
   1.3645883928327217E-005
  -2.4559005078596499E-005
   5.9111054733750076E-006
  -7.8579590760648761E-006
   1.1356416697994521E-005
  -1.2192259393968556E-005
   2.0126527187247477E-005
  -1.4413475648421236E-005
  -1.4073292028016841E-005
   1.4067673215208475E-005
  -2.7780728404262260E-006
  -2.3609430721902461E-005
  -5.8897589610951036E-006
   1.3516385020355998E-005
   1.7226663886344340E-005
  -1.0404455796743085E-005
   5.7269985065919897E-007
  -2.1765290808535973E-005
   1.5399625131236929E-005
  -1.5023148067880251E-005
   1.9034992686157482E-005
   1.1250810342806402E-005
   1.9981365299413366E-005
  -2.3768407962206341E-005
   1.2674905496714120E-005
  -3.8270766908596039E-006
  -3.0655832594709188E-006
  -1.7707369200658508E-005
   1.3188457106819906E-005
  -4.8476772413895277E-006
  -4.8439800769612416E-006
   2.0532190100004104E-005
   2.1279054181076025E-005
   5.5372766281772406E-006
  -9.6350256233038447E-006
  -2.4408326834450258E-005
  -1.0767227927688358E-005
   4.7136362862354021E-006
  -2.3947720296522775E-005
   2.1668858300400743E-005
   1.0591047058909038E-005
  -1.5823544803689769E-005
   1.4960897308137287E-005
   1.4640234896873051E-005
   7.3684903839254066E-006
  -8.1711716647937795E-006
   2.3460300820040423E-005
  -1.3884909701845567E-005
  -3.2196768933317428E-006
   8.1811020898217784E-006
  -1.7967445921190163E-005
   2.3053857225297102E-005
   1.3202089422648899E-005
  -9.8270289036477714E-006
   1.8033379840780006E-005
  -2.3329516932668657E-005
   1.2115988891613105E-005
   5.2740900398634756E-006
  -5.3174289247841090E-006
  -1.6640969469021368E-005
   1.6548990461730310E-005
  -4.6611299767798730E-006
   2.3091660332001152E-005
  -3.8883058652495801E-006
   2.1475991136954702E-005
   5.8506407374305277E-008
   1.9200982692741558E-005
   2.4411821022478997E-005
   5.6070207535580745E-006
  -1.4421134866369388E-005
  -1.3620684271867584E-005
  -4.8806165892718936E-006
  -1.4615503359105689E-005
  -2.6400157010981680E-006
   1.3906465038261420E-006
   1.7943174191766813E-005
  -1.1677233990971878E-005
  -1.9948448798738247E-005
  -3.1294864114418376E-006
   1.3300823650496149E-005
  -3.2142432203596944E-006
   1.8767163496128289E-005
   2.2894200433131014E-005
   1.0276514414947487E-005
  -1.5827645759050971E-005
   2.0170192355055622E-005
   7.4861517973338368E-006
   1.6451252935148245E-005
  -8.7759858837449554E-006
  -1.0363103668450122E-005
  -9.4710138537483822E-006
  -2.0863311167092781E-005
  -2.0793549153607569E-005
  -1.9954518083286888E-007
  -1.5944816521324798E-005
   2.6967536315361310E-006
  -7.1825855354567432E-006
   4.5848404266723964E-006
   1.8128312214916924E-005
  -1.9983017982672028E-005
   7.6468894362999961E-008
  -1.6918520663112132E-005
  -1.3848342637215716E-005
   2.2808237972087171E-005
  -1.7894868071053402E-005
   2.3072816088528493E-005
   3.2007924699807291E-006
  -6.1867876066072404E-006
   5.5510341471582943E-007
   1.2200110967590419E-005
   1.3021931468904730E-005
  -2.4383920586382328E-007
   5.3406061441582279E-006
   9.7082281198696408E-006
  -1.5596992171065335E-005
  -2.4486871010965067E-005
   1.4898103287475630E-006
  -1.8296254771116661E-005
   8.9733634705293704E-006
   8.0163931375262811E-006
  -1.7558548417772536E-005
   1.8412155305845444E-005
   1.7517077433020701E-005
  -2.0121957722263158E-005
  -2.4492503915054763E-005
   5.8281006397403267E-006
   2.4811762202340790E-006
  -8.4382409053095706E-006
   1.2266985683330286E-005
   1.4243100229048698E-005
   6.9292774779297595E-006
   1.1133680219087405E-006
   1.8422965297327044E-005
  -1.8523652850288202E-005
  -7.5675288275552466E-006
  -1.3520407787243945E-005
   1.8017980378928779E-005
  -2.1046966932847641E-005
   4.5652648470776342E-006
  -1.2058793034064588E-005
  -1.5981188964837462E-005
  -2.4739678112011237E-005
  -5.1153901739545188E-008
   1.9445461999640233E-005
   2.2487653722046347E-005
   1.8953063887734322E-005
  -1.7535600723159466E-005
   3.0248686643266535E-006
   1.4614069824134006E-005
  -5.2383733417834532E-006
  -7.4257357262660015E-006
  -2.0356084569778727E-005
   1.8972669560891100E-005
   9.5933245941854733E-006
  -2.1379553785877080E-005
  -2.3658393982883857E-005
   3.7979930275041429E-007
   1.1016081385518395E-005
  -6.6862057887980701E-006
  -2.2206090921975979E-006
  -1.7899819320899292E-005
  -1.1398396231947306E-005
   7.2548325291002566E-006
  -6.1602516323767247E-006
   1.1028862967557778E-005
  -4.3891586191328912E-007
  -1.8996833424425128E-006
  -6.8393937029779524E-006
  -7.4725742527207730E-006
  -1.9228853792236481E-005
   1.6725348340058329E-005
   8.7478046398461714E-006
   2.3215979412301614E-005
   8.0068907432006015E-006
  -2.4421705715583748E-005
  -9.8226935547617191E-006
  -8.5171370504373067E-006
  -8.7443930651849939E-006
   9.5877696599445773E-006
  -1.2103767461240460E-005
   2.2392668765726457E-005
   1.4794576353982358E-005
  -6.2939588893385028E-006
  -1.4561786121472278E-005
  -8.0817117860101469E-006
  -1.2854071596291339E-005
  -6.9622410656065944E-006
   1.5972624050488364E-006
  -5.5340647861029933E-006
  -1.0237702242087157E-005
  -7.2660476117571217E-006
   2.4294102127060855E-005
   1.0254653883349881E-005
  -2.1153033202154607E-005
  -4.2769812959231731E-006
  -3.3814093636126053E-006
   1.0956382370896767E-006
   3.0205991923696735E-006
   2.1808150921158920E-005
  -1.4745605981790323E-006
  -1.4651412121799233E-005
  -2.2404309842900656E-005
   1.0757286929711877E-005
  -2.4635805879093137E-005
  -8.8015381888752616E-006
  -2.0392426035822219E-005
  -2.3020852695122996E-005
  -6.0919038163023699E-006
   2.0113047413815630E-005
   4.5387955628513937E-006
  -1.0296112870919292E-005
   1.1313380063844933E-005
   2.2839745048047382E-005
   1.1702063723016891E-005
   2.2124313063879589E-005
   5.4337166144352831E-006
   4.5755772937433742E-007
   4.4444243324879654E-006
   2.1619817253879914E-005
  -2.2404745743335554E-005
   1.0412361344510799E-005
   1.0911673776996640E-005
  -1.5783377563615980E-005
   5.0045115517697126E-006
   1.3379707007053707E-005
  -4.9819168382703721E-006
  -1.1850744649434611E-006
   2.4239653533113954E-005
   2.4592161208433051E-005
   1.0250683361417788E-006
   1.2968298230597544E-005
   6.1399938125322633E-006
  -4.9124791191545786E-006
  -7.0517855963459399E-006
   1.3258803188010925E-005
  -1.6918303032733909E-005
  -6.0216415041736340E-006
  -1.5900536143219803E-005
   1.4800565301538758E-005
   2.1012790813300042E-005
  -1.2145931594200267E-005
   4.0095037479794687E-006
  -7.6192414284488578E-006
  -1.6685976022535803E-005
   1.4166675416175113E-005
   1.6693065902834294E-005
   1.1426857078968251E-005
  -2.1309156835047110E-006
  -2.4070739832583848E-006
   6.9117016322724179E-006
  -1.0557558474632304E-005
  -1.0055063402455384E-005
  -2.3210952344679316E-005
  -1.0294273385264507E-005
   7.7228629241431197E-006
   2.2443033431691912E-005
  -9.8196196669898689E-006
   2.2696303178272229E-005
  -8.2313322749204074E-006
  -1.8849236742080104E-005
  -1.7480796302230537E-006
   5.4703574182215852E-006
  -1.4415708859831502E-005
  -2.7232557145263415E-006
  -1.2333194048495844E-005
  -1.4795092129826613E-005
  -1.8378188672651710E-005
   5.5431108213712229E-006
  -1.7845916681269381E-005
  -2.3863837159310012E-005
   1.0731888500677348E-005
   1.9458793340598018E-005
   1.8053770797179896E-005
   2.5671420556465921E-006
   2.4730198395565268E-005
   2.0689239216239614E-006
