X,Y,Z,rho,p,T,U,V,W
-9.712260000000000E-005, 1.330040000000000E-005,-9.517250000000000E-024, 1.224810000000000E+000, 3.516460000000000E+004, 1.000000000000000E+002, 1.002350000000000E+003,-1.032930000000000E-009, 5.331240000000000E-015
-9.344720000000000E-005, 1.289270000000000E-005,-7.010420000000000E-024, 1.224810000000000E+000, 3.516460000000000E+004, 1.000000000000000E+002, 1.002350000000000E+003, 6.957420000000000E-010, 2.957430000000000E-014
-8.995560000000000E-005, 1.250540000000000E-005, 4.085490000000000E-024, 1.224810000000000E+000, 3.516460000000000E+004, 1.000000000000000E+002, 1.002350000000000E+003,-1.619720000000000E-009, 6.485430000000000E-014
-8.663850000000000E-005, 1.213750000000000E-005,-1.197540000000000E-023, 1.224810000000000E+000, 3.516460000000000E+004, 1.000000000000000E+002, 1.002350000000000E+003,-1.293600000000000E-009,-9.096569999999999E-014
-8.348740000000000E-005, 1.178800000000000E-005,-3.695090000000000E-023, 1.224810000000000E+000, 3.516460000000000E+004, 1.000000000000000E+002, 1.002350000000000E+003,-1.961190000000000E-009,-2.044560000000000E-013
-8.049380000000001E-005, 1.145600000000000E-005,-2.259680000000000E-023, 1.224810000000000E+000, 3.516460000000000E+004, 1.000000000000000E+002, 1.002350000000000E+003,-5.518120000000000E-009, 1.896790000000000E-014
-7.764990000000000E-005, 1.114060000000000E-005,-3.754390000000000E-024, 1.224810000000000E+000, 3.516460000000000E+004, 1.000000000000000E+002, 1.002350000000000E+003,-2.557310000000000E-009, 2.946570000000000E-013
-7.494820000000000E-005, 1.084090000000000E-005, 1.048750000000000E-023, 1.224810000000000E+000, 3.516460000000000E+004, 1.000000000000000E+002, 1.002350000000000E+003,-7.917130000000001E-009, 1.828370000000000E-013
-7.238170000000001E-005, 1.055630000000000E-005,-1.402840000000000E-023, 1.224810000000000E+000, 3.516460000000000E+004, 1.000000000000000E+002, 1.002350000000000E+003,-5.672750000000000E-009,-1.159530000000000E-013
-6.994340000000001E-005, 1.028580000000000E-005,-5.064000000000000E-026, 1.224810000000000E+000, 3.516460000000000E+004, 1.000000000000000E+002, 1.002350000000000E+003,-1.243740000000000E-008,-1.781790000000000E-013
-6.762710000000000E-005, 1.002890000000000E-005, 3.455500000000000E-024, 1.224810000000000E+000, 3.516460000000000E+004, 1.000000000000000E+002, 1.002350000000000E+003, 2.009920000000000E-008,-1.288010000000000E-013
-6.542659999999999E-005, 9.784880000000000E-006, 9.129390000000000E-024, 1.224810000000000E+000, 3.516460000000000E+004, 1.000000000000000E+002, 1.002350000000000E+003, 2.344830000000000E-006,-6.822280000000000E-014
-6.333620000000001E-005, 9.553020000000000E-006,-2.397220000000000E-023, 1.224810000000000E+000, 3.516470000000000E+004, 1.000000000000000E+002, 1.002350000000000E+003, 1.294390000000000E-004, 1.501860000000000E-014
-6.135029999999999E-005, 9.332760000000000E-006,-2.240730000000000E-023, 1.224890000000000E+000, 3.517320000000000E+004, 1.000180000000000E+002, 1.002270000000000E+003, 1.244100000000000E-002, 5.581190000000000E-014
-5.946370000000000E-005, 9.123510000000001E-006,-3.454370000000000E-026, 1.228100000000000E+000, 3.622090000000000E+004, 1.027280000000000E+002, 9.989960000000000E+002, 4.231270000000000E-001, 7.997670000000000E-014
-5.767140000000000E-005, 8.924730000000000E-006, 1.605070000000000E-023, 2.363660000000000E+000, 2.273360000000000E+005, 3.350010000000000E+002, 6.540970000000000E+002, 6.358170000000000E+001,-1.137720000000000E-013
-5.596880000000000E-005, 8.735880000000001E-006, 2.800130000000000E-023, 5.654970000000000E+000, 9.543420000000000E+005, 5.878110000000000E+002, 1.943700000000000E+002, 9.116650000000000E+001,-5.418410000000000E-013
-5.435130000000000E-005, 8.556480000000000E-006,-2.026310000000000E-023, 6.021120000000000E+000, 1.056480000000000E+006, 6.111500000000000E+002, 1.252730000000000E+002, 1.002140000000000E+002, 1.142320000000000E-012
-5.281460000000000E-005, 8.386050000000001E-006, 1.202310000000000E-023, 5.834960000000000E+000, 1.053830000000000E+006, 6.290670000000000E+002, 9.846030000000000E+001, 1.004300000000000E+002,-1.704420000000000E-012
-5.135490000000000E-005, 8.224139999999999E-006,-1.282450000000000E-023, 5.587610000000000E+000, 1.047620000000000E+006, 6.530460000000000E+002, 6.798869999999999E+001, 1.080450000000000E+002,-7.198580000000000E-013
-4.996810000000000E-005, 8.070330000000000E-006, 1.559100000000000E-023, 5.492080000000000E+000, 1.054320000000000E+006, 6.686480000000000E+002, 4.483480000000000E+001, 1.185440000000000E+002,-1.584940000000000E-013
-9.562670000000000E-005, 2.154900000000000E-005, 7.463680000000000E-024, 1.224810000000000E+000, 3.516460000000000E+004, 1.000000000000000E+002, 1.002350000000000E+003, 2.356030000000000E-010, 2.517550000000000E-014
-9.198470000000000E-005, 2.088650000000000E-005,-2.679560000000000E-023, 1.224810000000000E+000, 3.516460000000000E+004, 1.000000000000000E+002, 1.002350000000000E+003,-7.576390000000000E-010,-5.334560000000000E-014
-8.852490000000000E-005, 2.025710000000000E-005,-4.016040000000000E-024, 1.224810000000000E+000, 3.516460000000000E+004, 1.000000000000000E+002, 1.002350000000000E+003,-1.560620000000000E-011, 7.754310000000000E-016
-8.523800000000000E-005, 1.965920000000000E-005,-2.789750000000000E-023, 1.224810000000000E+000, 3.516460000000000E+004, 1.000000000000000E+002, 1.002350000000000E+003,-1.012380000000000E-009, 4.105320000000000E-015
-8.211560000000000E-005, 1.909120000000000E-005,-2.058720000000000E-023, 1.224810000000000E+000, 3.516460000000000E+004, 1.000000000000000E+002, 1.002350000000000E+003, 6.219760000000000E-011,-1.608720000000000E-014
-7.914920000000000E-005, 1.855160000000000E-005,-7.863000000000000E-023, 1.224810000000000E+000, 3.516460000000000E+004, 1.000000000000000E+002, 1.002350000000000E+003,-2.249880000000000E-009,-1.422870000000000E-014
-7.633120000000000E-005, 1.803900000000000E-005, 8.687609999999999E-024, 1.224810000000000E+000, 3.516460000000000E+004, 1.000000000000000E+002, 1.002350000000000E+003,-1.008830000000000E-009,-1.166500000000000E-013
-7.365410000000000E-005, 1.755210000000000E-005, 9.084699999999999E-025, 1.224810000000000E+000, 3.516460000000000E+004, 1.000000000000000E+002, 1.002350000000000E+003,-3.382280000000000E-009,-1.451300000000000E-013
-7.111090000000000E-005, 1.708940000000000E-005,-4.492770000000000E-023, 1.224810000000000E+000, 3.516460000000000E+004, 1.000000000000000E+002, 1.002350000000000E+003,-1.717580000000000E-009, 1.688000000000000E-014
-6.869480000000001E-005, 1.664990000000000E-005,-2.266700000000000E-023, 1.224810000000000E+000, 3.516460000000000E+004, 1.000000000000000E+002, 1.002350000000000E+003,-4.955490000000000E-009, 7.662930000000000E-014
-6.639960000000000E-005, 1.623240000000000E-005, 1.970120000000000E-023, 1.224810000000000E+000, 3.516460000000000E+004, 1.000000000000000E+002, 1.002350000000000E+003, 6.332750000000000E-008, 6.925830000000000E-014
-6.421910000000000E-005, 1.583580000000000E-005, 2.174160000000000E-024, 1.224810000000000E+000, 3.516460000000000E+004, 1.000000000000000E+002, 1.002350000000000E+003, 5.190700000000000E-006, 4.003360000000000E-014
-6.214769999999999E-005, 1.545900000000000E-005,-3.349780000000000E-023, 1.224810000000000E+000, 3.516470000000000E+004, 1.000000000000000E+002, 1.002350000000000E+003, 2.805750000000000E-004,-3.873720000000000E-015
-6.017990000000000E-005, 1.510100000000000E-005, 4.037750000000000E-023, 1.224920000000000E+000, 3.517500000000000E+004, 1.000210000000000E+002, 1.002260000000000E+003, 2.187530000000000E-002,-4.697890000000000E-014
-5.831040000000000E-005, 1.476100000000000E-005, 2.855830000000000E-024, 1.229270000000000E+000, 3.637610000000000E+004, 1.030700000000000E+002, 9.985020000000000E+002, 9.749230000000000E-001,-7.157530000000000E-014
-5.653450000000000E-005, 1.443790000000000E-005, 4.621940000000000E-023, 2.590220000000000E+000, 2.585170000000000E+005, 3.476290000000000E+002, 6.241160000000000E+002, 1.156990000000000E+002,-7.131470000000000E-014
-5.484730000000000E-005, 1.413100000000000E-005,-1.143620000000000E-024, 5.660760000000000E+000, 9.334930000000000E+005, 5.743810000000000E+002, 2.236180000000000E+002, 1.555380000000000E+002,-7.070150000000000E-014
-5.324450000000000E-005, 1.383950000000000E-005,-2.891080000000000E-023, 5.816540000000000E+000, 9.976500000000000E+005, 5.974170000000000E+002, 1.560920000000000E+002, 1.735880000000000E+002, 7.683990000000000E-014
-5.172190000000000E-005, 1.356250000000000E-005,-2.348080000000000E-023, 5.626660000000000E+000, 9.934310000000000E+005, 6.149660000000000E+002, 1.283510000000000E+002, 1.612780000000000E+002,-1.650020000000000E-013
-5.027540000000000E-005, 1.329940000000000E-005,-6.696890000000000E-024, 5.451080000000000E+000, 1.007760000000000E+006, 6.439310000000000E+002, 9.204389999999999E+001, 1.720430000000000E+002,-1.521500000000000E-012
-4.890120000000000E-005, 1.304940000000000E-005,-3.833420000000000E-023, 5.335770000000000E+000, 1.013290000000000E+006, 6.614550000000000E+002, 3.680450000000000E+001, 1.612190000000000E+002, 2.497530000000000E-013
-9.339720000000000E-005, 2.974330000000000E-005, 1.723780000000000E-023, 1.224810000000000E+000, 3.516460000000000E+004, 1.000000000000000E+002, 1.002350000000000E+003, 3.153130000000000E-010, 2.243190000000000E-016
-8.980540000000000E-005, 2.882470000000000E-005,-2.313770000000000E-024, 1.224810000000000E+000, 3.516460000000000E+004, 1.000000000000000E+002, 1.002350000000000E+003,-5.431800000000000E-010,-1.151340000000000E-014
-8.639320000000000E-005, 2.795200000000000E-005,-7.495900000000001E-023, 1.224810000000000E+000, 3.516460000000000E+004, 1.000000000000000E+002, 1.002350000000000E+003, 5.588790000000000E-011,-4.488320000000000E-016
-8.315160000000001E-005, 2.712300000000000E-005,-1.260580000000000E-024, 1.224810000000000E+000, 3.516460000000000E+004, 1.000000000000000E+002, 1.002350000000000E+003,-8.223040000000000E-010,-7.425790000000000E-015
-8.007220000000000E-005, 2.633540000000000E-005,-1.729230000000000E-023, 1.224810000000000E+000, 3.516460000000000E+004, 1.000000000000000E+002, 1.002350000000000E+003,-1.988010000000000E-010,-7.344820000000000E-015
-7.714670000000000E-005, 2.558720000000000E-005,-1.336140000000000E-023, 1.224810000000000E+000, 3.516460000000000E+004, 1.000000000000000E+002, 1.002350000000000E+003,-1.319590000000000E-009,-2.339200000000000E-014
-7.436750000000000E-005, 2.487650000000000E-005, 6.233710000000000E-023, 1.224810000000000E+000, 3.516460000000000E+004, 1.000000000000000E+002, 1.002350000000000E+003,-4.555440000000000E-010, 2.253790000000000E-015
-7.172720000000000E-005, 2.420120000000000E-005, 3.373120000000000E-023, 1.224810000000000E+000, 3.516460000000000E+004, 1.000000000000000E+002, 1.002350000000000E+003,-1.676670000000000E-009, 8.258660000000001E-015
-6.921900000000000E-005, 2.355980000000000E-005,-8.431460000000001E-023, 1.224810000000000E+000, 3.516460000000000E+004, 1.000000000000000E+002, 1.002350000000000E+003,-1.058870000000000E-009, 8.996900000000000E-016
-6.683620000000000E-005, 2.295040000000000E-005, 3.370060000000000E-023, 1.224810000000000E+000, 3.516460000000000E+004, 1.000000000000000E+002, 1.002350000000000E+003,-1.979520000000000E-009,-8.436699999999999E-015
-6.457260000000001E-005, 2.237150000000000E-005,-1.670480000000000E-023, 1.224810000000000E+000, 3.516460000000000E+004, 1.000000000000000E+002, 1.002350000000000E+003, 9.304620000000000E-008,-1.054960000000000E-014
-6.242210000000000E-005, 2.182150000000000E-005, 2.020530000000000E-023, 1.224810000000000E+000, 3.516460000000000E+004, 1.000000000000000E+002, 1.002350000000000E+003, 7.662530000000000E-006,-1.470100000000000E-014
-6.037920000000000E-005, 2.129900000000000E-005, 3.898790000000000E-024, 1.224810000000000E+000, 3.516470000000000E+004, 1.000000000000000E+002, 1.002350000000000E+003, 4.190900000000000E-004,-1.414000000000000E-014
-5.843850000000000E-005, 2.080270000000000E-005, 4.235820000000000E-023, 1.224930000000000E+000, 3.517680000000000E+004, 1.000250000000000E+002, 1.002250000000000E+003, 3.624160000000000E-002,-1.230640000000000E-014
-5.659480000000000E-005, 2.033110000000000E-005,-4.898380000000000E-024, 1.229530000000000E+000, 3.657700000000000E+004, 1.036170000000000E+002, 9.979330000000000E+002, 1.292690000000000E+000,-6.869700000000000E-015
-5.484330000000000E-005, 1.988320000000000E-005,-1.829910000000000E-024, 2.977410000000000E+000, 3.182150000000000E+005, 3.722590000000000E+002, 5.798350000000000E+002, 1.519190000000000E+002, 1.517840000000000E-015
-5.317940000000000E-005, 1.945770000000000E-005, 1.026010000000000E-022, 5.680860000000000E+000, 9.164300000000000E+005, 5.618869999999999E+002, 2.564110000000000E+002, 2.138770000000000E+002,-5.908120000000000E-014
-5.159860000000000E-005, 1.905340000000000E-005,-7.976600000000000E-023, 5.655440000000000E+000, 9.473710000000000E+005, 5.834690000000001E+002, 1.957210000000000E+002, 2.323580000000000E+002, 2.160990000000000E-013
-5.009700000000000E-005, 1.866930000000000E-005,-4.476070000000000E-023, 5.428100000000000E+000, 9.326530000000000E+005, 5.984620000000000E+002, 1.704340000000000E+002, 2.160160000000000E+002,-2.625380000000000E-013
-4.867040000000000E-005, 1.830450000000000E-005, 5.615650000000000E-023, 5.269370000000000E+000, 9.525070000000000E+005, 6.296130000000001E+002, 1.321670000000000E+002, 2.382120000000000E+002, 7.825399999999999E-014
-4.731520000000000E-005, 1.795790000000000E-005, 3.555530000000000E-023, 5.142190000000000E+000, 9.580860000000000E+005, 6.489630000000000E+002, 6.423940000000000E+001, 2.045560000000000E+002, 6.983490000000001E-014
-9.045140000000001E-005, 3.774710000000000E-005, 1.134520000000000E-023, 1.224810000000000E+000, 3.516460000000000E+004, 1.000000000000000E+002, 1.002350000000000E+003, 2.120090000000000E-010,-7.844590000000000E-015
-8.692640000000000E-005, 3.657420000000000E-005,-5.950760000000000E-025, 1.224810000000000E+000, 3.516460000000000E+004, 1.000000000000000E+002, 1.002350000000000E+003,-3.726820000000000E-010, 1.482110000000000E-014
-8.357770000000000E-005, 3.546000000000000E-005, 5.506580000000000E-025, 1.224810000000000E+000, 3.516460000000000E+004, 1.000000000000000E+002, 1.002350000000000E+003, 1.546500000000000E-010,-1.787370000000000E-014
-8.039650000000000E-005, 3.440140000000000E-005,-5.239680000000000E-023, 1.224810000000000E+000, 3.516460000000000E+004, 1.000000000000000E+002, 1.002350000000000E+003,-8.699700000000000E-010, 1.421190000000000E-014
-7.737430000000000E-005, 3.339580000000000E-005,-6.744630000000000E-023, 1.224810000000000E+000, 3.516460000000000E+004, 1.000000000000000E+002, 1.002350000000000E+003,-1.655000000000000E-010,-1.875890000000000E-014
-7.450320000000000E-005, 3.244050000000000E-005,-4.054830000000000E-023, 1.224810000000000E+000, 3.516460000000000E+004, 1.000000000000000E+002, 1.002350000000000E+003,-8.366080000000000E-010,-4.596170000000000E-014
-7.177570000000000E-005, 3.153290000000000E-005, 3.998290000000000E-023, 1.224810000000000E+000, 3.516460000000000E+004, 1.000000000000000E+002, 1.002350000000000E+003,-1.203380000000000E-009, 3.852640000000000E-014
-6.918459999999999E-005, 3.067080000000000E-005,-5.938670000000000E-024, 1.224810000000000E+000, 3.516460000000000E+004, 1.000000000000000E+002, 1.002350000000000E+003,-1.453630000000000E-010, 7.854910000000000E-015
-6.672300000000000E-005, 2.985170000000000E-005,-3.066890000000000E-023, 1.224810000000000E+000, 3.516460000000000E+004, 1.000000000000000E+002, 1.002350000000000E+003,-1.824010000000000E-009,-4.170990000000000E-014
-6.438460000000000E-005, 2.907360000000000E-005,-4.688670000000000E-023, 1.224810000000000E+000, 3.516460000000000E+004, 1.000000000000000E+002, 1.002350000000000E+003, 3.049800000000000E-009,-3.018400000000000E-014
-6.216310000000000E-005, 2.833440000000000E-005,-1.835530000000000E-023, 1.224810000000000E+000, 3.516460000000000E+004, 1.000000000000000E+002, 1.002350000000000E+003, 2.574810000000000E-007,-1.902640000000000E-014
-6.005260000000000E-005, 2.763220000000000E-005, 3.674260000000000E-023, 1.224810000000000E+000, 3.516460000000000E+004, 1.000000000000000E+002, 1.002350000000000E+003, 1.763200000000000E-005,-7.669350000000001E-015
-5.804770000000000E-005, 2.696510000000000E-005, 3.858520000000000E-023, 1.224820000000000E+000, 3.516480000000000E+004, 1.000000000000000E+002, 1.002350000000000E+003, 9.232700000000000E-004, 4.490180000000000E-015
-5.614310000000000E-005, 2.633130000000000E-005,-2.439630000000000E-025, 1.225000000000000E+000, 3.518290000000000E+004, 1.000370000000000E+002, 1.002220000000000E+003, 6.230020000000000E-002, 8.978679999999999E-015
-5.433370000000000E-005, 2.572920000000000E-005, 4.254740000000000E-023, 1.232600000000000E+000, 3.697370000000000E+004, 1.044800000000000E+002, 9.967130000000000E+002, 2.434780000000000E+000, 8.358470000000000E-015
-5.261480000000000E-005, 2.515730000000000E-005,-1.925550000000000E-023, 3.545280000000000E+000, 4.027840000000000E+005, 3.957180000000000E+002, 5.231280000000000E+002, 2.135780000000000E+002, 8.013960000000000E-014
-5.098180000000000E-005, 2.461390000000000E-005,-1.196400000000000E-023, 5.603120000000000E+000, 8.690850000000000E+005, 5.402520000000000E+002, 2.835800000000000E+002, 2.677530000000000E+002, 1.719000000000000E-013
-4.943050000000000E-005, 2.409770000000000E-005, 3.155500000000000E-023, 5.508380000000000E+000, 8.938780000000000E+005, 5.652210000000000E+002, 2.436010000000000E+002, 2.720240000000000E+002, 3.977210000000000E-013
-4.795680000000000E-005, 2.360740000000000E-005,-1.086610000000000E-022, 5.247390000000000E+000, 8.789020000000000E+005, 5.833930000000000E+002, 2.197450000000000E+002, 2.606560000000000E+002, 4.908900000000000E-013
-4.655670000000000E-005, 2.314150000000000E-005,-3.365010000000000E-024, 5.059100000000000E+000, 8.933950000000000E+005, 6.150839999999999E+002, 1.843560000000000E+002, 2.903670000000000E+002, 4.585330000000000E-013
-4.522670000000000E-005, 2.269900000000000E-005,-5.631800000000000E-024, 4.908630000000000E+000, 8.942960000000000E+005, 6.345780000000000E+002, 1.067560000000000E+002, 2.424380000000000E+002, 6.134480000000000E-014
-8.681190000000000E-005, 4.547880000000000E-005,-1.342780000000000E-022, 1.224810000000000E+000, 3.516460000000000E+004, 1.000000000000000E+002, 1.002350000000000E+003, 1.918780000000000E-010,-1.111970000000000E-015
-8.337040000000000E-005, 4.405490000000000E-005, 3.902720000000000E-023, 1.224810000000000E+000, 3.516460000000000E+004, 1.000000000000000E+002, 1.002350000000000E+003,-3.322590000000000E-010,-3.210990000000000E-015
-8.010100000000000E-005, 4.270210000000000E-005, 2.790870000000000E-023, 1.224810000000000E+000, 3.516460000000000E+004, 1.000000000000000E+002, 1.002350000000000E+003,-8.690520000000000E-011,-6.300000000000000E-015
-7.699500000000000E-005, 4.141700000000000E-005, 5.988730000000001E-023, 1.224810000000000E+000, 3.516460000000000E+004, 1.000000000000000E+002, 1.002350000000000E+003,-1.359130000000000E-010, 4.485390000000000E-015
-7.404440000000000E-005, 4.019620000000000E-005,-1.502440000000000E-022, 1.224810000000000E+000, 3.516460000000000E+004, 1.000000000000000E+002, 1.002350000000000E+003,-9.121270000000000E-010,-5.283210000000000E-015
-7.124130000000000E-005, 3.903640000000000E-005, 7.078030000000000E-023, 1.224810000000000E+000, 3.516460000000000E+004, 1.000000000000000E+002, 1.002350000000000E+003,-4.987770000000000E-010, 2.177960000000000E-014
-6.857839999999999E-005, 3.793460000000000E-005,-1.685910000000000E-022, 1.224810000000000E+000, 3.516460000000000E+004, 1.000000000000000E+002, 1.002350000000000E+003,-1.011590000000000E-009, 2.093700000000000E-014
-6.604870000000000E-005, 3.688790000000000E-005, 1.832550000000000E-022, 1.224810000000000E+000, 3.516460000000000E+004, 1.000000000000000E+002, 1.002350000000000E+003,-6.026530000000000E-012,-2.765250000000000E-014
-6.364540000000001E-005, 3.589350000000000E-005, 1.364240000000000E-022, 1.224810000000000E+000, 3.516460000000000E+004, 1.000000000000000E+002, 1.002350000000000E+003,-1.553430000000000E-009,-4.275670000000000E-014
-6.136229999999999E-005, 3.494890000000000E-005,-5.012520000000000E-023, 1.224810000000000E+000, 3.516460000000000E+004, 1.000000000000000E+002, 1.002350000000000E+003,-1.105770000000000E-009,-2.748750000000000E-014
-5.919340000000000E-005, 3.405150000000000E-005, 3.506870000000000E-023, 1.224810000000000E+000, 3.516460000000000E+004, 1.000000000000000E+002, 1.002350000000000E+003,-4.868750000000000E-007,-6.634250000000000E-015
-5.713300000000000E-005, 3.319890000000000E-005, 5.223580000000000E-024, 1.224810000000000E+000, 3.516460000000000E+004, 1.000000000000000E+002, 1.002350000000000E+003, 3.572440000000000E-006, 6.032800000000000E-015
-5.517560000000000E-005, 3.238900000000000E-005,-8.458740000000001E-023, 1.224810000000000E+000, 3.516430000000000E+004, 9.999960000000000E+001, 1.002350000000000E+003,-2.263940000000000E-003, 1.157320000000000E-014
-5.331600000000000E-005, 3.161960000000000E-005, 6.503020000000000E-023, 1.224940000000000E+000, 3.515940000000000E+004, 9.997450000000001E+001, 1.002260000000000E+003, 3.310450000000000E-002, 1.280010000000000E-014
-5.154950000000000E-005, 3.088870000000000E-005, 2.804030000000000E-023, 1.176640000000000E+000, 3.311260000000000E+004, 9.801990000000001E+001, 1.014270000000000E+003,-9.201250000000000E+000, 1.016780000000000E-014
-4.987130000000000E-005, 3.019430000000000E-005, 9.454680000000000E-023, 4.211180000000000E+000, 4.853780000000000E+005, 4.014590000000000E+002, 4.994010000000000E+002, 2.821840000000000E+002,-1.749480000000000E-013
-4.827700000000000E-005, 2.953470000000000E-005,-1.831560000000000E-023, 5.512170000000000E+000, 8.124850000000000E+005, 5.134010000000000E+002, 3.205490000000000E+002, 3.098110000000000E+002,-4.372560000000000E-013
-4.676240000000000E-005, 2.890800000000000E-005, 5.745230000000000E-023, 5.317910000000000E+000, 8.278920000000000E+005, 5.422470000000000E+002, 2.964390000000000E+002, 3.046060000000000E+002,-4.073900000000000E-013
-4.532360000000000E-005, 2.831270000000000E-005, 2.671640000000000E-023, 5.044140000000000E+000, 8.224090000000000E+005, 5.678900000000000E+002, 2.705100000000000E+002, 2.981780000000000E+002,-2.190430000000000E-012
-4.395670000000000E-005, 2.774710000000000E-005, 1.619760000000000E-024, 4.831390000000000E+000, 8.344430000000000E+005, 6.015730000000000E+002, 2.387280000000000E+002, 3.299150000000000E+002, 7.544260000000000E-013
-4.265820000000000E-005, 2.720990000000000E-005,-8.300700000000000E-024, 4.623000000000000E+000, 8.211320000000000E+005, 6.186609999999999E+002, 1.489330000000000E+002, 2.689220000000000E+002, 3.289950000000000E-013
-8.250660000000000E-005, 5.287110000000000E-005,-5.577080000000000E-023, 1.224810000000000E+000, 3.516460000000000E+004, 1.000000000000000E+002, 1.002350000000000E+003, 2.959720000000000E-011,-3.714950000000000E-016
-7.916520000000001E-005, 5.120050000000000E-005,-6.601510000000000E-023, 1.224810000000000E+000, 3.516460000000000E+004, 1.000000000000000E+002, 1.002350000000000E+003,-6.363280000000000E-011,-1.609050000000000E-015
-7.599080000000000E-005, 4.961350000000000E-005, 3.151390000000000E-023, 1.224810000000000E+000, 3.516460000000000E+004, 1.000000000000000E+002, 1.002350000000000E+003,-2.437690000000000E-010,-2.636420000000000E-015
-7.297520000000000E-005, 4.810580000000000E-005,-1.247460000000000E-022, 1.224810000000000E+000, 3.516460000000000E+004, 1.000000000000000E+002, 1.002350000000000E+003,-1.789450000000000E-010, 6.503420000000000E-015
-7.011040000000001E-005, 4.667350000000000E-005, 9.643260000000000E-023, 1.224810000000000E+000, 3.516460000000000E+004, 1.000000000000000E+002, 1.002350000000000E+003,-9.353630000000001E-010, 2.682760000000000E-014
-6.738880000000000E-005, 4.531280000000000E-005,-8.148800000000000E-024, 1.224810000000000E+000, 3.516460000000000E+004, 1.000000000000000E+002, 1.002350000000000E+003,-4.436400000000000E-010, 3.611630000000000E-014
-6.480340000000000E-005, 4.402020000000000E-005,-5.384190000000000E-023, 1.224810000000000E+000, 3.516460000000000E+004, 1.000000000000000E+002, 1.002350000000000E+003,-2.186060000000000E-010,-1.355190000000000E-014
-6.234720000000001E-005, 4.279220000000000E-005,-4.830320000000000E-024, 1.224810000000000E+000, 3.516460000000000E+004, 1.000000000000000E+002, 1.002350000000000E+003,-1.365380000000000E-009,-4.144310000000000E-014
-6.001380000000000E-005, 4.162560000000000E-005,-1.270570000000000E-023, 1.224810000000000E+000, 3.516460000000000E+004, 1.000000000000000E+002, 1.002350000000000E+003,-6.215260000000000E-010,-1.608500000000000E-014
-5.779710000000000E-005, 4.051730000000000E-005, 2.538860000000000E-023, 1.224810000000000E+000, 3.516460000000000E+004, 1.000000000000000E+002, 1.002350000000000E+003, 4.936460000000000E-008,-3.160850000000000E-017
-5.569130000000000E-005, 3.946450000000000E-005, 1.178240000000000E-022, 1.224810000000000E+000, 3.516460000000000E+004, 1.000000000000000E+002, 1.002350000000000E+003, 4.658810000000000E-006, 1.663310000000000E-014
-5.369070000000000E-005, 3.846430000000000E-005, 6.129000000000000E-023, 1.224810000000000E+000, 3.516460000000000E+004, 1.000000000000000E+002, 1.002350000000000E+003, 2.621810000000000E-004, 2.221260000000000E-014
-5.179020000000000E-005, 3.751410000000000E-005,-1.071050000000000E-022, 1.224850000000000E+000, 3.516900000000000E+004, 1.000090000000000E+002, 1.002320000000000E+003, 2.278260000000000E-002, 2.550340000000000E-014
-4.998480000000000E-005, 3.661140000000000E-005,-2.481880000000000E-023, 1.226680000000000E+000, 3.566720000000000E+004, 1.012750000000000E+002, 1.000810000000000E+003, 6.800790000000000E-001, 2.204030000000000E-014
-4.826960000000000E-005, 3.575390000000000E-005,-9.200179999999999E-025, 1.990900000000000E+000, 1.349240000000000E+005, 2.360500000000000E+002, 8.262820000000000E+002, 1.016390000000000E+002,-1.911450000000000E-013
-4.664020000000000E-005, 3.493930000000000E-005, 5.419000000000000E-023, 4.815350000000000E+000, 6.076940000000000E+005, 4.395620000000000E+002, 4.408680000000000E+002, 3.326840000000000E+002,-2.823180000000000E-013
-4.509220000000000E-005, 3.416540000000000E-005, 7.324960000000001E-023, 5.121550000000000E+000, 7.216550000000000E+005, 4.907860000000000E+002, 3.555820000000000E+002, 3.557110000000000E+002,-1.032750000000000E-013
-4.362170000000000E-005, 3.343020000000000E-005, 7.015260000000001E-024, 4.893840000000000E+000, 7.231040000000000E+005, 5.146530000000000E+002, 3.436440000000000E+002, 3.455760000000000E+002,-7.934910000000000E-014
-4.222470000000000E-005, 3.273170000000000E-005, 9.047820000000000E-024, 4.657470000000000E+000, 7.316300000000000E+005, 5.471500000000000E+002, 3.179870000000000E+002, 3.535900000000000E+002, 5.400200000000000E-012
-4.089760000000000E-005, 3.206820000000000E-005,-5.728530000000000E-024, 4.404150000000000E+000, 7.339580000000000E+005, 5.804610000000000E+002, 2.926830000000000E+002, 3.601810000000000E+002,-3.671660000000000E-012
-3.963680000000000E-005, 3.143790000000000E-005, 3.973660000000000E-023, 4.124420000000000E+000, 6.998020000000000E+005, 5.909860000000000E+002, 1.817180000000000E+002, 2.813740000000000E+002,-7.883990000000000E-013
-7.756880000000000E-005, 5.986370000000000E-005, 2.499740000000000E-022, 1.224810000000000E+000, 3.516460000000000E+004, 1.000000000000000E+002, 1.002350000000000E+003,-6.906000000000001E-011,-1.540700000000000E-016
-7.434390000000000E-005, 5.795190000000000E-005,-2.531260000000000E-022, 1.224810000000000E+000, 3.516460000000000E+004, 1.000000000000000E+002, 1.002350000000000E+003, 1.026800000000000E-010,-1.601970000000000E-014
-7.128030000000000E-005, 5.613570000000000E-005,-3.474270000000000E-023, 1.224810000000000E+000, 3.516460000000000E+004, 1.000000000000000E+002, 1.002350000000000E+003,-3.973280000000000E-010,-8.746590000000001E-015
-6.837000000000000E-005, 5.441030000000000E-005, 8.325570000000000E-024, 1.224810000000000E+000, 3.516460000000000E+004, 1.000000000000000E+002, 1.002350000000000E+003,-3.580790000000000E-010, 6.128180000000000E-015
-6.560510000000000E-005, 5.277120000000000E-005, 2.726980000000000E-022, 1.224810000000000E+000, 3.516460000000000E+004, 1.000000000000000E+002, 1.002350000000000E+003,-5.512690000000000E-010, 1.829080000000000E-014
-6.297850000000000E-005, 5.121400000000000E-005,-4.843660000000000E-023, 1.224810000000000E+000, 3.516460000000000E+004, 1.000000000000000E+002, 1.002350000000000E+003,-6.773629999999999E-010, 1.043260000000000E-014
-6.048320000000000E-005, 4.973480000000000E-005, 2.107670000000000E-022, 1.224810000000000E+000, 3.516460000000000E+004, 1.000000000000000E+002, 1.002350000000000E+003,-3.608800000000000E-010,-3.693170000000000E-014
-5.811270000000000E-005, 4.832950000000000E-005,-2.891640000000000E-023, 1.224810000000000E+000, 3.516460000000000E+004, 1.000000000000000E+002, 1.002350000000000E+003,-9.281450000000000E-010,-3.369370000000000E-014
-5.586080000000000E-005, 4.699440000000000E-005, 1.005770000000000E-022, 1.224810000000000E+000, 3.516460000000000E+004, 1.000000000000000E+002, 1.002350000000000E+003, 4.535220000000000E-010,-1.435970000000000E-014
-5.372150000000000E-005, 4.572620000000000E-005, 1.407840000000000E-022, 1.224810000000000E+000, 3.516460000000000E+004, 1.000000000000000E+002, 1.002350000000000E+003,-2.041120000000000E-007,-3.823880000000000E-015
-5.168910000000000E-005, 4.452130000000000E-005, 1.434360000000000E-022, 1.224810000000000E+000, 3.516460000000000E+004, 1.000000000000000E+002, 1.002350000000000E+003, 9.937950000000000E-006, 3.404340000000000E-016
-4.975840000000000E-005, 4.337670000000000E-005, 3.870780000000000E-023, 1.224810000000000E+000, 3.516460000000000E+004, 1.000000000000000E+002, 1.002350000000000E+003,-1.046820000000000E-003, 5.939980000000000E-015
-4.792420000000000E-005, 4.228930000000000E-005,-3.820310000000000E-023, 1.224940000000000E+000, 3.516250000000000E+004, 9.998399999999999E+001, 1.002280000000000E+003, 4.416360000000000E-002, 3.978770000000000E-015
-4.618170000000000E-005, 4.125630000000000E-005, 2.482940000000000E-023, 1.189100000000000E+000, 3.341470000000000E+004, 9.787770000000000E+001, 1.008270000000000E+003,-7.630340000000000E+000,-1.218980000000000E-013
-4.452640000000000E-005, 4.027500000000000E-005,-3.786310000000000E-023, 3.215670000000000E+000, 2.976360000000000E+005, 3.223870000000000E+002, 6.733270000000000E+002, 2.407000000000000E+002, 8.960940000000000E-013
-4.295380000000000E-005, 3.934270000000000E-005,-3.356680000000000E-023, 4.930490000000000E+000, 6.264200000000000E+005, 4.425270000000000E+002, 4.401290000000000E+002, 3.657630000000000E+002, 1.217720000000000E-012
-4.145990000000000E-005, 3.845710000000000E-005,-9.627140000000000E-023, 4.804790000000000E+000, 6.538840000000000E+005, 4.740140000000000E+002, 4.046880000000000E+002, 3.781270000000000E+002, 1.156250000000000E-012
-4.004070000000000E-005, 3.761570000000000E-005,-8.961500000000000E-023, 4.508980000000000E+000, 6.382910000000000E+005, 4.930650000000000E+002, 3.941650000000000E+002, 3.664880000000000E+002,-1.724870000000000E-012
-3.869240000000000E-005, 3.681640000000000E-005,-7.476000000000000E-023, 4.205790000000000E+000, 6.326650000000000E+005, 5.239510000000000E+002, 3.746760000000000E+002, 3.919070000000000E+002,-4.863290000000000E-012
-3.741160000000000E-005, 3.605710000000000E-005,-1.095220000000000E-022, 3.876910000000000E+000, 6.155670000000000E+005, 5.530370000000000E+002, 3.635410000000000E+002, 3.829780000000000E+002, 8.537160000000001E-012
-3.619480000000000E-005, 3.533570000000000E-005, 7.514930000000000E-023, 3.582160000000000E+000, 5.764310000000000E+005, 5.604880000000001E+002, 2.273200000000000E+002, 2.963380000000000E+002, 1.195710000000000E-012
-7.203629999999999E-005, 6.640070000000000E-005,-2.085800000000000E-023, 1.224810000000000E+000, 3.516460000000000E+004, 1.000000000000000E+002, 1.002350000000000E+003,-9.304070000000000E-011, 5.779420000000000E-015
-6.894450000000000E-005, 6.425420000000000E-005,-1.300170000000000E-023, 1.224810000000000E+000, 3.516460000000000E+004, 1.000000000000000E+002, 1.002350000000000E+003, 9.838900000000000E-011,-5.517130000000000E-015
-6.600719999999999E-005, 6.221500000000000E-005,-4.583960000000000E-023, 1.224810000000000E+000, 3.516460000000000E+004, 1.000000000000000E+002, 1.002350000000000E+003,-5.003740000000000E-010,-2.545610000000000E-014
-6.321689999999999E-005, 6.027770000000000E-005, 5.624920000000000E-023, 1.224810000000000E+000, 3.516460000000000E+004, 1.000000000000000E+002, 1.002350000000000E+003,-3.962490000000000E-010,-1.562370000000000E-014
-6.056610000000000E-005, 5.843730000000000E-005,-2.231830000000000E-022, 1.224810000000000E+000, 3.516460000000000E+004, 1.000000000000000E+002, 1.002350000000000E+003,-4.362460000000000E-010,-1.183490000000000E-014
-5.804780000000000E-005, 5.668900000000000E-005, 8.847690000000000E-023, 1.224810000000000E+000, 3.516460000000000E+004, 1.000000000000000E+002, 1.002350000000000E+003,-7.640390000000000E-010, 1.725480000000000E-015
-5.565540000000000E-005, 5.502810000000000E-005, 2.596380000000000E-023, 1.224810000000000E+000, 3.516460000000000E+004, 1.000000000000000E+002, 1.002350000000000E+003,-4.914070000000000E-010,-1.856540000000000E-014
-5.338270000000000E-005, 5.345020000000000E-005,-1.569740000000000E-022, 1.224810000000000E+000, 3.516460000000000E+004, 1.000000000000000E+002, 1.002350000000000E+003,-1.079420000000000E-009,-5.101540000000000E-015
-5.122370000000000E-005, 5.195120000000000E-005, 6.615290000000001E-023, 1.224810000000000E+000, 3.516460000000000E+004, 1.000000000000000E+002, 1.002350000000000E+003, 3.048700000000000E-008, 9.572090000000000E-016
-4.917260000000000E-005, 5.052720000000000E-005, 2.870230000000000E-022, 1.224810000000000E+000, 3.516460000000000E+004, 1.000000000000000E+002, 1.002350000000000E+003,-4.659810000000000E-007, 9.410250000000000E-015
-4.722400000000000E-005, 4.917440000000000E-005,-1.965770000000000E-024, 1.224810000000000E+000, 3.516460000000000E+004, 1.000000000000000E+002, 1.002350000000000E+003, 1.758100000000000E-004, 1.025250000000000E-014
-4.537290000000000E-005, 4.788920000000000E-005, 8.087670000000000E-023, 1.224810000000000E+000, 3.516350000000000E+004, 9.999740000000000E+001, 1.002350000000000E+003, 7.902609999999999E-003, 1.025200000000000E-014
-4.361440000000000E-005, 4.666830000000000E-005, 1.270850000000000E-022, 1.225490000000000E+000, 3.532650000000000E+004, 1.004050000000000E+002, 1.001850000000000E+003, 3.606330000000000E-001, 1.340640000000000E-014
-4.194380000000000E-005, 4.550850000000000E-005,-5.351690000000000E-023, 1.564280000000000E+000, 7.355860000000001E+004, 1.637880000000000E+002, 9.345660000000000E+002, 6.741450000000000E+001, 1.857810000000000E-012
-4.035670000000000E-005, 4.440660000000000E-005, 3.212740000000000E-023, 4.267720000000000E+000, 4.405410000000000E+005, 3.595460000000000E+002, 6.142890000000000E+002, 3.561730000000000E+002,-1.384920000000000E-012
-3.884900000000000E-005, 4.335990000000000E-005,-8.319360000000001E-023, 4.949950000000000E+000, 6.133330000000000E+005, 4.315780000000000E+002, 4.774110000000000E+002, 3.807960000000000E+002,-1.969800000000000E-012
-3.741670000000000E-005, 4.236550000000000E-005,-1.033170000000000E-023, 4.646210000000000E+000, 6.072710000000000E+005, 4.552480000000000E+002, 4.611080000000000E+002, 3.766910000000000E+002,-8.857760000000000E-012
-3.605600000000000E-005, 4.142080000000000E-005,-4.708160000000000E-023, 4.253770000000000E+000, 5.816190000000000E+005, 4.762430000000000E+002, 4.577000000000000E+002, 3.667200000000000E+002, 2.204420000000000E-011
-3.476340000000000E-005, 4.052340000000000E-005, 1.354830000000000E-022, 3.775590000000000E+000, 5.447690000000000E+005, 5.025650000000000E+002, 4.489110000000000E+002, 3.970050000000000E+002,-4.578810000000000E-012
-3.353540000000000E-005, 3.967080000000000E-005,-4.077280000000000E-023, 3.259610000000000E+000, 4.870750000000000E+005, 5.204690000000001E+002, 4.591990000000000E+002, 3.653630000000000E+002,-5.722990000000000E-015
-3.236880000000000E-005, 3.886090000000000E-005,-8.956770000000000E-023, 2.904780000000000E+000, 4.372940000000000E+005, 5.243530000000000E+002, 2.502880000000000E+002, 2.906320000000000E+002, 1.854420000000000E-013
-6.595170000000000E-005, 7.243100000000000E-005, 4.218230000000000E-025, 1.224810000000000E+000, 3.516460000000000E+004, 1.000000000000000E+002, 1.002350000000000E+003,-9.340760000000000E-011, 2.490820000000000E-014
-6.300920000000001E-005, 7.005720000000000E-005,-1.364660000000000E-022, 1.224810000000000E+000, 3.516460000000000E+004, 1.000000000000000E+002, 1.002350000000000E+003, 5.889360000000000E-011,-5.173610000000000E-015
-6.021380000000000E-005, 6.780210000000001E-005,-5.294290000000000E-023, 1.224810000000000E+000, 3.516460000000000E+004, 1.000000000000000E+002, 1.002350000000000E+003,-3.831840000000000E-010, 6.635670000000000E-014
-5.755820000000000E-005, 6.565970000000000E-005,-2.049240000000000E-023, 1.224810000000000E+000, 3.516460000000000E+004, 1.000000000000000E+002, 1.002350000000000E+003,-5.300840000000000E-010,-1.349280000000000E-015
-5.503530000000000E-005, 6.362440000000000E-005,-9.805860000000000E-023, 1.224810000000000E+000, 3.516460000000000E+004, 1.000000000000000E+002, 1.002350000000000E+003,-3.849790000000000E-010,-9.086570000000000E-014
-5.263860000000000E-005, 6.169100000000000E-005, 1.274750000000000E-022, 1.224810000000000E+000, 3.516460000000000E+004, 1.000000000000000E+002, 1.002350000000000E+003,-7.187340000000000E-010,-5.665840000000000E-014
-5.036180000000000E-005, 5.985420000000000E-005, 1.301420000000000E-022, 1.224810000000000E+000, 3.516460000000000E+004, 1.000000000000000E+002, 1.002350000000000E+003,-1.195250000000000E-009,-5.972849999999999E-014
-4.819880000000000E-005, 5.810920000000000E-005, 1.043670000000000E-022, 1.224810000000000E+000, 3.516460000000000E+004, 1.000000000000000E+002, 1.002350000000000E+003, 6.207640000000000E-009,-5.307790000000000E-014
-4.614400000000000E-005, 5.645150000000000E-005,-2.592940000000000E-022, 1.224810000000000E+000, 3.516460000000000E+004, 1.000000000000000E+002, 1.002350000000000E+003,-2.585160000000000E-006,-3.481170000000000E-014
-4.419190000000000E-005, 5.487670000000000E-005, 2.139240000000000E-022, 1.224810000000000E+000, 3.516460000000000E+004, 1.000000000000000E+002, 1.002350000000000E+003, 1.783990000000000E-004,-2.967510000000000E-014
-4.233740000000000E-005, 5.338070000000000E-005, 1.905620000000000E-022, 1.224760000000000E+000, 3.516270000000000E+004, 9.999870000000000E+001, 1.002360000000000E+003,-1.259220000000000E-002,-2.833010000000000E-014
-4.057570000000000E-005, 5.195940000000000E-005, 2.482910000000000E-022, 1.226770000000000E+000, 3.525160000000000E+004, 1.000870000000000E+002, 1.002110000000000E+003, 3.976330000000000E-001,-1.540920000000000E-013
-3.890210000000000E-005, 5.060930000000000E-005, 5.350990000000000E-024, 1.162960000000000E+000, 3.192590000000000E+004, 9.561870000000000E+001, 1.013640000000000E+003,-1.381100000000000E+001,-2.495440000000000E-012
-3.731210000000000E-005, 4.932660000000000E-005, 1.043490000000000E-022, 3.061060000000000E+000, 2.433660000000000E+005, 2.769180000000000E+002, 7.530780000000000E+002, 2.422330000000000E+002,-1.311980000000000E-011
-3.580170000000000E-005, 4.810810000000000E-005,-1.857570000000000E-023, 4.592280000000000E+000, 5.036090000000000E+005, 3.819700000000000E+002, 5.474810000000000E+002, 3.937030000000000E+002, 1.238870000000000E-012
-3.436680000000000E-005, 4.695050000000000E-005, 1.724770000000000E-022, 4.591490000000000E+000, 5.481890000000000E+005, 4.158540000000000E+002, 5.043270000000000E+002, 3.994120000000000E+002, 1.303190000000000E-011
-3.300360000000000E-005, 4.585080000000000E-005,-5.916330000000000E-023, 4.128050000000000E+000, 5.073230000000000E+005, 4.280590000000000E+002, 5.063610000000000E+002, 3.785980000000000E+002, 6.373650000000000E-011
-3.170860000000000E-005, 4.480610000000000E-005, 4.887680000000000E-023, 3.692640000000000E+000, 4.781250000000000E+005, 4.509920000000000E+002, 5.197060000000000E+002, 3.750010000000000E+002,-1.027570000000000E-010
-3.047840000000000E-005, 4.381360000000000E-005,-2.206220000000000E-022, 3.223170000000000E+000, 4.412110000000000E+005, 4.767890000000000E+002, 5.284140000000000E+002, 3.928750000000000E+002, 2.558100000000000E-011
-2.930970000000000E-005, 4.287080000000000E-005, 1.612530000000000E-022, 2.837470000000000E+000, 4.079840000000000E+005, 5.008130000000000E+002, 5.386790000000000E+002, 3.520660000000000E+002,-1.246660000000000E-011
-2.819940000000000E-005, 4.197510000000000E-005, 6.266900000000000E-023, 2.596790000000000E+000, 3.845740000000000E+005, 5.158310000000000E+002, 3.072250000000000E+002, 3.146560000000000E+002,-1.369640000000000E-012
-5.936200000000000E-005, 7.790760000000000E-005,-7.427450000000000E-023, 1.224810000000000E+000, 3.516460000000000E+004, 1.000000000000000E+002, 1.002350000000000E+003,-9.766320000000000E-011,-1.157070000000000E-013
-5.658480000000000E-005, 7.531500000000001E-005, 3.872230000000000E-023, 1.224810000000000E+000, 3.516460000000000E+004, 1.000000000000000E+002, 1.002350000000000E+003,-1.249300000000000E-010,-2.879100000000000E-014
-5.394640000000000E-005, 7.285200000000000E-005,-9.890000000000001E-023, 1.224810000000000E+000, 3.516460000000000E+004, 1.000000000000000E+002, 1.002350000000000E+003,-5.189050000000000E-010, 2.938990000000000E-015
-5.144000000000000E-005, 7.051220000000001E-005, 4.796320000000000E-024, 1.224810000000000E+000, 3.516460000000000E+004, 1.000000000000000E+002, 1.002350000000000E+003,-5.679000000000000E-010, 6.702780000000000E-014
-4.905900000000000E-005, 6.828940000000000E-005, 5.136860000000000E-023, 1.224810000000000E+000, 3.516460000000000E+004, 1.000000000000000E+002, 1.002350000000000E+003,-2.383200000000000E-010, 1.143920000000000E-013
-4.679700000000000E-005, 6.617769999999999E-005, 2.303070000000000E-022, 1.224810000000000E+000, 3.516460000000000E+004, 1.000000000000000E+002, 1.002350000000000E+003,-1.043370000000000E-009, 1.153150000000000E-014
-4.464810000000000E-005, 6.417170000000000E-005,-1.963710000000000E-022, 1.224810000000000E+000, 3.516460000000000E+004, 1.000000000000000E+002, 1.002350000000000E+003, 2.482670000000000E-009,-2.602880000000000E-014
-4.260660000000000E-005, 6.226590000000000E-005,-5.426370000000000E-024, 1.224810000000000E+000, 3.516460000000000E+004, 1.000000000000000E+002, 1.002350000000000E+003,-8.757210000000000E-008,-3.603750000000000E-014
-4.066730000000000E-005, 6.045550000000000E-005,-2.503130000000000E-022, 1.224810000000000E+000, 3.516460000000000E+004, 1.000000000000000E+002, 1.002350000000000E+003, 4.286640000000000E-005,-3.093640000000000E-014
-3.882490000000000E-005, 5.873550000000000E-005,-5.926890000000000E-023, 1.224800000000000E+000, 3.516420000000000E+004, 9.999970000000000E+001, 1.002350000000000E+003,-3.204630000000000E-003,-2.744880000000000E-014
-3.707460000000000E-005, 5.710160000000000E-005,-9.767129999999999E-024, 1.225520000000000E+000, 3.519850000000000E+004, 1.000380000000000E+002, 1.002280000000000E+003, 1.819020000000000E-001, 9.037910000000000E-014
-3.541190000000000E-005, 5.554940000000000E-005, 1.776300000000000E-022, 1.199090000000000E+000, 3.364350000000000E+004, 9.772660000000000E+001, 1.005810000000000E+003,-5.546480000000000E+000, 2.129050000000000E-012
-3.383230000000000E-005, 5.407480000000000E-005,-6.741830000000000E-023, 1.987990000000000E+000, 1.113510000000000E+005, 1.950940000000000E+002, 8.821200000000000E+002, 1.365130000000000E+002, 3.059860000000000E-011
-3.233170000000000E-005, 5.267390000000000E-005, 6.714490000000000E-023, 4.181880000000000E+000, 3.975680000000000E+005, 3.311340000000000E+002, 6.623680000000001E+002, 3.598590000000000E+002, 2.972190000000000E-011
-3.090620000000000E-005, 5.134310000000000E-005,-6.776240000000000E-023, 4.482650000000000E+000, 4.888140000000000E+005, 3.798160000000000E+002, 5.701849999999999E+002, 3.944830000000000E+002, 2.239790000000000E-012
-2.955190000000000E-005, 5.007880000000000E-005, 1.264570000000000E-022, 4.115070000000000E+000, 4.690250000000000E+005, 3.969930000000000E+002, 5.595309999999999E+002, 3.894040000000000E+002,-2.394180000000000E-011
-2.826530000000000E-005, 4.887780000000000E-005,-1.014950000000000E-022, 3.586310000000000E+000, 4.200640000000000E+005, 4.079740000000000E+002, 5.713160000000000E+002, 3.680940000000000E+002,-1.565930000000000E-010
-2.704310000000000E-005, 4.773680000000000E-005,-6.272910000000000E-023, 3.150070000000000E+000, 3.893330000000000E+005, 4.304920000000000E+002, 5.835960000000000E+002, 3.700390000000000E+002, 1.925840000000000E-010
-2.588200000000000E-005, 4.665290000000000E-005, 4.266000000000000E-023, 2.637260000000000E+000, 3.421430000000000E+005, 4.518760000000000E+002, 5.923780000000000E+002, 3.776750000000000E+002,-4.849200000000000E-011
-2.477900000000000E-005, 4.562310000000000E-005, 2.239810000000000E-022, 2.288210000000000E+000, 3.134180000000000E+005, 4.770810000000000E+002, 5.933360000000000E+002, 3.146570000000000E+002, 3.116010000000000E-011
-2.373110000000000E-005, 4.464490000000000E-005, 1.015870000000000E-022, 2.023840000000000E+000, 2.851600000000000E+005, 4.907670000000000E+002, 3.082640000000000E+002, 2.724560000000000E+002, 3.544690000000000E-012
-5.231760000000000E-005, 8.278790000000000E-005, 6.012530000000000E-024, 1.224810000000000E+000, 3.516460000000000E+004, 1.000000000000000E+002, 1.002350000000000E+003,-6.786430000000000E-011, 8.114680000000000E-014
-4.972160000000000E-005, 7.998610000000000E-005,-1.469640000000000E-022, 1.224810000000000E+000, 3.516460000000000E+004, 1.000000000000000E+002, 1.002350000000000E+003,-2.978010000000000E-010, 2.135060000000000E-014
-4.725540000000000E-005, 7.732450000000000E-005, 1.373810000000000E-023, 1.224810000000000E+000, 3.516460000000000E+004, 1.000000000000000E+002, 1.002350000000000E+003,-3.268490000000000E-010,-2.935950000000000E-014
-4.491250000000000E-005, 7.479590000000000E-005, 1.092680000000000E-022, 1.224810000000000E+000, 3.516460000000000E+004, 1.000000000000000E+002, 1.002350000000000E+003,-4.827090000000000E-010,-2.064780000000000E-014
-4.268680000000000E-005, 7.239370000000000E-005,-1.352930000000000E-025, 1.224810000000000E+000, 3.516460000000000E+004, 1.000000000000000E+002, 1.002350000000000E+003,-6.408590000000000E-010, 4.361660000000000E-015
-4.057240000000000E-005, 7.011170000000000E-005, 1.600440000000000E-022, 1.224810000000000E+000, 3.516460000000000E+004, 1.000000000000000E+002, 1.002350000000000E+003,-1.559940000000000E-009, 3.600130000000000E-015
-3.856370000000000E-005, 6.794380000000000E-005, 2.821210000000000E-024, 1.224810000000000E+000, 3.516460000000000E+004, 1.000000000000000E+002, 1.002350000000000E+003,-7.363320000000001E-008,-4.374850000000000E-015
-3.665540000000000E-005, 6.588430000000000E-005, 1.005910000000000E-023, 1.224810000000000E+000, 3.516460000000000E+004, 1.000000000000000E+002, 1.002350000000000E+003,-3.164690000000000E-007,-8.438459999999999E-015
-3.484260000000000E-005, 6.392780000000000E-005, 2.194130000000000E-022, 1.224810000000000E+000, 3.516450000000000E+004, 9.999990000000000E+001, 1.002350000000000E+003,-7.458560000000000E-004,-1.430220000000000E-014
-3.312040000000000E-005, 6.206910000000000E-005, 8.599070000000000E-023, 1.224980000000000E+000, 3.517420000000000E+004, 1.000140000000000E+002, 1.002340000000000E+003, 4.860770000000000E-002,-2.669210000000000E-014
-3.148430000000000E-005, 6.030340000000000E-005, 1.006670000000000E-022, 1.215240000000000E+000, 3.453390000000000E+004, 9.898030000000000E+001, 1.003390000000000E+003,-2.311650000000000E+000,-1.278290000000000E-012
-2.993010000000000E-005, 5.862590000000000E-005, 7.246650000000000E-023, 1.554920000000000E+000, 6.482870000000000E+004, 1.452190000000000E+002, 9.537700000000000E+002, 6.247200000000000E+001,-2.647410000000000E-011
-2.845350000000000E-005, 5.703230000000000E-005,-1.532640000000000E-022, 3.645880000000000E+000, 3.009830000000000E+005, 2.875440000000000E+002, 7.541760000000000E+002, 3.051620000000000E+002,-5.810440000000000E-011
-2.705090000000000E-005, 5.551850000000000E-005, 1.079240000000000E-022, 4.220590000000000E+000, 4.218480000000000E+005, 3.481340000000000E+002, 6.407190000000001E+002, 3.929860000000000E+002,-2.320140000000000E-011
-2.571830000000000E-005, 5.408030000000000E-005,-6.703420000000000E-023, 4.056490000000000E+000, 4.278300000000000E+005, 3.673550000000000E+002, 6.083670000000000E+002, 3.948870000000000E+002,-4.700630000000000E-011
-2.445240000000000E-005, 5.271400000000000E-005,-9.822840000000000E-023, 3.469510000000000E+000, 3.719100000000000E+005, 3.733640000000000E+002, 6.218330000000000E+002, 3.618740000000000E+002, 1.501050000000000E-011
-2.324980000000000E-005, 5.141610000000000E-005,-4.910110000000000E-023, 2.964320000000000E+000, 3.302600000000000E+005, 3.880560000000000E+002, 6.319460000000000E+002, 3.607970000000000E+002, 1.710670000000000E-010
-2.210730000000000E-005, 5.018300000000000E-005, 5.674880000000000E-023, 2.540810000000000E+000, 2.983660000000000E+005, 4.090170000000000E+002, 6.614320000000000E+002, 3.527720000000000E+002,-1.078590000000000E-010
-2.102190000000000E-005, 4.901160000000000E-005,-4.545530000000000E-023, 2.144780000000000E+000, 2.643020000000000E+005, 4.292210000000000E+002, 6.657260000000000E+002, 3.507360000000000E+002, 1.810320000000000E-011
-1.999090000000000E-005, 4.789880000000000E-005,-7.606440000000000E-023, 1.912510000000000E+000, 2.499890000000000E+005, 4.552830000000000E+002, 6.443890000000000E+002, 2.800090000000000E+002,-1.649050000000000E-011
-1.901140000000000E-005, 4.684170000000000E-005,-1.110110000000000E-022, 1.726360000000000E+000, 2.330150000000000E+005, 4.701290000000000E+002, 3.536970000000000E+002, 2.382480000000000E+002,-9.920000000000000E-013
-4.487280000000000E-005, 8.703419999999999E-005, 8.499050000000000E-023, 1.224810000000000E+000, 3.516460000000000E+004, 1.000000000000000E+002, 1.002350000000000E+003,-2.920280000000000E-011,-1.247900000000000E-014
-4.247350000000000E-005, 8.403400000000000E-005, 7.678560000000000E-023, 1.224810000000000E+000, 3.516460000000000E+004, 1.000000000000000E+002, 1.002350000000000E+003,-4.015880000000000E-010, 2.557650000000000E-014
-4.019420000000000E-005, 8.118380000000000E-005,-8.550470000000000E-023, 1.224810000000000E+000, 3.516460000000000E+004, 1.000000000000000E+002, 1.002350000000000E+003,-4.545330000000000E-010,-2.669480000000000E-015
-3.802880000000000E-005, 7.847620000000000E-005, 2.159040000000000E-022, 1.224810000000000E+000, 3.516460000000000E+004, 1.000000000000000E+002, 1.002350000000000E+003,-9.864910000000001E-010,-4.770530000000000E-014
-3.597180000000000E-005, 7.590390000000000E-005,-2.014180000000000E-022, 1.224810000000000E+000, 3.516460000000000E+004, 1.000000000000000E+002, 1.002350000000000E+003, 4.279880000000000E-010,-2.340430000000000E-014
-3.401760000000000E-005, 7.346020000000001E-005,-2.529790000000000E-023, 1.224810000000000E+000, 3.516460000000000E+004, 1.000000000000000E+002, 1.002350000000000E+003, 4.353780000000000E-008,-4.778610000000000E-015
-3.216110000000000E-005, 7.113880000000000E-005, 8.343230000000001E-023, 1.224810000000000E+000, 3.516460000000000E+004, 1.000000000000000E+002, 1.002350000000000E+003, 3.736790000000000E-006, 2.627030000000000E-015
-3.039740000000000E-005, 6.893340000000000E-005, 1.105160000000000E-022, 1.224810000000000E+000, 3.516460000000000E+004, 1.000000000000000E+002, 1.002350000000000E+003, 1.258690000000000E-004, 6.975850000000000E-015
-2.872200000000000E-005, 6.683829999999999E-005,-2.531530000000000E-023, 1.224880000000000E+000, 3.516900000000000E+004, 1.000070000000000E+002, 1.002350000000000E+003, 1.927780000000000E-002, 7.086130000000001E-014
-2.713030000000000E-005, 6.484790000000001E-005,-3.138440000000000E-022, 1.221330000000000E+000, 3.489880000000000E+004, 9.952679999999999E+001, 1.002620000000000E+003,-7.847110000000000E-001, 5.203560000000000E-014
-2.561820000000000E-005, 6.295709999999999E-005,-1.457170000000000E-022, 1.375230000000000E+000, 4.743230000000000E+004, 1.201330000000000E+002, 9.806390000000000E+002, 2.991580000000000E+001, 1.384260000000000E-011
-2.418170000000000E-005, 6.116090000000000E-005, 1.093970000000000E-022, 3.136130000000000E+000, 2.192180000000000E+005, 2.434700000000000E+002, 8.052080000000000E+002, 2.625930000000000E+002, 4.908120000000000E-011
-2.281710000000000E-005, 5.945440000000000E-005,-1.842890000000000E-023, 3.984240000000000E+000, 3.603850000000000E+005, 3.150540000000000E+002, 6.940660000000000E+002, 3.812540000000000E+002, 3.071420000000000E-011
-2.152070000000000E-005, 5.783330000000000E-005, 1.837400000000000E-022, 3.977870000000000E+000, 3.878840000000000E+005, 3.396380000000000E+002, 6.558570000000000E+002, 3.952480000000000E+002, 7.592130000000000E-011
-2.028910000000000E-005, 5.629320000000000E-005,-2.066020000000000E-022, 3.358420000000000E+000, 3.323570000000000E+005, 3.446940000000000E+002, 6.603900000000000E+002, 3.653660000000000E+002, 1.690610000000000E-010
-1.911910000000000E-005, 5.483020000000000E-005,-1.464650000000000E-022, 2.868790000000000E+000, 2.928370000000000E+005, 3.555420000000000E+002, 6.835940000000001E+002, 3.325770000000000E+002,-8.927890000000000E-011
-1.800760000000000E-005, 5.344030000000000E-005, 2.335130000000000E-023, 2.462930000000000E+000, 2.643760000000000E+005, 3.738810000000000E+002, 6.932380000000001E+002, 3.411020000000000E+002,-6.365780000000000E-011
-1.695170000000000E-005, 5.211990000000000E-005, 2.233650000000000E-022, 2.084480000000000E+000, 2.352280000000000E+005, 3.930560000000000E+002, 7.260970000000000E+002, 3.193770000000000E+002,-3.107880000000000E-011
-1.594860000000000E-005, 5.086560000000000E-005, 6.596530000000001E-023, 1.721980000000000E+000, 2.025130000000000E+005, 4.096270000000000E+002, 7.106310000000000E+002, 3.268750000000000E+002, 2.719380000000000E-011
-1.499570000000000E-005, 4.967390000000000E-005,-4.120250000000000E-024, 1.468600000000000E+000, 1.796710000000000E+005, 4.261260000000000E+002, 6.737080000000000E+002, 2.244470000000000E+002,-2.225440000000000E-011
-1.409040000000000E-005, 4.854190000000000E-005,-9.663710000000000E-023, 1.245700000000000E+000, 1.542080000000000E+005, 4.311790000000000E+002, 3.194420000000000E+002, 2.019570000000000E+002,-4.052150000000000E-014
-3.708480000000000E-005, 9.061390000000000E-005,-1.119760000000000E-022, 1.224810000000000E+000, 3.516460000000000E+004, 1.000000000000000E+002, 1.002350000000000E+003,-2.068510000000000E-010, 1.399940000000000E-015
-3.489740000000000E-005, 8.742710000000000E-005, 1.759650000000000E-022, 1.224810000000000E+000, 3.516460000000000E+004, 1.000000000000000E+002, 1.002350000000000E+003,-5.137390000000000E-010,-4.607980000000000E-014
-3.281930000000000E-005, 8.439970000000000E-005, 2.914660000000000E-022, 1.224810000000000E+000, 3.516460000000000E+004, 1.000000000000000E+002, 1.002350000000000E+003,-5.868150000000000E-010, 3.964530000000000E-014
-3.084520000000000E-005, 8.152360000000000E-005,-4.343900000000000E-023, 1.224810000000000E+000, 3.516460000000000E+004, 1.000000000000000E+002, 1.002350000000000E+003,-8.252990000000000E-010, 4.146220000000000E-015
-2.896970000000000E-005, 7.879130000000001E-005,-8.408399999999999E-023, 1.224810000000000E+000, 3.516460000000000E+004, 1.000000000000000E+002, 1.002350000000000E+003,-3.177500000000000E-008,-1.212330000000000E-014
-2.718810000000000E-005, 7.619570000000001E-005,-1.009580000000000E-022, 1.224810000000000E+000, 3.516460000000000E+004, 1.000000000000000E+002, 1.002350000000000E+003,-3.265280000000000E-006,-4.680300000000000E-015
-2.549550000000000E-005, 7.372980000000000E-005, 2.004740000000000E-022, 1.224810000000000E+000, 3.516460000000000E+004, 1.000000000000000E+002, 1.002350000000000E+003,-1.442290000000000E-004, 3.757370000000000E-015
-2.388760000000000E-005, 7.138729999999999E-005, 8.435170000000000E-023, 1.224800000000000E+000, 3.516090000000000E+004, 9.999060000000000E+001, 1.002350000000000E+003,-1.235300000000000E-002,-9.809520000000000E-014
-2.236010000000000E-005, 6.916180000000000E-005, 9.231340000000000E-023, 1.220290000000000E+000, 3.488020000000000E+004, 9.955889999999999E+001, 1.002650000000000E+003,-9.845840000000000E-001,-5.164930000000000E-012
-2.090900000000000E-005, 6.704770000000001E-005, 2.204370000000000E-022, 1.339180000000000E+000, 4.410100000000000E+004, 1.147020000000000E+002, 9.918800000000000E+002, 2.109990000000000E+001, 1.677620000000000E-012
-1.953040000000000E-005, 6.503930000000001E-005,-8.485020000000000E-023, 2.847320000000000E+000, 1.833860000000000E+005, 2.243340000000000E+002, 8.532720000000000E+002, 2.355840000000000E+002,-2.600350000000000E-011
-1.822080000000000E-005, 6.313130000000000E-005, 8.164610000000000E-026, 3.791440000000000E+000, 3.166160000000000E+005, 2.908660000000000E+002, 7.475830000000000E+002, 3.560330000000000E+002,-1.423820000000000E-011
-1.697660000000000E-005, 6.131870000000001E-005, 8.398030000000000E-024, 3.821890000000000E+000, 3.442970000000000E+005, 3.137760000000000E+002, 7.033400000000000E+002, 3.837700000000000E+002,-3.632410000000000E-011
-1.579470000000000E-005, 5.959680000000000E-005,-1.975200000000000E-022, 3.276130000000000E+000, 3.039560000000000E+005, 3.231570000000000E+002, 7.011580000000000E+002, 3.601090000000000E+002,-1.507620000000000E-010
-1.467190000000000E-005, 5.796090000000000E-005, 3.722940000000000E-023, 2.661760000000000E+000, 2.501730000000000E+005, 3.273680000000000E+002, 7.195190000000000E+002, 3.277480000000000E+002,-2.687450000000000E-010
-1.360520000000000E-005, 5.640690000000000E-005, 5.541320000000000E-023, 2.263600000000000E+000, 2.227260000000000E+005, 3.427160000000000E+002, 7.435340000000000E+002, 3.118010000000000E+002, 1.966840000000000E-010
-1.259190000000000E-005, 5.493060000000000E-005,-1.361140000000000E-022, 1.869320000000000E+000, 1.920140000000000E+005, 3.577780000000000E+002, 7.656470000000000E+002, 3.165090000000000E+002, 4.426770000000000E-011
-1.162920000000000E-005, 5.352800000000000E-005, 1.183200000000000E-022, 1.552040000000000E+000, 1.651460000000000E+005, 3.706200000000000E+002, 8.050490000000000E+002, 2.770740000000000E+002, 3.583980000000000E-011
-1.071470000000000E-005, 5.219570000000000E-005,-7.455830000000001E-023, 1.285820000000000E+000, 1.409880000000000E+005, 3.819120000000000E+002, 7.703560000000000E+002, 2.695980000000000E+002,-1.195240000000000E-011
-9.845880000000000E-006, 5.092990000000000E-005,-5.221710000000000E-023, 1.107450000000000E+000, 1.258300000000000E+005, 3.957530000000000E+002, 6.844410000000000E+002, 1.488810000000000E+002, 1.122960000000000E-012
-9.020540000000001E-006, 4.972750000000000E-005, 3.230890000000000E-024, 9.880679999999999E-001, 1.159830000000000E+005, 4.088560000000000E+002, 3.169410000000000E+002, 1.269930000000000E+002,-1.263880000000000E-013
-2.785430000000000E-005, 9.409080000000000E-005,-2.426740000000000E-023, 1.224810000000000E+000, 3.516460000000000E+004, 1.000000000000000E+002, 1.002350000000000E+003,-3.814830000000000E-010, 2.758210000000000E-014
-1.742150000000000E-005, 9.779240000000000E-005,-2.288330000000000E-022, 1.224810000000000E+000, 3.516460000000000E+004, 1.000000000000000E+002, 1.002350000000000E+003,-3.334080000000000E-010, 3.143370000000000E-014
-6.988380000000000E-006, 1.014940000000000E-004, 6.149780000000000E-018, 1.224810000000000E+000, 3.516460000000000E+004, 1.000000000000000E+002, 1.002350000000000E+003,-3.024330000000000E-010,-2.038540000000000E-014
 3.444910000000000E-006, 1.051960000000000E-004,-2.351220000000000E-020, 1.224810000000000E+000, 3.516460000000000E+004, 1.000000000000000E+002, 1.002350000000000E+003,-3.216660000000000E-010,-1.221760000000000E-014
 1.387840000000000E-005, 1.088980000000000E-004, 4.418030000000000E-023, 1.224810000000000E+000, 3.516460000000000E+004, 1.000000000000000E+002, 1.002350000000000E+003,-3.812140000000000E-010,-4.984440000000000E-015
 2.431200000000000E-005, 1.126000000000000E-004,-2.599160000000000E-023, 1.224810000000000E+000, 3.516460000000000E+004, 1.000000000000000E+002, 1.002350000000000E+003,-4.031940000000000E-010, 1.187900000000000E-014
 3.474580000000000E-005, 1.163020000000000E-004,-1.047070000000000E-022, 1.224810000000000E+000, 3.516460000000000E+004, 1.000000000000000E+002, 1.002350000000000E+003,-3.834870000000000E-010,-2.297850000000000E-014
 4.517970000000000E-005, 1.200040000000000E-004,-7.339710000000000E-023, 1.224810000000000E+000, 3.516460000000000E+004, 1.000000000000000E+002, 1.002350000000000E+003,-3.607820000000000E-010,-6.964060000000000E-015
 5.561380000000000E-005, 1.237060000000000E-004,-1.861530000000000E-023, 1.224810000000000E+000, 3.516460000000000E+004, 1.000000000000000E+002, 1.002350000000000E+003,-3.631480000000000E-010,-1.605280000000000E-015
 6.604789999999999E-005, 1.274080000000000E-004,-2.101330000000000E-022, 1.224810000000000E+000, 3.516460000000000E+004, 1.000000000000000E+002, 1.002350000000000E+003,-3.700780000000000E-010, 3.533850000000000E-015
 7.648210000000000E-005, 1.311100000000000E-004,-3.195780000000000E-022, 1.224810000000000E+000, 3.516460000000000E+004, 1.000000000000000E+002, 1.002350000000000E+003,-3.729230000000000E-010, 1.875450000000000E-014
 8.691650000000000E-005, 1.348120000000000E-004, 5.540100000000000E-023, 1.224810000000000E+000, 3.516460000000000E+004, 1.000000000000000E+002, 1.002350000000000E+003,-3.701310000000000E-010, 2.797820000000000E-014
 9.735090000000000E-005, 1.385140000000000E-004, 4.121760000000000E-022, 1.224810000000000E+000, 3.516460000000000E+004, 1.000000000000000E+002, 1.002350000000000E+003,-3.748580000000000E-010, 1.321690000000000E-014
 1.077850000000000E-004, 1.422160000000000E-004,-3.795630000000000E-022, 1.224810000000000E+000, 3.516460000000000E+004, 1.000000000000000E+002, 1.002350000000000E+003,-3.687110000000000E-010,-1.235470000000000E-014
 1.182200000000000E-004, 1.459190000000000E-004, 2.888150000000000E-022, 1.224810000000000E+000, 3.516460000000000E+004, 1.000000000000000E+002, 1.002350000000000E+003,-3.572350000000000E-010, 4.495700000000000E-014
 1.286550000000000E-004, 1.496210000000000E-004, 1.674130000000000E-022, 1.224810000000000E+000, 3.516460000000000E+004, 1.000000000000000E+002, 1.002350000000000E+003,-3.555000000000000E-010, 1.121780000000000E-015
 1.390890000000000E-004, 1.533230000000000E-004,-3.687210000000000E-023, 1.224810000000000E+000, 3.516460000000000E+004, 1.000000000000000E+002, 1.002350000000000E+003,-3.628540000000000E-010, 1.091780000000000E-014
 1.495240000000000E-004, 1.570250000000000E-004,-2.898550000000000E-022, 1.224810000000000E+000, 3.516460000000000E+004, 1.000000000000000E+002, 1.002350000000000E+003,-3.644370000000000E-010,-2.943690000000000E-014
 1.599590000000000E-004, 1.607280000000000E-004,-2.629030000000000E-023, 1.224810000000000E+000, 3.516460000000000E+004, 1.000000000000000E+002, 1.002350000000000E+003,-3.626690000000000E-010,-1.130210000000000E-014
 1.703940000000000E-004, 1.644300000000000E-004, 1.768810000000000E-022, 1.224810000000000E+000, 3.516460000000000E+004, 1.000000000000000E+002, 1.002350000000000E+003,-3.708180000000000E-010, 9.186430000000000E-015
 1.808280000000000E-004, 1.681320000000000E-004,-2.257890000000000E-022, 1.224810000000000E+000, 3.516460000000000E+004, 1.000000000000000E+002, 1.002350000000000E+003,-3.751300000000000E-010, 1.704500000000000E-014
 1.912630000000000E-004, 1.718350000000000E-004, 1.540350000000000E-022, 1.224810000000000E+000, 3.516460000000000E+004, 1.000000000000000E+002, 1.002350000000000E+003,-3.858900000000000E-010, 1.157700000000000E-014
 2.016980000000000E-004, 1.755370000000000E-004, 8.370810000000000E-022, 1.224810000000000E+000, 3.516460000000000E+004, 1.000000000000000E+002, 1.002350000000000E+003,-3.931720000000000E-010, 9.817370000000000E-015
 2.121330000000000E-004, 1.792390000000000E-004, 3.956390000000000E-022, 1.224810000000000E+000, 3.516460000000000E+004, 1.000000000000000E+002, 1.002350000000000E+003,-4.072150000000000E-010, 3.789090000000000E-015
 2.225680000000000E-004, 1.829420000000000E-004,-1.591170000000000E-022, 1.224810000000000E+000, 3.516460000000000E+004, 1.000000000000000E+002, 1.002350000000000E+003,-4.168120000000000E-010,-2.570010000000000E-015
 2.330030000000000E-004, 1.866440000000000E-004, 4.783120000000000E-023, 1.224810000000000E+000, 3.516460000000000E+004, 1.000000000000000E+002, 1.002350000000000E+003,-4.262570000000000E-010, 1.254470000000000E-015
 2.434390000000000E-004, 1.903470000000000E-004,-3.008170000000000E-022, 1.224810000000000E+000, 3.516460000000000E+004, 1.000000000000000E+002, 1.002350000000000E+003,-4.285710000000000E-010, 8.647210000000000E-015
 2.538740000000000E-004, 1.940490000000000E-004, 2.593070000000000E-022, 1.224810000000000E+000, 3.516460000000000E+004, 1.000000000000000E+002, 1.002350000000000E+003,-4.330470000000000E-010,-1.650140000000000E-015
 2.643090000000000E-004, 1.977520000000000E-004, 6.889850000000000E-022, 1.224810000000000E+000, 3.516460000000000E+004, 1.000000000000000E+002, 1.002350000000000E+003,-4.395470000000000E-010,-4.470070000000000E-015
 2.747440000000000E-004, 2.014540000000000E-004,-3.815960000000000E-022, 1.224810000000000E+000, 3.516460000000000E+004, 1.000000000000000E+002, 1.002350000000000E+003,-4.477510000000000E-010,-1.972730000000000E-015
 2.851790000000000E-004, 2.051570000000000E-004,-3.648980000000000E-022, 1.224810000000000E+000, 3.516460000000000E+004, 1.000000000000000E+002, 1.002350000000000E+003,-4.590760000000000E-010,-1.026360000000000E-014
 2.956140000000000E-004, 2.088590000000000E-004,-2.437130000000000E-022, 1.224810000000000E+000, 3.516460000000000E+004, 1.000000000000000E+002, 1.002350000000000E+003,-4.678710000000000E-010,-1.261440000000000E-014
 3.060500000000000E-004, 2.125610000000000E-004, 1.664230000000000E-022, 1.224810000000000E+000, 3.516460000000000E+004, 1.000000000000000E+002, 1.002350000000000E+003,-4.760420000000000E-010,-9.312379999999999E-015
 3.164850000000000E-004, 2.162640000000000E-004,-2.070940000000000E-022, 1.224810000000000E+000, 3.516460000000000E+004, 1.000000000000000E+002, 1.002350000000000E+003,-4.848140000000000E-010,-2.609330000000000E-015
 3.269200000000000E-004, 2.199660000000000E-004, 2.626910000000000E-022, 1.224810000000000E+000, 3.516460000000000E+004, 1.000000000000000E+002, 1.002350000000000E+003,-4.941210000000000E-010,-2.763660000000000E-015
 3.373550000000000E-004, 2.236690000000000E-004,-7.791870000000000E-022, 1.224810000000000E+000, 3.516460000000000E+004, 1.000000000000000E+002, 1.002350000000000E+003,-5.029370000000000E-010,-8.761920000000001E-018
 3.477910000000000E-004, 2.273710000000000E-004, 6.084270000000000E-022, 1.224810000000000E+000, 3.516460000000000E+004, 1.000000000000000E+002, 1.002350000000000E+003,-5.123650000000000E-010,-3.360590000000000E-015
 3.582260000000000E-004, 2.310740000000000E-004,-3.443650000000000E-022, 1.224810000000000E+000, 3.516460000000000E+004, 1.000000000000000E+002, 1.002350000000000E+003,-5.196230000000000E-010,-5.577110000000000E-015
 3.686610000000000E-004, 2.347760000000000E-004, 5.677180000000001E-023, 1.224810000000000E+000, 3.516460000000000E+004, 1.000000000000000E+002, 1.002350000000000E+003,-5.233610000000001E-010,-5.895940000000000E-015
 3.790970000000000E-004, 2.384790000000000E-004, 1.069500000000000E-021, 1.224810000000000E+000, 3.516460000000000E+004, 1.000000000000000E+002, 1.002350000000000E+003,-5.265870000000000E-010,-8.516179999999999E-015
 3.895320000000000E-004, 2.421820000000000E-004,-2.314560000000000E-022, 1.224810000000000E+000, 3.516460000000000E+004, 1.000000000000000E+002, 1.002350000000000E+003,-5.232920000000000E-010,-5.389510000000000E-015
 3.999680000000000E-004, 2.458840000000000E-004, 3.284190000000000E-022, 1.224810000000000E+000, 3.516460000000000E+004, 1.000000000000000E+002, 1.002350000000000E+003,-5.126590000000000E-010,-2.523960000000000E-015
 4.104030000000000E-004, 2.495870000000000E-004, 8.493540000000000E-022, 1.224810000000000E+000, 3.516460000000000E+004, 1.000000000000000E+002, 1.002350000000000E+003,-5.035450000000000E-010,-2.994710000000000E-015
 4.208380000000000E-004, 2.532890000000000E-004,-1.423080000000000E-022, 1.224810000000000E+000, 3.516460000000000E+004, 1.000000000000000E+002, 1.002350000000000E+003,-5.022890000000000E-010, 3.340380000000000E-016
 4.312740000000000E-004, 2.569920000000000E-004,-1.290790000000000E-021, 1.224810000000000E+000, 3.516460000000000E+004, 1.000000000000000E+002, 1.002350000000000E+003,-5.082810000000000E-010, 6.362390000000000E-016
 4.417090000000000E-004, 2.606940000000000E-004, 7.527430000000001E-023, 1.224810000000000E+000, 3.516460000000000E+004, 1.000000000000000E+002, 1.002350000000000E+003,-5.160520000000000E-010,-5.044010000000000E-016
 4.521450000000000E-004, 2.643970000000000E-004, 3.362780000000000E-022, 1.224810000000000E+000, 3.516460000000000E+004, 1.000000000000000E+002, 1.002350000000000E+003,-5.238800000000000E-010, 1.988680000000000E-015
 4.625800000000000E-004, 2.680990000000000E-004, 2.310150000000000E-023, 1.224810000000000E+000, 3.516460000000000E+004, 1.000000000000000E+002, 1.002350000000000E+003,-5.239970000000000E-010, 4.066620000000000E-016
 4.730160000000000E-004, 2.718020000000000E-004,-8.486040000000000E-022, 1.224810000000000E+000, 3.516460000000000E+004, 1.000000000000000E+002, 1.002350000000000E+003,-5.263990000000000E-010, 4.608120000000000E-015
 4.834510000000000E-004, 2.755040000000000E-004, 1.668950000000000E-022, 1.224810000000000E+000, 3.516460000000000E+004, 1.000000000000000E+002, 1.002350000000000E+003,-5.298650000000000E-010, 5.579840000000000E-015
 4.938870000000000E-004, 2.792070000000000E-004, 9.633280000000000E-022, 1.224810000000000E+000, 3.516460000000000E+004, 1.000000000000000E+002, 1.002350000000000E+003,-5.296810000000000E-010, 6.879840000000000E-015
 5.043220000000000E-004, 2.829100000000000E-004,-6.254840000000000E-022, 1.224810000000000E+000, 3.516460000000000E+004, 1.000000000000000E+002, 1.002350000000000E+003,-5.289860000000000E-010, 7.294720000000000E-015
 5.147580000000000E-004, 2.866120000000000E-004,-4.395210000000000E-022, 1.224810000000000E+000, 3.516460000000000E+004, 1.000000000000000E+002, 1.002350000000000E+003,-5.309010000000000E-010, 7.600730000000000E-015
 5.251930000000000E-004, 2.903150000000000E-004, 9.224030000000000E-023, 1.224810000000000E+000, 3.516460000000000E+004, 1.000000000000000E+002, 1.002350000000000E+003,-5.358640000000000E-010, 6.536250000000000E-015
 5.356290000000000E-004, 2.940170000000000E-004,-8.988409999999999E-022, 1.224810000000000E+000, 3.516460000000000E+004, 1.000000000000000E+002, 1.002350000000000E+003,-5.424860000000000E-010, 1.326910000000000E-015
 5.460640000000000E-004, 2.977200000000000E-004, 2.631270000000000E-023, 1.224810000000000E+000, 3.516460000000000E+004, 1.000000000000000E+002, 1.002350000000000E+003,-5.451030000000000E-010, 4.895840000000000E-016
 5.565000000000000E-004, 3.014220000000000E-004, 2.647430000000000E-022, 1.224810000000000E+000, 3.516460000000000E+004, 1.000000000000000E+002, 1.002350000000000E+003,-5.439960000000001E-010,-4.661700000000000E-015
 5.669350000000000E-004, 3.051250000000000E-004,-1.708480000000000E-023, 1.224810000000000E+000, 3.516460000000000E+004, 1.000000000000000E+002, 1.002350000000000E+003,-5.418340000000000E-010,-7.444380000000000E-015
 5.773710000000000E-004, 3.088280000000000E-004,-1.376490000000000E-021, 1.224810000000000E+000, 3.516460000000000E+004, 1.000000000000000E+002, 1.002350000000000E+003,-5.388430000000000E-010,-9.537570000000000E-015
 5.878060000000000E-004, 3.125300000000000E-004, 5.661150000000000E-022, 1.224810000000000E+000, 3.516460000000000E+004, 1.000000000000000E+002, 1.002350000000000E+003,-5.368880000000000E-010,-8.027800000000000E-015
 5.982420000000000E-004, 3.162330000000000E-004, 1.032840000000000E-022, 1.224810000000000E+000, 3.516460000000000E+004, 1.000000000000000E+002, 1.002350000000000E+003,-5.333240000000000E-010,-6.219360000000000E-015
 6.086780000000000E-004, 3.199350000000000E-004, 8.670869999999999E-022, 1.224810000000000E+000, 3.516460000000000E+004, 1.000000000000000E+002, 1.002350000000000E+003,-5.294050000000000E-010,-7.709369999999999E-015
 6.191130000000000E-004, 3.236380000000000E-004, 4.379750000000000E-022, 1.224810000000000E+000, 3.516460000000000E+004, 1.000000000000000E+002, 1.002350000000000E+003,-5.269040000000000E-010,-7.787480000000000E-015
 6.295490000000000E-004, 3.273410000000000E-004, 9.191119999999999E-022, 1.224810000000000E+000, 3.516460000000000E+004, 1.000000000000000E+002, 1.002350000000000E+003,-5.283760000000000E-010,-6.521650000000000E-015
 6.399840000000000E-004, 3.310430000000000E-004,-9.064370000000000E-022, 1.224810000000000E+000, 3.516460000000000E+004, 1.000000000000000E+002, 1.002350000000000E+003,-5.286190000000000E-010,-4.315490000000000E-015
 6.504200000000000E-004, 3.347460000000000E-004,-4.279100000000000E-022, 1.224810000000000E+000, 3.516460000000000E+004, 1.000000000000000E+002, 1.002350000000000E+003,-5.271680000000000E-010,-4.737410000000000E-015
 6.608550000000000E-004, 3.384480000000000E-004,-3.772520000000000E-023, 1.224810000000000E+000, 3.516460000000000E+004, 1.000000000000000E+002, 1.002350000000000E+003,-5.290570000000000E-010,-5.291230000000000E-015
 6.712910000000000E-004, 3.421510000000000E-004,-2.248230000000000E-022, 1.224810000000000E+000, 3.516460000000000E+004, 1.000000000000000E+002, 1.002350000000000E+003,-5.324520000000000E-010,-1.920640000000000E-015
 6.817270000000000E-004, 3.458540000000000E-004,-1.916020000000000E-023, 1.224810000000000E+000, 3.516460000000000E+004, 1.000000000000000E+002, 1.002350000000000E+003,-5.341100000000000E-010, 7.459640000000000E-016
 6.921620000000000E-004, 3.495560000000000E-004,-1.916970000000000E-022, 1.224810000000000E+000, 3.516460000000000E+004, 1.000000000000000E+002, 1.002350000000000E+003,-5.326970000000000E-010, 5.065760000000000E-015
 7.025980000000000E-004, 3.532590000000000E-004, 2.951650000000000E-022, 1.224810000000000E+000, 3.516460000000000E+004, 1.000000000000000E+002, 1.002350000000000E+003,-5.292670000000001E-010, 6.076680000000000E-015
 7.130330000000000E-004, 3.569610000000000E-004,-4.181100000000000E-022, 1.224810000000000E+000, 3.516460000000000E+004, 1.000000000000000E+002, 1.002350000000000E+003,-5.240110000000000E-010, 6.454280000000000E-015
 7.234690000000000E-004, 3.606640000000000E-004,-2.550590000000000E-022, 1.224810000000000E+000, 3.516460000000000E+004, 1.000000000000000E+002, 1.002350000000000E+003,-5.209540000000000E-010, 7.571980000000000E-015
 7.339050000000000E-004, 3.643670000000000E-004,-2.279050000000000E-022, 1.224810000000000E+000, 3.516460000000000E+004, 1.000000000000000E+002, 1.002350000000000E+003,-5.169330000000000E-010, 6.524080000000000E-015
 7.443400000000000E-004, 3.680690000000000E-004,-7.838750000000000E-022, 1.224810000000000E+000, 3.516460000000000E+004, 1.000000000000000E+002, 1.002350000000000E+003,-5.125540000000000E-010, 4.921050000000000E-015
 7.547760000000000E-004, 3.717720000000000E-004,-8.155700000000000E-022, 1.224810000000000E+000, 3.516460000000000E+004, 1.000000000000000E+002, 1.002350000000000E+003,-5.079280000000000E-010, 4.042300000000000E-015
 7.652120000000000E-004, 3.754750000000000E-004, 6.725650000000000E-022, 1.224810000000000E+000, 3.516460000000000E+004, 1.000000000000000E+002, 1.002350000000000E+003,-5.046130000000000E-010, 3.054110000000000E-015
 7.756470000000000E-004, 3.791770000000000E-004, 1.059810000000000E-022, 1.224810000000000E+000, 3.516460000000000E+004, 1.000000000000000E+002, 1.002350000000000E+003,-5.015240000000000E-010, 3.298920000000000E-015
 7.860830000000000E-004, 3.828800000000000E-004,-1.572660000000000E-021, 1.224810000000000E+000, 3.516460000000000E+004, 1.000000000000000E+002, 1.002350000000000E+003,-4.976320000000000E-010, 3.898720000000000E-015
 7.965190000000000E-004, 3.865820000000000E-004,-1.935170000000000E-022, 1.224810000000000E+000, 3.516460000000000E+004, 1.000000000000000E+002, 1.002350000000000E+003,-4.922290000000000E-010, 2.573200000000000E-015
 8.069540000000000E-004, 3.902850000000000E-004,-1.203630000000000E-021, 1.224810000000000E+000, 3.516460000000000E+004, 1.000000000000000E+002, 1.002350000000000E+003,-4.865040000000000E-010, 2.869470000000000E-015
 8.173900000000000E-004, 3.939880000000000E-004,-8.894030000000000E-022, 1.224810000000000E+000, 3.516460000000000E+004, 1.000000000000000E+002, 1.002350000000000E+003,-4.811470000000000E-010, 2.283800000000000E-015
 8.278260000000000E-004, 3.976900000000000E-004,-1.165460000000000E-021, 1.224810000000000E+000, 3.516460000000000E+004, 1.000000000000000E+002, 1.002350000000000E+003,-4.778100000000000E-010, 1.995330000000000E-015
 8.382610000000000E-004, 4.013930000000000E-004, 2.951730000000000E-022, 1.224810000000000E+000, 3.516460000000000E+004, 1.000000000000000E+002, 1.002350000000000E+003,-4.760850000000000E-010, 1.579390000000000E-015
 8.486970000000000E-004, 4.050960000000000E-004,-5.626000000000000E-022, 1.224810000000000E+000, 3.516460000000000E+004, 1.000000000000000E+002, 1.002350000000000E+003,-4.751580000000000E-010, 4.220230000000000E-016
 8.591320000000000E-004, 4.087980000000000E-004, 1.801340000000000E-022, 1.224810000000000E+000, 3.516460000000000E+004, 1.000000000000000E+002, 1.002350000000000E+003,-4.729810000000000E-010, 4.437710000000000E-016
 8.695680000000000E-004, 4.125010000000000E-004, 3.771940000000000E-022, 1.224810000000000E+000, 3.516460000000000E+004, 1.000000000000000E+002, 1.002350000000000E+003,-4.665050000000000E-010, 3.712430000000000E-016
 8.800040000000000E-004, 4.162030000000000E-004,-7.501240000000000E-022, 1.224810000000000E+000, 3.516460000000000E+004, 1.000000000000000E+002, 1.002350000000000E+003,-4.560030000000000E-010,-9.255559999999999E-016
 8.904390000000000E-004, 4.199060000000000E-004,-4.069400000000000E-023, 1.224810000000000E+000, 3.516460000000000E+004, 1.000000000000000E+002, 1.002350000000000E+003,-4.436090000000000E-010,-9.024660000000000E-016
 9.008750000000000E-004, 4.236090000000000E-004,-1.714010000000000E-022, 1.224810000000000E+000, 3.516460000000000E+004, 1.000000000000000E+002, 1.002350000000000E+003,-4.401920000000000E-010,-1.242190000000000E-015
 9.113110000000000E-004, 4.273110000000000E-004,-2.029320000000000E-021, 1.224810000000000E+000, 3.516460000000000E+004, 1.000000000000000E+002, 1.002350000000000E+003,-4.375950000000000E-010,-5.639940000000000E-016
 9.217470000000000E-004, 4.310140000000000E-004, 6.262760000000000E-022, 1.224810000000000E+000, 3.516460000000000E+004, 1.000000000000000E+002, 1.002350000000000E+003,-4.348680000000000E-010, 7.894550000000000E-017
 9.321820000000000E-004, 4.347170000000000E-004, 7.541080000000000E-022, 1.224810000000000E+000, 3.516460000000000E+004, 1.000000000000000E+002, 1.002350000000000E+003,-4.319140000000000E-010,-7.918180000000000E-016
 9.426180000000000E-004, 4.384190000000000E-004,-5.493000000000000E-022, 1.224810000000000E+000, 3.516460000000000E+004, 1.000000000000000E+002, 1.002350000000000E+003,-4.302850000000000E-010,-4.599680000000000E-016
 9.530540000000001E-004, 4.421220000000000E-004, 1.295350000000000E-021, 1.224810000000000E+000, 3.516460000000000E+004, 1.000000000000000E+002, 1.002350000000000E+003,-4.262770000000000E-010, 1.664850000000000E-017
 9.634890000000000E-004, 4.458250000000000E-004,-9.783350000000000E-023, 1.224810000000000E+000, 3.516460000000000E+004, 1.000000000000000E+002, 1.002350000000000E+003,-4.229890000000000E-010,-8.169750000000000E-016
 9.739250000000001E-004, 4.495270000000000E-004, 1.335760000000000E-021, 1.224810000000000E+000, 3.516460000000000E+004, 1.000000000000000E+002, 1.002350000000000E+003, 1.021520000000000E-007,-8.183160000000000E-017
 9.843610000000000E-004, 4.532300000000000E-004, 8.627000000000001E-022, 1.224810000000000E+000, 3.516460000000000E+004, 1.000000000000000E+002, 1.002350000000000E+003,-3.919610000000000E-006, 4.158260000000000E-016
 9.947960000000000E-004, 4.569320000000000E-004,-1.199110000000000E-021, 1.224810000000000E+000, 3.516460000000000E+004, 1.000000000000000E+002, 1.002350000000000E+003, 1.199060000000000E-004, 2.155890000000000E-018
-2.578650000000000E-005, 9.071930000000000E-005, 1.952660000000000E-022, 1.224810000000000E+000, 3.516460000000000E+004, 1.000000000000000E+002, 1.002350000000000E+003,-4.743160000000000E-010,-2.411240000000000E-014
-1.537470000000000E-005, 9.423220000000000E-005,-2.055930000000000E-022, 1.224810000000000E+000, 3.516460000000000E+004, 1.000000000000000E+002, 1.002350000000000E+003,-1.137800000000000E-009, 3.972750000000000E-014
-4.962570000000000E-006, 9.774530000000000E-005,-1.490310000000000E-019, 1.224810000000000E+000, 3.516460000000000E+004, 1.000000000000000E+002, 1.002350000000000E+003,-1.316570000000000E-009, 2.987190000000000E-014
 5.449740000000000E-006, 1.012580000000000E-004,-6.118440000000000E-018, 1.224810000000000E+000, 3.516460000000000E+004, 1.000000000000000E+002, 1.002350000000000E+003,-1.409630000000000E-009,-6.646830000000000E-015
 1.586220000000000E-005, 1.047720000000000E-004, 3.991990000000000E-022, 1.224810000000000E+000, 3.516460000000000E+004, 1.000000000000000E+002, 1.002350000000000E+003,-1.463720000000000E-009,-7.114190000000001E-015
 2.627490000000000E-005, 1.082850000000000E-004, 8.150150000000001E-023, 1.224810000000000E+000, 3.516460000000000E+004, 1.000000000000000E+002, 1.002350000000000E+003,-1.192380000000000E-009,-2.238680000000000E-014
 3.668770000000000E-005, 1.117980000000000E-004,-1.429790000000000E-022, 1.224810000000000E+000, 3.516460000000000E+004, 1.000000000000000E+002, 1.002350000000000E+003,-1.186570000000000E-009, 1.383370000000000E-014
 4.710060000000000E-005, 1.153110000000000E-004, 3.432410000000000E-023, 1.224810000000000E+000, 3.516460000000000E+004, 1.000000000000000E+002, 1.002350000000000E+003,-1.264540000000000E-009, 8.263850000000000E-015
 5.751360000000000E-005, 1.188250000000000E-004,-1.007760000000000E-023, 1.224810000000000E+000, 3.516460000000000E+004, 1.000000000000000E+002, 1.002350000000000E+003,-1.260000000000000E-009,-2.564370000000000E-014
 6.792680000000000E-005, 1.223380000000000E-004,-3.307620000000000E-022, 1.224810000000000E+000, 3.516460000000000E+004, 1.000000000000000E+002, 1.002350000000000E+003,-1.243520000000000E-009,-4.914550000000000E-014
 7.834000000000000E-005, 1.258520000000000E-004,-2.293430000000000E-022, 1.224810000000000E+000, 3.516460000000000E+004, 1.000000000000000E+002, 1.002350000000000E+003,-1.251870000000000E-009,-6.239050000000000E-014
 8.875340000000000E-005, 1.293650000000000E-004,-1.380070000000000E-022, 1.224810000000000E+000, 3.516460000000000E+004, 1.000000000000000E+002, 1.002350000000000E+003,-1.263700000000000E-009,-6.483549999999999E-014
 9.916679999999999E-005, 1.328790000000000E-004, 9.019080000000001E-022, 1.224810000000000E+000, 3.516460000000000E+004, 1.000000000000000E+002, 1.002350000000000E+003,-1.276060000000000E-009,-2.579230000000000E-014
 1.095800000000000E-004, 1.363920000000000E-004,-1.350090000000000E-022, 1.224810000000000E+000, 3.516460000000000E+004, 1.000000000000000E+002, 1.002350000000000E+003,-1.303490000000000E-009,-1.601460000000000E-014
 1.199940000000000E-004, 1.399060000000000E-004, 3.293960000000000E-022, 1.224810000000000E+000, 3.516460000000000E+004, 1.000000000000000E+002, 1.002350000000000E+003,-1.332240000000000E-009,-3.393760000000000E-014
 1.304070000000000E-004, 1.434190000000000E-004,-4.903820000000000E-022, 1.224810000000000E+000, 3.516460000000000E+004, 1.000000000000000E+002, 1.002350000000000E+003,-1.335830000000000E-009,-4.500430000000000E-015
 1.408210000000000E-004, 1.469330000000000E-004,-7.715380000000000E-022, 1.224810000000000E+000, 3.516460000000000E+004, 1.000000000000000E+002, 1.002350000000000E+003,-1.333440000000000E-009,-1.312770000000000E-014
 1.512350000000000E-004, 1.504460000000000E-004, 5.853270000000000E-022, 1.224810000000000E+000, 3.516460000000000E+004, 1.000000000000000E+002, 1.002350000000000E+003,-1.340380000000000E-009, 2.719590000000000E-014
 1.616490000000000E-004, 1.539600000000000E-004, 2.401140000000000E-022, 1.224810000000000E+000, 3.516460000000000E+004, 1.000000000000000E+002, 1.002350000000000E+003,-1.359500000000000E-009,-7.066690000000000E-015
 1.720630000000000E-004, 1.574740000000000E-004, 2.739670000000000E-022, 1.224810000000000E+000, 3.516460000000000E+004, 1.000000000000000E+002, 1.002350000000000E+003,-1.341210000000000E-009,-2.613920000000000E-014
 1.824760000000000E-004, 1.609870000000000E-004,-5.001790000000000E-024, 1.224810000000000E+000, 3.516460000000000E+004, 1.000000000000000E+002, 1.002350000000000E+003,-1.340800000000000E-009,-3.000290000000000E-014
 1.928900000000000E-004, 1.645010000000000E-004, 1.107100000000000E-023, 1.224810000000000E+000, 3.516460000000000E+004, 1.000000000000000E+002, 1.002350000000000E+003,-1.329510000000000E-009,-1.799920000000000E-014
 2.033040000000000E-004, 1.680150000000000E-004, 2.937690000000000E-022, 1.224810000000000E+000, 3.516460000000000E+004, 1.000000000000000E+002, 1.002350000000000E+003,-1.292980000000000E-009,-2.894900000000000E-015
 2.137180000000000E-004, 1.715280000000000E-004,-4.016150000000000E-022, 1.224810000000000E+000, 3.516460000000000E+004, 1.000000000000000E+002, 1.002350000000000E+003,-1.269570000000000E-009, 7.683630000000000E-015
 2.241320000000000E-004, 1.750420000000000E-004,-3.030840000000000E-023, 1.224810000000000E+000, 3.516460000000000E+004, 1.000000000000000E+002, 1.002350000000000E+003,-1.282940000000000E-009, 1.901220000000000E-014
 2.345460000000000E-004, 1.785560000000000E-004, 1.206870000000000E-022, 1.224810000000000E+000, 3.516460000000000E+004, 1.000000000000000E+002, 1.002350000000000E+003,-1.273820000000000E-009, 2.197130000000000E-014
 2.449610000000000E-004, 1.820700000000000E-004, 5.125850000000000E-023, 1.224810000000000E+000, 3.516460000000000E+004, 1.000000000000000E+002, 1.002350000000000E+003,-1.255020000000000E-009,-4.346820000000000E-015
 2.553750000000000E-004, 1.855830000000000E-004,-3.022840000000000E-022, 1.224810000000000E+000, 3.516460000000000E+004, 1.000000000000000E+002, 1.002350000000000E+003,-1.256020000000000E-009, 1.877290000000000E-014
 2.657890000000000E-004, 1.890970000000000E-004,-3.961670000000000E-022, 1.224810000000000E+000, 3.516460000000000E+004, 1.000000000000000E+002, 1.002350000000000E+003,-1.250120000000000E-009, 1.476000000000000E-014
 2.762030000000000E-004, 1.926110000000000E-004,-8.475270000000001E-022, 1.224810000000000E+000, 3.516460000000000E+004, 1.000000000000000E+002, 1.002350000000000E+003,-1.229400000000000E-009,-5.866250000000000E-015
 2.866170000000000E-004, 1.961250000000000E-004, 1.391420000000000E-022, 1.224810000000000E+000, 3.516460000000000E+004, 1.000000000000000E+002, 1.002350000000000E+003,-1.203060000000000E-009, 2.476220000000000E-014
 2.970310000000000E-004, 1.996380000000000E-004, 1.271090000000000E-021, 1.224810000000000E+000, 3.516460000000000E+004, 1.000000000000000E+002, 1.002350000000000E+003,-1.189160000000000E-009, 1.683440000000000E-014
 3.074460000000000E-004, 2.031520000000000E-004,-2.099720000000000E-022, 1.224810000000000E+000, 3.516460000000000E+004, 1.000000000000000E+002, 1.002350000000000E+003,-1.182690000000000E-009, 1.976680000000000E-014
 3.178600000000000E-004, 2.066660000000000E-004,-5.020630000000000E-023, 1.224810000000000E+000, 3.516460000000000E+004, 1.000000000000000E+002, 1.002350000000000E+003,-1.167570000000000E-009,-6.472810000000000E-015
 3.282740000000000E-004, 2.101800000000000E-004, 7.447750000000000E-022, 1.224810000000000E+000, 3.516460000000000E+004, 1.000000000000000E+002, 1.002350000000000E+003,-1.151170000000000E-009, 1.733380000000000E-015
 3.386890000000000E-004, 2.136940000000000E-004, 1.502460000000000E-022, 1.224810000000000E+000, 3.516460000000000E+004, 1.000000000000000E+002, 1.002350000000000E+003,-1.124060000000000E-009,-4.983920000000000E-015
 3.491030000000000E-004, 2.172070000000000E-004, 8.572260000000000E-023, 1.224810000000000E+000, 3.516460000000000E+004, 1.000000000000000E+002, 1.002350000000000E+003,-1.098120000000000E-009, 9.492090000000000E-015
 3.595170000000000E-004, 2.207210000000000E-004,-2.520790000000000E-022, 1.224810000000000E+000, 3.516460000000000E+004, 1.000000000000000E+002, 1.002350000000000E+003,-1.083990000000000E-009,-1.651020000000000E-015
 3.699320000000000E-004, 2.242350000000000E-004,-1.273990000000000E-022, 1.224810000000000E+000, 3.516460000000000E+004, 1.000000000000000E+002, 1.002350000000000E+003,-1.070120000000000E-009, 1.421540000000000E-014
 3.803460000000000E-004, 2.277490000000000E-004, 2.907070000000000E-022, 1.224810000000000E+000, 3.516460000000000E+004, 1.000000000000000E+002, 1.002350000000000E+003,-1.043990000000000E-009, 3.136020000000000E-015
 3.907600000000000E-004, 2.312630000000000E-004, 7.242910000000000E-022, 1.224810000000000E+000, 3.516460000000000E+004, 1.000000000000000E+002, 1.002350000000000E+003,-1.032290000000000E-009,-2.500580000000000E-016
 4.011750000000000E-004, 2.347770000000000E-004, 4.257150000000000E-023, 1.224810000000000E+000, 3.516460000000000E+004, 1.000000000000000E+002, 1.002350000000000E+003,-1.038990000000000E-009, 3.540640000000000E-015
 4.115890000000000E-004, 2.382900000000000E-004,-8.086110000000000E-022, 1.224810000000000E+000, 3.516460000000000E+004, 1.000000000000000E+002, 1.002350000000000E+003,-1.035400000000000E-009, 1.101890000000000E-014
 4.220040000000000E-004, 2.418040000000000E-004,-1.062390000000000E-022, 1.224810000000000E+000, 3.516460000000000E+004, 1.000000000000000E+002, 1.002350000000000E+003,-1.011360000000000E-009, 3.968300000000000E-015
 4.324180000000000E-004, 2.453180000000000E-004,-1.251120000000000E-022, 1.224810000000000E+000, 3.516460000000000E+004, 1.000000000000000E+002, 1.002350000000000E+003,-9.758900000000000E-010, 3.494130000000000E-015
 4.428320000000000E-004, 2.488320000000000E-004,-7.778029999999999E-023, 1.224810000000000E+000, 3.516460000000000E+004, 1.000000000000000E+002, 1.002350000000000E+003,-9.430850000000000E-010, 7.255860000000000E-015
 4.532470000000000E-004, 2.523460000000000E-004, 4.788290000000000E-022, 1.224810000000000E+000, 3.516460000000000E+004, 1.000000000000000E+002, 1.002350000000000E+003,-9.125370000000000E-010,-1.075010000000000E-014
 4.636610000000000E-004, 2.558600000000000E-004, 1.708650000000000E-022, 1.224810000000000E+000, 3.516460000000000E+004, 1.000000000000000E+002, 1.002350000000000E+003,-8.956340000000000E-010,-5.058300000000000E-015
 4.740760000000000E-004, 2.593740000000000E-004, 5.638540000000000E-022, 1.224810000000000E+000, 3.516460000000000E+004, 1.000000000000000E+002, 1.002350000000000E+003,-8.811540000000000E-010,-7.561940000000001E-015
 4.844900000000000E-004, 2.628870000000000E-004,-9.530160000000001E-022, 1.224810000000000E+000, 3.516460000000000E+004, 1.000000000000000E+002, 1.002350000000000E+003,-8.504710000000000E-010,-9.376440000000001E-015
 4.949050000000000E-004, 2.664010000000000E-004,-2.669760000000000E-022, 1.224810000000000E+000, 3.516460000000000E+004, 1.000000000000000E+002, 1.002350000000000E+003,-8.422220000000000E-010,-1.213730000000000E-014
 5.053190000000000E-004, 2.699150000000000E-004, 1.804540000000000E-022, 1.224810000000000E+000, 3.516460000000000E+004, 1.000000000000000E+002, 1.002350000000000E+003,-8.298930000000000E-010,-2.044640000000000E-014
 5.157340000000000E-004, 2.734290000000000E-004,-2.315560000000000E-022, 1.224810000000000E+000, 3.516460000000000E+004, 1.000000000000000E+002, 1.002350000000000E+003,-8.068390000000000E-010,-1.683680000000000E-014
 5.261480000000000E-004, 2.769430000000000E-004,-1.681640000000000E-022, 1.224810000000000E+000, 3.516460000000000E+004, 1.000000000000000E+002, 1.002350000000000E+003,-7.784410000000000E-010,-9.554880000000000E-015
 5.365630000000000E-004, 2.804570000000000E-004,-1.355090000000000E-021, 1.224810000000000E+000, 3.516460000000000E+004, 1.000000000000000E+002, 1.002350000000000E+003,-7.528680000000000E-010, 1.685570000000000E-014
 5.469770000000000E-004, 2.839710000000000E-004, 2.698820000000000E-023, 1.224810000000000E+000, 3.516460000000000E+004, 1.000000000000000E+002, 1.002350000000000E+003,-7.454930000000000E-010,-3.307010000000000E-015
 5.573920000000000E-004, 2.874850000000000E-004,-6.835930000000000E-024, 1.224810000000000E+000, 3.516460000000000E+004, 1.000000000000000E+002, 1.002350000000000E+003,-7.439770000000000E-010, 1.561110000000000E-014
 5.678060000000000E-004, 2.909980000000000E-004, 3.878110000000000E-022, 1.224810000000000E+000, 3.516460000000000E+004, 1.000000000000000E+002, 1.002350000000000E+003,-7.368809999999999E-010, 5.348640000000000E-015
 5.782210000000000E-004, 2.945120000000000E-004,-5.177280000000000E-022, 1.224810000000000E+000, 3.516460000000000E+004, 1.000000000000000E+002, 1.002350000000000E+003,-7.296890000000000E-010, 2.293590000000000E-014
 5.886360000000000E-004, 2.980260000000000E-004,-1.064420000000000E-022, 1.224810000000000E+000, 3.516460000000000E+004, 1.000000000000000E+002, 1.002350000000000E+003,-7.062440000000000E-010, 1.261660000000000E-014
 5.990500000000000E-004, 3.015400000000000E-004,-1.138140000000000E-022, 1.224810000000000E+000, 3.516460000000000E+004, 1.000000000000000E+002, 1.002350000000000E+003,-6.942100000000000E-010, 9.380039999999999E-015
 6.094650000000000E-004, 3.050540000000000E-004,-6.198230000000000E-023, 1.224810000000000E+000, 3.516460000000000E+004, 1.000000000000000E+002, 1.002350000000000E+003,-6.757750000000000E-010, 1.008470000000000E-014
 6.198790000000000E-004, 3.085680000000000E-004,-3.386410000000000E-022, 1.224810000000000E+000, 3.516460000000000E+004, 1.000000000000000E+002, 1.002350000000000E+003,-6.515080000000000E-010, 1.024550000000000E-014
 6.302940000000000E-004, 3.120820000000000E-004,-6.494650000000000E-022, 1.224810000000000E+000, 3.516460000000000E+004, 1.000000000000000E+002, 1.002350000000000E+003,-6.331200000000000E-010, 4.273610000000000E-015
 6.407090000000000E-004, 3.155960000000000E-004,-1.440990000000000E-021, 1.224810000000000E+000, 3.516460000000000E+004, 1.000000000000000E+002, 1.002350000000000E+003,-6.158840000000000E-010, 7.844460000000000E-015
 6.511230000000000E-004, 3.191100000000000E-004, 9.066930000000000E-022, 1.224810000000000E+000, 3.516460000000000E+004, 1.000000000000000E+002, 1.002350000000000E+003,-6.102850000000000E-010,-3.220240000000000E-016
 6.615380000000000E-004, 3.226240000000000E-004, 2.497120000000000E-022, 1.224810000000000E+000, 3.516460000000000E+004, 1.000000000000000E+002, 1.002350000000000E+003,-5.931450000000000E-010, 7.790279999999999E-015
 6.719520000000000E-004, 3.261370000000000E-004,-6.272300000000000E-022, 1.224810000000000E+000, 3.516460000000000E+004, 1.000000000000000E+002, 1.002350000000000E+003,-5.650690000000000E-010,-3.304770000000000E-015
 6.823670000000000E-004, 3.296510000000000E-004, 1.192370000000000E-021, 1.224810000000000E+000, 3.516460000000000E+004, 1.000000000000000E+002, 1.002350000000000E+003,-5.359370000000000E-010,-1.857530000000000E-015
 6.927820000000000E-004, 3.331650000000000E-004, 6.683380000000000E-022, 1.224810000000000E+000, 3.516460000000000E+004, 1.000000000000000E+002, 1.002350000000000E+003,-5.232420000000000E-010,-1.002190000000000E-014
 7.031960000000000E-004, 3.366790000000000E-004, 9.483670000000000E-023, 1.224810000000000E+000, 3.516460000000000E+004, 1.000000000000000E+002, 1.002350000000000E+003,-5.097810000000000E-010,-6.739400000000000E-015
 7.136110000000000E-004, 3.401930000000000E-004,-1.427400000000000E-021, 1.224810000000000E+000, 3.516460000000000E+004, 1.000000000000000E+002, 1.002350000000000E+003,-5.057680000000000E-010,-8.675920000000000E-015
 7.240250000000000E-004, 3.437070000000000E-004, 9.260359999999999E-022, 1.224810000000000E+000, 3.516460000000000E+004, 1.000000000000000E+002, 1.002350000000000E+003,-5.002530000000000E-010,-7.150210000000000E-015
 7.344400000000000E-004, 3.472210000000000E-004,-1.655090000000000E-022, 1.224810000000000E+000, 3.516460000000000E+004, 1.000000000000000E+002, 1.002350000000000E+003,-4.951600000000000E-010,-1.136740000000000E-014
 7.448550000000000E-004, 3.507350000000000E-004, 1.665420000000000E-021, 1.224810000000000E+000, 3.516460000000000E+004, 1.000000000000000E+002, 1.002350000000000E+003,-4.832600000000000E-010,-6.079460000000000E-015
 7.552690000000000E-004, 3.542490000000000E-004, 3.216930000000000E-022, 1.224810000000000E+000, 3.516460000000000E+004, 1.000000000000000E+002, 1.002350000000000E+003,-4.683540000000000E-010,-8.564210000000000E-016
 7.656840000000000E-004, 3.577630000000000E-004, 2.273550000000000E-021, 1.224810000000000E+000, 3.516460000000000E+004, 1.000000000000000E+002, 1.002350000000000E+003,-4.490290000000000E-010, 9.658870000000000E-016
 7.760990000000000E-004, 3.612770000000000E-004, 3.273180000000000E-022, 1.224810000000000E+000, 3.516460000000000E+004, 1.000000000000000E+002, 1.002350000000000E+003,-4.353560000000000E-010,-9.883880000000000E-015
 7.865130000000000E-004, 3.647910000000000E-004,-1.989220000000000E-021, 1.224810000000000E+000, 3.516460000000000E+004, 1.000000000000000E+002, 1.002350000000000E+003,-4.275060000000000E-010,-5.532870000000000E-015
 7.969280000000000E-004, 3.683040000000000E-004,-2.424680000000000E-021, 1.224810000000000E+000, 3.516460000000000E+004, 1.000000000000000E+002, 1.002350000000000E+003,-4.254400000000000E-010,-2.092260000000000E-015
 8.073430000000000E-004, 3.718180000000000E-004, 3.645690000000000E-022, 1.224810000000000E+000, 3.516460000000000E+004, 1.000000000000000E+002, 1.002350000000000E+003,-4.226270000000000E-010,-4.727290000000000E-016
 8.177570000000000E-004, 3.753320000000000E-004,-4.695830000000000E-022, 1.224810000000000E+000, 3.516460000000000E+004, 1.000000000000000E+002, 1.002350000000000E+003,-4.186090000000000E-010,-1.615290000000000E-015
 8.281720000000000E-004, 3.788460000000000E-004, 1.454610000000000E-014, 1.224810000000000E+000, 3.516460000000000E+004, 1.000000000000000E+002, 1.002350000000000E+003,-4.145710000000000E-010,-3.699110000000000E-015
 8.385870000000000E-004, 3.823600000000000E-004,-1.084980000000000E-014, 1.224810000000000E+000, 3.516460000000000E+004, 1.000000000000000E+002, 1.002350000000000E+003,-4.060220000000000E-010,-2.149040000000000E-015
 8.490010000000001E-004, 3.858740000000000E-004,-6.851750000000000E-022, 1.224810000000000E+000, 3.516460000000000E+004, 1.000000000000000E+002, 1.002350000000000E+003,-3.885460000000000E-010,-1.523900000000000E-015
 8.594160000000000E-004, 3.893880000000000E-004, 8.848659999999999E-022, 1.224810000000000E+000, 3.516460000000000E+004, 1.000000000000000E+002, 1.002350000000000E+003,-3.739640000000000E-010, 3.616040000000000E-015
 8.698309999999999E-004, 3.929020000000000E-004, 8.038180000000000E-022, 1.224810000000000E+000, 3.516460000000000E+004, 1.000000000000000E+002, 1.002350000000000E+003,-3.668980000000000E-010,-4.605920000000000E-015
 8.802450000000000E-004, 3.964160000000000E-004,-7.160270000000000E-022, 1.224810000000000E+000, 3.516460000000000E+004, 1.000000000000000E+002, 1.002350000000000E+003,-3.642910000000000E-010,-6.417180000000000E-016
 8.906600000000000E-004, 3.999300000000000E-004, 1.512550000000000E-022, 1.224810000000000E+000, 3.516460000000000E+004, 1.000000000000000E+002, 1.002350000000000E+003,-3.613160000000000E-010,-2.664070000000000E-015
 9.010750000000000E-004, 4.034440000000000E-004,-4.011900000000000E-022, 1.224810000000000E+000, 3.516460000000000E+004, 1.000000000000000E+002, 1.002350000000000E+003,-3.576090000000000E-010,-8.772190000000000E-016
 9.114890000000000E-004, 4.069580000000000E-004, 2.222070000000000E-022, 1.224810000000000E+000, 3.516460000000000E+004, 1.000000000000000E+002, 1.002350000000000E+003,-3.462240000000000E-010, 1.474690000000000E-015
 9.219040000000000E-004, 4.104720000000000E-004, 8.729690000000000E-022, 1.224810000000000E+000, 3.516460000000000E+004, 1.000000000000000E+002, 1.002350000000000E+003,-3.310810000000000E-010,-2.302360000000000E-016
 9.323190000000000E-004, 4.139860000000000E-004,-1.502530000000000E-021, 1.224810000000000E+000, 3.516460000000000E+004, 1.000000000000000E+002, 1.002350000000000E+003,-3.218880000000000E-010, 3.995080000000000E-015
 9.427330000000000E-004, 4.175000000000000E-004, 1.005960000000000E-021, 1.224810000000000E+000, 3.516460000000000E+004, 1.000000000000000E+002, 1.002350000000000E+003,-3.088000000000000E-010, 4.183360000000000E-015
 9.531480000000000E-004, 4.210140000000000E-004,-1.631680000000000E-022, 1.224810000000000E+000, 3.516460000000000E+004, 1.000000000000000E+002, 1.002350000000000E+003,-2.972150000000000E-010, 3.209810000000000E-015
 9.635630000000000E-004, 4.245270000000000E-004, 7.275590000000000E-022, 1.224810000000000E+000, 3.516460000000000E+004, 1.000000000000000E+002, 1.002350000000000E+003,-8.245380000000000E-010, 1.164910000000000E-015
 9.739770000000000E-004, 4.280410000000000E-004, 3.677150000000000E-024, 1.224810000000000E+000, 3.516460000000000E+004, 1.000000000000000E+002, 1.002350000000000E+003, 2.404850000000000E-007, 2.767580000000000E-016
 9.843919999999999E-004, 4.315550000000000E-004,-1.237840000000000E-021, 1.224810000000000E+000, 3.516460000000000E+004, 1.000000000000000E+002, 1.002350000000000E+003,-7.566390000000000E-006,-3.146100000000000E-017
 9.948069999999999E-004, 4.350690000000000E-004, 3.912980000000000E-022, 1.224810000000000E+000, 3.516460000000000E+004, 1.000010000000000E+002, 1.002350000000000E+003, 2.304050000000000E-004, 6.617290000000000E-018
-2.382220000000000E-005, 8.751630000000000E-005, 9.779169999999999E-023, 1.224810000000000E+000, 3.516460000000000E+004, 1.000000000000000E+002, 1.002350000000000E+003,-9.766060000000000E-010,-1.268990000000000E-014
-1.343020000000000E-005, 9.085000000000000E-005,-4.338840000000000E-022, 1.224810000000000E+000, 3.516460000000000E+004, 1.000000000000000E+002, 1.002350000000000E+003, 4.294220000000000E-009,-8.544340000000000E-015
-3.038070000000000E-006, 9.418380000000000E-005, 1.060470000000000E-022, 1.224810000000000E+000, 3.516460000000000E+004, 1.000000000000000E+002, 1.002350000000000E+003, 9.773310000000000E-009, 1.418450000000000E-014
 7.354290000000000E-006, 9.751770000000000E-005, 1.238160000000000E-022, 1.224810000000000E+000, 3.516460000000000E+004, 1.000000000000000E+002, 1.002350000000000E+003, 1.220970000000000E-008,-5.479700000000000E-015
 1.774680000000000E-005, 1.008520000000000E-004, 4.460140000000000E-022, 1.224810000000000E+000, 3.516460000000000E+004, 1.000000000000000E+002, 1.002350000000000E+003, 4.813830000000000E-009, 1.684920000000000E-015
 2.813960000000000E-005, 1.041860000000000E-004,-4.989360000000000E-022, 1.224810000000000E+000, 3.516460000000000E+004, 1.000000000000000E+002, 1.002350000000000E+003,-8.586620000000000E-010, 1.465470000000000E-014
 3.853240000000000E-005, 1.075200000000000E-004, 1.996170000000000E-022, 1.224810000000000E+000, 3.516460000000000E+004, 1.000000000000000E+002, 1.002350000000000E+003,-2.276610000000000E-009, 1.441530000000000E-014
 4.892540000000000E-005, 1.108540000000000E-004,-3.355770000000000E-022, 1.224810000000000E+000, 3.516460000000000E+004, 1.000000000000000E+002, 1.002350000000000E+003,-2.138710000000000E-009, 2.216360000000000E-014
 5.931850000000000E-005, 1.141880000000000E-004,-4.144340000000000E-022, 1.224810000000000E+000, 3.516460000000000E+004, 1.000000000000000E+002, 1.002350000000000E+003,-2.071380000000000E-009, 1.746450000000000E-014
 6.971170000000001E-005, 1.175220000000000E-004, 5.852370000000000E-024, 1.224810000000000E+000, 3.516460000000000E+004, 1.000000000000000E+002, 1.002350000000000E+003,-2.063460000000000E-009, 1.482940000000000E-014
 8.010500000000001E-005, 1.208560000000000E-004, 3.081880000000000E-022, 1.224810000000000E+000, 3.516460000000000E+004, 1.000000000000000E+002, 1.002350000000000E+003,-2.021030000000000E-009, 2.882250000000000E-014
 9.049840000000000E-005, 1.241910000000000E-004,-1.432880000000000E-022, 1.224810000000000E+000, 3.516460000000000E+004, 1.000000000000000E+002, 1.002350000000000E+003,-1.963860000000000E-009, 3.005910000000000E-014
 1.008920000000000E-004, 1.275250000000000E-004, 1.897280000000000E-023, 1.224810000000000E+000, 3.516460000000000E+004, 1.000000000000000E+002, 1.002350000000000E+003,-1.933560000000000E-009,-9.862729999999999E-015
 1.112850000000000E-004, 1.308590000000000E-004,-3.593780000000000E-022, 1.224810000000000E+000, 3.516460000000000E+004, 1.000000000000000E+002, 1.002350000000000E+003,-1.896500000000000E-009, 2.550970000000000E-014
 1.216790000000000E-004, 1.341930000000000E-004, 1.057210000000000E-022, 1.224810000000000E+000, 3.516460000000000E+004, 1.000000000000000E+002, 1.002350000000000E+003,-1.856340000000000E-009,-9.128710000000000E-015
 1.320730000000000E-004, 1.375280000000000E-004, 5.742620000000000E-022, 1.224810000000000E+000, 3.516460000000000E+004, 1.000000000000000E+002, 1.002350000000000E+003,-1.829920000000000E-009,-3.011330000000000E-014
 1.424670000000000E-004, 1.408620000000000E-004,-3.882970000000000E-023, 1.224810000000000E+000, 3.516460000000000E+004, 1.000000000000000E+002, 1.002350000000000E+003,-1.797280000000000E-009, 1.147310000000000E-014
 1.528600000000000E-004, 1.441960000000000E-004,-2.676620000000000E-024, 1.224810000000000E+000, 3.516460000000000E+004, 1.000000000000000E+002, 1.002350000000000E+003,-1.737600000000000E-009,-1.392850000000000E-014
 1.632540000000000E-004, 1.475310000000000E-004,-1.016530000000000E-022, 1.224810000000000E+000, 3.516460000000000E+004, 1.000000000000000E+002, 1.002350000000000E+003,-1.683780000000000E-009, 3.099260000000000E-014
 1.736480000000000E-004, 1.508650000000000E-004, 5.903490000000000E-022, 1.224810000000000E+000, 3.516460000000000E+004, 1.000000000000000E+002, 1.002350000000000E+003,-1.641120000000000E-009,-8.498259999999999E-015
 1.840420000000000E-004, 1.542000000000000E-004,-3.040140000000000E-023, 1.224810000000000E+000, 3.516460000000000E+004, 1.000000000000000E+002, 1.002350000000000E+003,-1.599310000000000E-009,-4.688650000000000E-015
 1.944360000000000E-004, 1.575340000000000E-004, 2.045720000000000E-023, 1.224810000000000E+000, 3.516460000000000E+004, 1.000000000000000E+002, 1.002350000000000E+003,-1.554350000000000E-009,-6.369430000000000E-015
 2.048300000000000E-004, 1.608680000000000E-004,-4.866460000000000E-022, 1.224810000000000E+000, 3.516460000000000E+004, 1.000000000000000E+002, 1.002350000000000E+003,-1.520940000000000E-009,-1.148870000000000E-014
 2.152240000000000E-004, 1.642030000000000E-004, 3.249650000000000E-023, 1.224810000000000E+000, 3.516460000000000E+004, 1.000000000000000E+002, 1.002350000000000E+003,-1.486500000000000E-009,-9.979860000000000E-015
 2.256180000000000E-004, 1.675370000000000E-004, 5.221570000000000E-022, 1.224810000000000E+000, 3.516460000000000E+004, 1.000000000000000E+002, 1.002350000000000E+003,-1.433830000000000E-009,-1.048260000000000E-014
 2.360120000000000E-004, 1.708720000000000E-004, 5.975120000000000E-023, 1.224810000000000E+000, 3.516460000000000E+004, 1.000000000000000E+002, 1.002350000000000E+003,-1.399820000000000E-009,-3.084330000000000E-014
 2.464060000000000E-004, 1.742060000000000E-004,-2.593430000000000E-022, 1.224810000000000E+000, 3.516460000000000E+004, 1.000000000000000E+002, 1.002350000000000E+003,-1.369340000000000E-009, 1.423460000000000E-015
 2.568010000000000E-004, 1.775410000000000E-004,-1.944600000000000E-022, 1.224810000000000E+000, 3.516460000000000E+004, 1.000000000000000E+002, 1.002350000000000E+003,-1.323740000000000E-009,-3.061110000000000E-014
 2.671950000000000E-004, 1.808750000000000E-004,-6.487070000000000E-023, 1.224810000000000E+000, 3.516460000000000E+004, 1.000000000000000E+002, 1.002350000000000E+003,-1.278610000000000E-009, 1.489810000000000E-014
 2.775890000000000E-004, 1.842100000000000E-004,-2.737390000000000E-022, 1.224810000000000E+000, 3.516460000000000E+004, 1.000000000000000E+002, 1.002350000000000E+003,-1.237960000000000E-009,-1.463710000000000E-014
 2.879830000000000E-004, 1.875440000000000E-004, 5.193170000000000E-022, 1.224810000000000E+000, 3.516460000000000E+004, 1.000000000000000E+002, 1.002350000000000E+003,-1.196990000000000E-009, 1.099530000000000E-014
 2.983780000000000E-004, 1.908790000000000E-004,-1.701380000000000E-022, 1.224810000000000E+000, 3.516460000000000E+004, 1.000000000000000E+002, 1.002350000000000E+003,-1.164030000000000E-009, 6.309490000000000E-015
 3.087720000000000E-004, 1.942130000000000E-004, 1.641640000000000E-022, 1.224810000000000E+000, 3.516460000000000E+004, 1.000000000000000E+002, 1.002350000000000E+003,-1.130890000000000E-009,-4.699110000000000E-015
 3.191660000000000E-004, 1.975480000000000E-004, 4.844240000000000E-022, 1.224810000000000E+000, 3.516460000000000E+004, 1.000000000000000E+002, 1.002350000000000E+003,-1.073340000000000E-009, 1.418210000000000E-014
 3.295610000000000E-004, 2.008820000000000E-004,-4.302890000000000E-022, 1.224810000000000E+000, 3.516460000000000E+004, 1.000000000000000E+002, 1.002350000000000E+003,-1.029270000000000E-009, 1.214030000000000E-015
 3.399550000000000E-004, 2.042170000000000E-004, 2.506910000000000E-023, 1.224810000000000E+000, 3.516460000000000E+004, 1.000000000000000E+002, 1.002350000000000E+003,-1.003680000000000E-009, 4.348980000000000E-015
 3.503490000000000E-004, 2.075520000000000E-004, 1.708450000000000E-022, 1.224810000000000E+000, 3.516460000000000E+004, 1.000000000000000E+002, 1.002350000000000E+003,-9.945810000000000E-010, 2.862000000000000E-015
 3.607440000000000E-004, 2.108860000000000E-004, 1.006040000000000E-022, 1.224810000000000E+000, 3.516460000000000E+004, 1.000000000000000E+002, 1.002350000000000E+003,-9.449010000000000E-010,-4.140180000000000E-015
 3.711380000000000E-004, 2.142210000000000E-004, 4.844040000000000E-022, 1.224810000000000E+000, 3.516460000000000E+004, 1.000000000000000E+002, 1.002350000000000E+003,-8.876320000000000E-010, 6.153050000000000E-015
 3.815330000000000E-004, 2.175550000000000E-004, 7.331110000000000E-023, 1.224810000000000E+000, 3.516460000000000E+004, 1.000000000000000E+002, 1.002350000000000E+003,-8.583150000000000E-010, 9.000810000000000E-015
 3.919270000000000E-004, 2.208900000000000E-004,-4.991360000000000E-022, 1.224810000000000E+000, 3.516460000000000E+004, 1.000000000000000E+002, 1.002350000000000E+003,-8.352960000000000E-010, 1.213930000000000E-014
 4.023210000000000E-004, 2.242240000000000E-004, 6.525900000000000E-022, 1.224810000000000E+000, 3.516460000000000E+004, 1.000000000000000E+002, 1.002350000000000E+003,-8.019040000000000E-010, 2.671210000000000E-015
 4.127160000000000E-004, 2.275590000000000E-004,-2.486980000000000E-022, 1.224810000000000E+000, 3.516460000000000E+004, 1.000000000000000E+002, 1.002350000000000E+003,-7.778630000000000E-010, 9.490300000000000E-015
 4.231100000000000E-004, 2.308940000000000E-004, 2.478260000000000E-022, 1.224810000000000E+000, 3.516460000000000E+004, 1.000000000000000E+002, 1.002350000000000E+003,-7.653440000000000E-010, 2.093530000000000E-014
 4.335050000000000E-004, 2.342280000000000E-004,-1.012840000000000E-022, 1.224810000000000E+000, 3.516460000000000E+004, 1.000000000000000E+002, 1.002350000000000E+003,-7.340480000000000E-010, 9.746050000000001E-015
 4.438990000000000E-004, 2.375630000000000E-004,-1.801890000000000E-022, 1.224810000000000E+000, 3.516460000000000E+004, 1.000000000000000E+002, 1.002350000000000E+003,-6.997720000000000E-010, 9.117360000000000E-015
 4.542940000000000E-004, 2.408970000000000E-004,-3.571950000000000E-022, 1.224810000000000E+000, 3.516460000000000E+004, 1.000000000000000E+002, 1.002350000000000E+003,-6.830600000000000E-010, 1.114130000000000E-014
 4.646880000000000E-004, 2.442320000000000E-004, 4.707580000000000E-022, 1.224810000000000E+000, 3.516460000000000E+004, 1.000000000000000E+002, 1.002350000000000E+003,-6.743310000000000E-010, 1.470500000000000E-014
 4.750830000000000E-004, 2.475670000000000E-004, 9.059320000000001E-022, 1.224810000000000E+000, 3.516460000000000E+004, 1.000000000000000E+002, 1.002350000000000E+003,-6.490080000000000E-010, 1.656530000000000E-014
 4.854780000000000E-004, 2.509010000000000E-004, 7.890510000000000E-022, 1.224810000000000E+000, 3.516460000000000E+004, 1.000000000000000E+002, 1.002350000000000E+003,-6.326560000000000E-010, 1.785840000000000E-014
 4.958720000000000E-004, 2.542360000000000E-004, 5.476750000000000E-022, 1.224810000000000E+000, 3.516460000000000E+004, 1.000000000000000E+002, 1.002350000000000E+003,-5.979700000000000E-010, 9.134890000000000E-015
 5.062670000000000E-004, 2.575700000000000E-004,-5.219440000000000E-022, 1.224810000000000E+000, 3.516460000000000E+004, 1.000000000000000E+002, 1.002350000000000E+003,-5.983580000000000E-010, 1.031120000000000E-016
 5.166610000000000E-004, 2.609050000000000E-004,-8.469400000000000E-022, 1.224810000000000E+000, 3.516460000000000E+004, 1.000000000000000E+002, 1.002350000000000E+003,-5.761400000000000E-010, 5.592600000000000E-015
 5.270560000000000E-004, 2.642400000000000E-004, 1.947780000000000E-022, 1.224810000000000E+000, 3.516460000000000E+004, 1.000000000000000E+002, 1.002350000000000E+003,-5.352750000000000E-010, 9.623599999999999E-016
 5.374500000000000E-004, 2.675740000000000E-004, 2.600960000000000E-022, 1.224810000000000E+000, 3.516460000000000E+004, 1.000000000000000E+002, 1.002350000000000E+003,-5.037180000000000E-010,-4.479020000000000E-015
 5.478450000000000E-004, 2.709090000000000E-004,-9.126249999999999E-022, 1.224810000000000E+000, 3.516460000000000E+004, 1.000000000000000E+002, 1.002350000000000E+003,-4.722560000000000E-010, 8.808630000000000E-015
 5.582400000000000E-004, 2.742440000000000E-004, 2.981180000000000E-022, 1.224810000000000E+000, 3.516460000000000E+004, 1.000000000000000E+002, 1.002350000000000E+003,-4.485520000000000E-010,-7.713980000000001E-015
 5.686340000000000E-004, 2.775780000000000E-004,-1.962920000000000E-022, 1.224810000000000E+000, 3.516460000000000E+004, 1.000000000000000E+002, 1.002350000000000E+003,-4.278760000000000E-010, 6.198700000000000E-016
 5.790290000000000E-004, 2.809130000000000E-004, 1.121060000000000E-022, 1.224810000000000E+000, 3.516460000000000E+004, 1.000000000000000E+002, 1.002350000000000E+003,-3.977750000000000E-010,-2.367600000000000E-014
 5.894230000000001E-004, 2.842470000000000E-004,-4.108670000000000E-022, 1.224810000000000E+000, 3.516460000000000E+004, 1.000000000000000E+002, 1.002350000000000E+003,-3.884080000000000E-010, 5.755140000000000E-015
 5.998180000000000E-004, 2.875820000000000E-004,-9.266280000000000E-022, 1.224810000000000E+000, 3.516460000000000E+004, 1.000000000000000E+002, 1.002350000000000E+003,-3.760550000000000E-010,-1.931800000000000E-015
 6.102130000000000E-004, 2.909170000000000E-004, 2.958800000000000E-022, 1.224810000000000E+000, 3.516460000000000E+004, 1.000000000000000E+002, 1.002350000000000E+003,-3.764090000000000E-010,-3.241790000000000E-015
 6.206070000000000E-004, 2.942510000000000E-004,-1.421400000000000E-022, 1.224810000000000E+000, 3.516460000000000E+004, 1.000000000000000E+002, 1.002350000000000E+003,-3.812000000000000E-010,-6.466320000000000E-015
 6.310020000000000E-004, 2.975860000000000E-004,-6.523630000000000E-022, 1.224810000000000E+000, 3.516460000000000E+004, 1.000000000000000E+002, 1.002350000000000E+003,-3.633440000000000E-010, 7.334649999999999E-015
 6.413970000000000E-004, 3.009210000000000E-004, 9.872060000000001E-022, 1.224810000000000E+000, 3.516460000000000E+004, 1.000000000000000E+002, 1.002350000000000E+003,-3.355060000000000E-010,-2.306270000000000E-015
 6.517910000000000E-004, 3.042550000000000E-004, 3.641940000000000E-024, 1.224810000000000E+000, 3.516460000000000E+004, 1.000000000000000E+002, 1.002350000000000E+003,-3.160020000000000E-010, 5.381490000000000E-015
 6.621860000000000E-004, 3.075900000000000E-004,-4.458350000000000E-022, 1.224810000000000E+000, 3.516460000000000E+004, 1.000000000000000E+002, 1.002350000000000E+003,-3.063940000000000E-010,-4.986960000000000E-015
 6.725810000000000E-004, 3.109250000000000E-004,-3.084610000000000E-022, 1.224810000000000E+000, 3.516460000000000E+004, 1.000000000000000E+002, 1.002350000000000E+003,-3.021420000000000E-010, 9.752210000000001E-015
 6.829750000000001E-004, 3.142590000000000E-004,-1.052710000000000E-021, 1.224810000000000E+000, 3.516460000000000E+004, 1.000000000000000E+002, 1.002350000000000E+003,-3.065100000000000E-010, 3.201480000000000E-015
 6.933700000000000E-004, 3.175940000000000E-004,-3.911410000000000E-022, 1.224810000000000E+000, 3.516460000000000E+004, 1.000000000000000E+002, 1.002350000000000E+003,-2.832970000000000E-010, 1.449530000000000E-014
 7.037650000000000E-004, 3.209290000000000E-004, 3.990070000000000E-022, 1.224810000000000E+000, 3.516460000000000E+004, 1.000000000000000E+002, 1.002350000000000E+003,-2.767190000000000E-010,-4.498080000000000E-015
 7.141590000000000E-004, 3.242630000000000E-004,-5.142260000000000E-022, 1.224810000000000E+000, 3.516460000000000E+004, 1.000000000000000E+002, 1.002350000000000E+003,-2.497180000000000E-010, 5.882570000000000E-015
 7.245540000000000E-004, 3.275980000000000E-004, 6.382710000000000E-022, 1.224810000000000E+000, 3.516460000000000E+004, 1.000000000000000E+002, 1.002350000000000E+003,-2.226810000000000E-010, 5.934650000000000E-016
 7.349490000000000E-004, 3.309320000000000E-004,-1.367430000000000E-021, 1.224810000000000E+000, 3.516460000000000E+004, 1.000000000000000E+002, 1.002350000000000E+003,-2.180150000000000E-010, 3.028620000000000E-015
 7.453430000000000E-004, 3.342670000000000E-004, 1.705480000000000E-022, 1.224810000000000E+000, 3.516460000000000E+004, 1.000000000000000E+002, 1.002350000000000E+003,-2.071130000000000E-010,-4.630290000000000E-015
 7.557380000000000E-004, 3.376020000000000E-004, 2.837020000000000E-022, 1.224810000000000E+000, 3.516460000000000E+004, 1.000000000000000E+002, 1.002350000000000E+003,-1.925900000000000E-010, 8.657830000000000E-016
 7.661330000000000E-004, 3.409360000000000E-004, 2.253440000000000E-022, 1.224810000000000E+000, 3.516460000000000E+004, 1.000000000000000E+002, 1.002350000000000E+003,-1.801480000000000E-010, 4.028870000000000E-017
 7.765269999999999E-004, 3.442710000000000E-004,-1.378020000000000E-022, 1.224810000000000E+000, 3.516460000000000E+004, 1.000000000000000E+002, 1.002350000000000E+003,-1.737000000000000E-010, 9.069810000000001E-015
 7.869220000000000E-004, 3.476060000000000E-004, 6.598370000000000E-022, 1.224810000000000E+000, 3.516460000000000E+004, 1.000000000000000E+002, 1.002350000000000E+003,-1.751960000000000E-010,-1.791820000000000E-015
 7.973170000000000E-004, 3.509400000000000E-004, 1.572610000000000E-022, 1.224810000000000E+000, 3.516460000000000E+004, 1.000000000000000E+002, 1.002350000000000E+003,-1.735240000000000E-010, 8.196299999999999E-015
 8.077110000000000E-004, 3.542750000000000E-004, 1.068840000000000E-021, 1.224810000000000E+000, 3.516460000000000E+004, 1.000000000000000E+002, 1.002350000000000E+003,-1.870200000000000E-010,-8.638780000000000E-015
 8.181060000000000E-004, 3.576100000000000E-004, 1.380620000000000E-022, 1.224810000000000E+000, 3.516460000000000E+004, 1.000000000000000E+002, 1.002350000000000E+003,-1.915980000000000E-010, 4.829280000000000E-015
 8.285010000000000E-004, 3.609440000000000E-004, 1.062490000000000E-014, 1.224810000000000E+000, 3.516460000000000E+004, 1.000000000000000E+002, 1.002350000000000E+003,-1.841950000000000E-010,-6.891210000000000E-015
 8.388960000000000E-004, 3.642790000000000E-004,-1.443840000000000E-014, 1.224810000000000E+000, 3.516460000000000E+004, 1.000000000000000E+002, 1.002350000000000E+003,-1.873120000000000E-010,-2.298380000000000E-015
 8.492900000000000E-004, 3.676140000000000E-004,-3.584340000000000E-023, 1.224810000000000E+000, 3.516460000000000E+004, 1.000000000000000E+002, 1.002350000000000E+003,-1.696400000000000E-010,-1.535580000000000E-015
 8.596850000000000E-004, 3.709480000000000E-004, 7.803220000000000E-022, 1.224810000000000E+000, 3.516460000000000E+004, 1.000000000000000E+002, 1.002350000000000E+003,-1.600180000000000E-010,-3.438380000000000E-015
 8.700800000000000E-004, 3.742830000000000E-004, 1.671470000000000E-021, 1.224810000000000E+000, 3.516460000000000E+004, 1.000000000000000E+002, 1.002350000000000E+003,-1.425530000000000E-010, 1.791250000000000E-015
 8.804750000000000E-004, 3.776180000000000E-004, 1.383490000000000E-021, 1.224810000000000E+000, 3.516460000000000E+004, 1.000000000000000E+002, 1.002350000000000E+003,-1.299980000000000E-010,-2.211180000000000E-015
 8.908690000000000E-004, 3.809520000000000E-004, 7.808730000000000E-022, 1.224810000000000E+000, 3.516460000000000E+004, 1.000000000000000E+002, 1.002350000000000E+003,-1.219950000000000E-010, 4.631210000000000E-015
 9.012640000000000E-004, 3.842870000000000E-004,-1.169930000000000E-022, 1.224810000000000E+000, 3.516460000000000E+004, 1.000000000000000E+002, 1.002350000000000E+003,-1.142550000000000E-010,-3.193210000000000E-015
 9.116590000000000E-004, 3.876220000000000E-004, 3.085210000000000E-022, 1.224810000000000E+000, 3.516460000000000E+004, 1.000000000000000E+002, 1.002350000000000E+003,-1.233940000000000E-010, 6.618900000000000E-015
 9.220530000000000E-004, 3.909570000000000E-004,-1.415840000000000E-021, 1.224810000000000E+000, 3.516460000000000E+004, 1.000000000000000E+002, 1.002350000000000E+003,-1.194960000000000E-010,-2.517610000000000E-015
 9.324480000000000E-004, 3.942910000000000E-004,-6.125110000000000E-022, 1.224810000000000E+000, 3.516460000000000E+004, 1.000000000000000E+002, 1.002350000000000E+003,-1.178120000000000E-010, 3.230290000000000E-015
 9.428430000000000E-004, 3.976260000000000E-004,-1.759770000000000E-022, 1.224810000000000E+000, 3.516460000000000E+004, 1.000000000000000E+002, 1.002350000000000E+003,-1.118020000000000E-010,-3.568870000000000E-016
 9.532380000000000E-004, 4.009610000000000E-004,-1.168120000000000E-021, 1.224810000000000E+000, 3.516460000000000E+004, 1.000000000000000E+002, 1.002350000000000E+003,-1.102190000000000E-010, 4.886490000000000E-016
 9.636320000000000E-004, 4.042950000000000E-004, 9.359309999999999E-023, 1.224810000000000E+000, 3.516460000000000E+004, 1.000000000000000E+002, 1.002350000000000E+003,-8.847400000000000E-010, 8.770250000000001E-017
 9.740270000000000E-004, 4.076300000000000E-004,-1.475580000000000E-021, 1.224810000000000E+000, 3.516460000000000E+004, 1.000000000000000E+002, 1.002350000000000E+003, 1.716870000000000E-007,-1.658120000000000E-016
 9.844220000000000E-004, 4.109650000000000E-004,-1.330630000000000E-021, 1.224810000000000E+000, 3.516460000000000E+004, 1.000000000000000E+002, 1.002350000000000E+003,-5.068700000000000E-006, 2.134320000000000E-015
 9.948170000000001E-004, 4.142990000000000E-004, 4.805440000000000E-022, 1.224800000000000E+000, 3.516460000000000E+004, 1.000010000000000E+002, 1.002350000000000E+003, 1.215380000000000E-004, 2.887040000000000E-015
-2.195610000000000E-005, 8.447350000000000E-005,-2.163280000000000E-022, 1.224810000000000E+000, 3.516460000000000E+004, 1.000000000000000E+002, 1.002350000000000E+003, 7.472990000000000E-009,-5.177980000000000E-015
-1.158310000000000E-005, 8.763689999999999E-005, 1.336730000000000E-022, 1.224810000000000E+000, 3.516460000000000E+004, 1.000000000000000E+002, 1.002350000000000E+003, 9.084500000000000E-007,-1.304910000000000E-014
-1.209840000000000E-006, 9.080050000000001E-005,-2.104500000000000E-022, 1.224810000000000E+000, 3.516460000000000E+004, 1.000000000000000E+002, 1.002350000000000E+003, 2.077030000000000E-006, 7.988520000000001E-015
 9.163590000000001E-006, 9.396410000000000E-005, 2.158660000000000E-023, 1.224810000000000E+000, 3.516460000000000E+004, 1.000000000000000E+002, 1.002350000000000E+003, 2.338600000000000E-006, 4.735320000000000E-015
 1.953720000000000E-005, 9.712780000000000E-005, 3.469200000000000E-022, 1.224810000000000E+000, 3.516460000000000E+004, 1.000000000000000E+002, 1.002350000000000E+003, 1.246060000000000E-006,-8.199480000000000E-016
 2.991100000000000E-005, 1.002920000000000E-004, 4.768920000000000E-023, 1.224810000000000E+000, 3.516460000000000E+004, 1.000000000000000E+002, 1.002350000000000E+003, 2.356840000000000E-007, 1.740490000000000E-014
 4.028490000000000E-005, 1.034550000000000E-004,-2.597510000000000E-022, 1.224810000000000E+000, 3.516460000000000E+004, 1.000000000000000E+002, 1.002350000000000E+003, 1.088510000000000E-008, 2.195990000000000E-015
 5.065890000000000E-005, 1.066190000000000E-004, 5.184040000000000E-022, 1.224810000000000E+000, 3.516460000000000E+004, 1.000000000000000E+002, 1.002350000000000E+003,-1.912680000000000E-009, 4.633450000000000E-015
 6.103310000000000E-005, 1.097830000000000E-004, 5.118640000000000E-023, 1.224810000000000E+000, 3.516460000000000E+004, 1.000000000000000E+002, 1.002350000000000E+003,-2.360590000000000E-009, 2.087850000000000E-014
 7.140740000000000E-005, 1.129470000000000E-004, 5.139680000000000E-023, 1.224810000000000E+000, 3.516460000000000E+004, 1.000000000000000E+002, 1.002350000000000E+003,-2.264190000000000E-009, 1.656200000000000E-014
 8.178170000000000E-005, 1.161110000000000E-004,-4.150070000000000E-022, 1.224810000000000E+000, 3.516460000000000E+004, 1.000000000000000E+002, 1.002350000000000E+003,-2.184290000000000E-009, 1.724010000000000E-015
 9.215620000000000E-005, 1.192750000000000E-004,-1.023570000000000E-022, 1.224810000000000E+000, 3.516460000000000E+004, 1.000000000000000E+002, 1.002350000000000E+003,-2.110010000000000E-009, 2.065420000000000E-014
 1.025310000000000E-004, 1.224390000000000E-004,-1.392050000000000E-022, 1.224810000000000E+000, 3.516460000000000E+004, 1.000000000000000E+002, 1.002350000000000E+003,-2.014680000000000E-009,-2.876770000000000E-014
 1.129050000000000E-004, 1.256030000000000E-004, 2.875730000000000E-022, 1.224810000000000E+000, 3.516460000000000E+004, 1.000000000000000E+002, 1.002350000000000E+003,-1.920190000000000E-009,-2.241890000000000E-014
 1.232800000000000E-004, 1.287670000000000E-004, 2.364380000000000E-022, 1.224810000000000E+000, 3.516460000000000E+004, 1.000000000000000E+002, 1.002350000000000E+003,-1.857530000000000E-009, 2.539930000000000E-014
 1.336550000000000E-004, 1.319310000000000E-004,-1.092780000000000E-022, 1.224810000000000E+000, 3.516460000000000E+004, 1.000000000000000E+002, 1.002350000000000E+003,-1.807760000000000E-009,-3.055340000000000E-014
 1.440300000000000E-004, 1.350950000000000E-004,-4.536940000000000E-022, 1.224810000000000E+000, 3.516460000000000E+004, 1.000000000000000E+002, 1.002350000000000E+003,-1.730720000000000E-009,-1.095690000000000E-015
 1.544040000000000E-004, 1.382590000000000E-004, 1.548380000000000E-022, 1.224810000000000E+000, 3.516460000000000E+004, 1.000000000000000E+002, 1.002350000000000E+003,-1.659730000000000E-009,-2.626990000000000E-014
 1.647790000000000E-004, 1.414230000000000E-004,-4.210980000000000E-022, 1.224810000000000E+000, 3.516460000000000E+004, 1.000000000000000E+002, 1.002350000000000E+003,-1.587750000000000E-009,-1.246490000000000E-014
 1.751540000000000E-004, 1.445870000000000E-004, 4.945050000000000E-022, 1.224810000000000E+000, 3.516460000000000E+004, 1.000000000000000E+002, 1.002350000000000E+003,-1.520680000000000E-009, 2.577740000000000E-014
 1.855290000000000E-004, 1.477510000000000E-004, 2.071390000000000E-022, 1.224810000000000E+000, 3.516460000000000E+004, 1.000000000000000E+002, 1.002350000000000E+003,-1.453320000000000E-009, 1.990650000000000E-014
 1.959040000000000E-004, 1.509150000000000E-004, 1.138610000000000E-022, 1.224810000000000E+000, 3.516460000000000E+004, 1.000000000000000E+002, 1.002350000000000E+003,-1.416730000000000E-009, 3.096270000000000E-015
 2.062790000000000E-004, 1.540800000000000E-004,-1.114550000000000E-022, 1.224810000000000E+000, 3.516460000000000E+004, 1.000000000000000E+002, 1.002350000000000E+003,-1.365210000000000E-009,-1.681780000000000E-014
 2.166550000000000E-004, 1.572440000000000E-004,-1.052250000000000E-021, 1.224810000000000E+000, 3.516460000000000E+004, 1.000000000000000E+002, 1.002350000000000E+003,-1.289660000000000E-009,-1.316990000000000E-014
 2.270300000000000E-004, 1.604080000000000E-004, 1.106410000000000E-022, 1.224810000000000E+000, 3.516460000000000E+004, 1.000000000000000E+002, 1.002350000000000E+003,-1.217230000000000E-009, 2.565210000000000E-015
 2.374050000000000E-004, 1.635720000000000E-004,-4.834590000000000E-023, 1.224810000000000E+000, 3.516460000000000E+004, 1.000000000000000E+002, 1.002350000000000E+003,-1.182720000000000E-009,-7.975730000000000E-015
 2.477800000000000E-004, 1.667360000000000E-004,-1.615540000000000E-022, 1.224810000000000E+000, 3.516460000000000E+004, 1.000000000000000E+002, 1.002350000000000E+003,-1.151750000000000E-009,-1.650120000000000E-014
 2.581550000000000E-004, 1.699000000000000E-004, 5.114910000000000E-022, 1.224810000000000E+000, 3.516460000000000E+004, 1.000000000000000E+002, 1.002350000000000E+003,-1.100150000000000E-009,-5.836990000000000E-015
 2.685310000000000E-004, 1.730650000000000E-004,-3.465230000000000E-022, 1.224810000000000E+000, 3.516460000000000E+004, 1.000000000000000E+002, 1.002350000000000E+003,-1.028040000000000E-009,-4.041160000000000E-014
 2.789060000000000E-004, 1.762290000000000E-004, 2.444370000000000E-022, 1.224810000000000E+000, 3.516460000000000E+004, 1.000000000000000E+002, 1.002350000000000E+003,-9.793510000000000E-010, 3.503880000000000E-015
 2.892810000000000E-004, 1.793930000000000E-004, 1.482250000000000E-022, 1.224810000000000E+000, 3.516460000000000E+004, 1.000000000000000E+002, 1.002350000000000E+003,-9.468629999999999E-010,-2.820030000000000E-014
 2.996570000000000E-004, 1.825570000000000E-004,-1.115320000000000E-022, 1.224810000000000E+000, 3.516460000000000E+004, 1.000000000000000E+002, 1.002350000000000E+003,-8.922940000000000E-010, 1.331380000000000E-015
 3.100320000000000E-004, 1.857220000000000E-004, 2.832320000000000E-022, 1.224810000000000E+000, 3.516460000000000E+004, 1.000000000000000E+002, 1.002350000000000E+003,-8.406170000000000E-010,-1.916720000000000E-014
 3.204070000000000E-004, 1.888860000000000E-004,-3.604770000000000E-022, 1.224810000000000E+000, 3.516460000000000E+004, 1.000000000000000E+002, 1.002350000000000E+003,-8.137340000000000E-010, 4.384560000000000E-015
 3.307830000000000E-004, 1.920500000000000E-004, 9.337829999999999E-022, 1.224810000000000E+000, 3.516460000000000E+004, 1.000000000000000E+002, 1.002350000000000E+003,-7.750140000000000E-010,-9.870729999999999E-016
 3.411580000000000E-004, 1.952140000000000E-004, 1.622580000000000E-022, 1.224810000000000E+000, 3.516460000000000E+004, 1.000000000000000E+002, 1.002350000000000E+003,-7.225880000000000E-010, 2.873060000000000E-015
 3.515340000000000E-004, 1.983790000000000E-004, 3.651180000000000E-023, 1.224810000000000E+000, 3.516460000000000E+004, 1.000000000000000E+002, 1.002350000000000E+003,-6.717180000000000E-010, 3.004390000000000E-015
 3.619090000000000E-004, 2.015430000000000E-004, 6.005550000000000E-022, 1.224810000000000E+000, 3.516460000000000E+004, 1.000000000000000E+002, 1.002350000000000E+003,-6.368160000000000E-010, 5.440610000000000E-015
 3.722840000000000E-004, 2.047070000000000E-004, 6.251210000000000E-022, 1.224810000000000E+000, 3.516460000000000E+004, 1.000000000000000E+002, 1.002350000000000E+003,-6.269760000000000E-010,-8.825110000000000E-016
 3.826600000000000E-004, 2.078710000000000E-004,-1.010710000000000E-022, 1.224810000000000E+000, 3.516460000000000E+004, 1.000000000000000E+002, 1.002350000000000E+003,-6.019620000000000E-010, 6.747710000000000E-015
 3.930350000000000E-004, 2.110360000000000E-004,-5.097390000000000E-022, 1.224810000000000E+000, 3.516460000000000E+004, 1.000000000000000E+002, 1.002350000000000E+003,-5.560350000000000E-010,-9.923299999999999E-015
 4.034110000000000E-004, 2.142000000000000E-004,-3.832350000000000E-022, 1.224810000000000E+000, 3.516460000000000E+004, 1.000000000000000E+002, 1.002350000000000E+003,-5.134570000000000E-010, 1.788720000000000E-015
 4.137860000000000E-004, 2.173640000000000E-004,-7.284630000000000E-023, 1.224810000000000E+000, 3.516460000000000E+004, 1.000000000000000E+002, 1.002350000000000E+003,-4.938760000000000E-010,-1.605870000000000E-014
 4.241620000000000E-004, 2.205280000000000E-004, 4.908970000000000E-022, 1.224810000000000E+000, 3.516460000000000E+004, 1.000000000000000E+002, 1.002350000000000E+003,-4.749540000000000E-010, 1.093310000000000E-014
 4.345370000000000E-004, 2.236930000000000E-004, 2.181710000000000E-022, 1.224810000000000E+000, 3.516460000000000E+004, 1.000000000000000E+002, 1.002350000000000E+003,-4.499590000000000E-010,-2.172650000000000E-014
 4.449130000000000E-004, 2.268570000000000E-004,-3.072990000000000E-022, 1.224810000000000E+000, 3.516460000000000E+004, 1.000000000000000E+002, 1.002350000000000E+003,-4.624330000000000E-010, 1.428480000000000E-014
 4.552890000000000E-004, 2.300210000000000E-004, 3.070110000000000E-022, 1.224810000000000E+000, 3.516460000000000E+004, 1.000000000000000E+002, 1.002350000000000E+003,-4.313550000000000E-010,-1.342400000000000E-014
 4.656640000000000E-004, 2.331860000000000E-004, 5.140000000000000E-023, 1.224810000000000E+000, 3.516460000000000E+004, 1.000000000000000E+002, 1.002350000000000E+003,-3.695470000000000E-010, 5.221100000000000E-017
 4.760400000000000E-004, 2.363500000000000E-004,-3.267420000000000E-023, 1.224810000000000E+000, 3.516460000000000E+004, 1.000000000000000E+002, 1.002350000000000E+003,-3.350920000000000E-010,-1.074310000000000E-014
 4.864150000000000E-004, 2.395140000000000E-004, 3.394530000000000E-022, 1.224810000000000E+000, 3.516460000000000E+004, 1.000000000000000E+002, 1.002350000000000E+003,-3.161720000000000E-010,-9.617229999999999E-015
 4.967910000000000E-004, 2.426790000000000E-004, 8.050290000000000E-022, 1.224810000000000E+000, 3.516460000000000E+004, 1.000000000000000E+002, 1.002350000000000E+003,-3.103180000000000E-010,-6.162750000000000E-015
 5.071670000000000E-004, 2.458430000000000E-004,-1.072000000000000E-021, 1.224810000000000E+000, 3.516460000000000E+004, 1.000000000000000E+002, 1.002350000000000E+003,-2.911030000000000E-010, 1.428790000000000E-015
 5.175420000000000E-004, 2.490070000000000E-004, 6.766560000000000E-022, 1.224810000000000E+000, 3.516460000000000E+004, 1.000000000000000E+002, 1.002350000000000E+003,-2.909860000000000E-010,-3.465180000000000E-015
 5.279180000000001E-004, 2.521720000000000E-004,-5.918210000000000E-022, 1.224810000000000E+000, 3.516460000000000E+004, 1.000000000000000E+002, 1.002350000000000E+003,-3.164340000000000E-010,-9.533010000000001E-015
 5.382930000000000E-004, 2.553360000000000E-004,-1.373530000000000E-022, 1.224810000000000E+000, 3.516460000000000E+004, 1.000000000000000E+002, 1.002350000000000E+003,-2.838850000000000E-010,-2.567940000000000E-016
 5.486690000000000E-004, 2.585000000000000E-004, 1.898230000000000E-022, 1.224810000000000E+000, 3.516460000000000E+004, 1.000000000000000E+002, 1.002350000000000E+003,-2.332160000000000E-010, 5.740530000000000E-015
 5.590450000000000E-004, 2.616650000000000E-004,-3.291620000000000E-023, 1.224810000000000E+000, 3.516460000000000E+004, 1.000000000000000E+002, 1.002350000000000E+003,-2.060100000000000E-010,-1.062730000000000E-015
 5.694200000000000E-004, 2.648290000000000E-004, 3.712010000000000E-022, 1.224810000000000E+000, 3.516460000000000E+004, 1.000000000000000E+002, 1.002350000000000E+003,-1.918650000000000E-010,-1.374730000000000E-015
 5.797960000000000E-004, 2.679930000000000E-004, 9.152690000000000E-023, 1.224810000000000E+000, 3.516460000000000E+004, 1.000000000000000E+002, 1.002350000000000E+003,-1.979570000000000E-010, 1.166820000000000E-014
 5.901720000000000E-004, 2.711580000000000E-004,-4.591050000000000E-023, 1.224810000000000E+000, 3.516460000000000E+004, 1.000000000000000E+002, 1.002350000000000E+003,-1.944960000000000E-010,-8.316959999999999E-015
 6.005470000000000E-004, 2.743220000000000E-004,-1.621010000000000E-023, 1.224810000000000E+000, 3.516460000000000E+004, 1.000000000000000E+002, 1.002350000000000E+003,-1.832290000000000E-010, 1.462100000000000E-014
 6.109230000000000E-004, 2.774860000000000E-004,-1.524840000000000E-022, 1.224810000000000E+000, 3.516460000000000E+004, 1.000000000000000E+002, 1.002350000000000E+003,-1.645960000000000E-010,-9.234610000000000E-015
 6.212990000000000E-004, 2.806510000000000E-004, 4.515320000000000E-023, 1.224810000000000E+000, 3.516460000000000E+004, 1.000000000000000E+002, 1.002350000000000E+003,-1.532090000000000E-010, 1.840660000000000E-015
 6.316740000000000E-004, 2.838150000000000E-004,-1.004600000000000E-022, 1.224810000000000E+000, 3.516460000000000E+004, 1.000000000000000E+002, 1.002350000000000E+003,-1.457110000000000E-010,-9.427680000000000E-015
 6.420500000000000E-004, 2.869790000000000E-004,-3.569780000000000E-022, 1.224810000000000E+000, 3.516460000000000E+004, 1.000000000000000E+002, 1.002350000000000E+003,-1.508460000000000E-010,-4.256580000000000E-015
 6.524260000000000E-004, 2.901440000000000E-004,-1.269340000000000E-022, 1.224810000000000E+000, 3.516460000000000E+004, 1.000000000000000E+002, 1.002350000000000E+003,-1.461670000000000E-010,-7.128250000000000E-015
 6.628020000000000E-004, 2.933080000000000E-004,-1.453700000000000E-023, 1.224810000000000E+000, 3.516460000000000E+004, 1.000000000000000E+002, 1.002350000000000E+003,-1.403550000000000E-010,-4.937090000000000E-015
 6.731770000000000E-004, 2.964720000000000E-004, 3.535430000000000E-022, 1.224810000000000E+000, 3.516460000000000E+004, 1.000000000000000E+002, 1.002350000000000E+003,-1.270130000000000E-010,-4.303280000000000E-015
 6.835530000000000E-004, 2.996370000000000E-004, 6.405090000000000E-022, 1.224810000000000E+000, 3.516460000000000E+004, 1.000000000000000E+002, 1.002350000000000E+003,-1.137450000000000E-010,-6.400090000000000E-016
 6.939290000000000E-004, 3.028010000000000E-004, 2.244010000000000E-022, 1.224810000000000E+000, 3.516460000000000E+004, 1.000000000000000E+002, 1.002350000000000E+003,-1.243170000000000E-010,-8.242330000000000E-015
 7.043040000000000E-004, 3.059650000000000E-004, 3.437380000000000E-022, 1.224810000000000E+000, 3.516460000000000E+004, 1.000000000000000E+002, 1.002350000000000E+003,-1.076050000000000E-010, 6.849580000000000E-015
 7.146800000000000E-004, 3.091300000000000E-004, 5.431320000000000E-022, 1.224810000000000E+000, 3.516460000000000E+004, 1.000000000000000E+002, 1.002350000000000E+003,-1.142010000000000E-010,-7.149309999999999E-015
 7.250560000000000E-004, 3.122940000000000E-004,-2.246460000000000E-022, 1.224810000000000E+000, 3.516460000000000E+004, 1.000000000000000E+002, 1.002350000000000E+003,-1.162060000000000E-010, 1.177030000000000E-015
 7.354319999999999E-004, 3.154580000000000E-004,-1.001510000000000E-021, 1.224810000000000E+000, 3.516460000000000E+004, 1.000000000000000E+002, 1.002350000000000E+003,-1.033310000000000E-010,-4.013140000000000E-015
 7.458070000000000E-004, 3.186230000000000E-004, 4.294810000000000E-022, 1.224810000000000E+000, 3.516460000000000E+004, 1.000000000000000E+002, 1.002350000000000E+003,-1.077460000000000E-010,-5.260340000000000E-015
 7.561830000000000E-004, 3.217870000000000E-004,-3.547970000000000E-022, 1.224810000000000E+000, 3.516460000000000E+004, 1.000000000000000E+002, 1.002350000000000E+003,-1.125660000000000E-010,-2.663230000000000E-015
 7.665590000000000E-004, 3.249520000000000E-004,-1.321090000000000E-021, 1.224810000000000E+000, 3.516460000000000E+004, 1.000000000000000E+002, 1.002350000000000E+003,-1.171620000000000E-010,-1.089150000000000E-014
 7.769350000000000E-004, 3.281160000000000E-004,-6.267170000000000E-023, 1.224810000000000E+000, 3.516460000000000E+004, 1.000000000000000E+002, 1.002350000000000E+003,-1.051000000000000E-010,-2.883250000000000E-016
 7.873100000000000E-004, 3.312800000000000E-004,-4.039490000000000E-023, 1.224810000000000E+000, 3.516460000000000E+004, 1.000000000000000E+002, 1.002350000000000E+003,-8.445310000000000E-011,-6.797690000000000E-015
 7.976860000000000E-004, 3.344450000000000E-004, 8.006470000000000E-022, 1.224810000000000E+000, 3.516460000000000E+004, 1.000000000000000E+002, 1.002350000000000E+003,-6.368060000000000E-011,-5.088100000000000E-016
 8.080620000000000E-004, 3.376090000000000E-004, 1.332430000000000E-021, 1.224810000000000E+000, 3.516460000000000E+004, 1.000000000000000E+002, 1.002350000000000E+003,-4.401930000000000E-011,-2.448000000000000E-015
 8.184380000000000E-004, 3.407730000000000E-004, 6.080730000000000E-022, 1.224810000000000E+000, 3.516460000000000E+004, 1.000000000000000E+002, 1.002350000000000E+003,-2.688890000000000E-011,-7.657920000000000E-015
 8.288140000000000E-004, 3.439380000000000E-004,-5.191420000000000E-023, 1.224810000000000E+000, 3.516460000000000E+004, 1.000000000000000E+002, 1.002350000000000E+003,-2.572180000000000E-011,-1.673590000000000E-016
 8.391890000000000E-004, 3.471020000000000E-004, 6.848970000000000E-023, 1.224810000000000E+000, 3.516460000000000E+004, 1.000000000000000E+002, 1.002350000000000E+003,-3.358490000000000E-011,-1.098820000000000E-014
 8.495650000000000E-004, 3.502660000000000E-004, 2.158710000000000E-021, 1.224810000000000E+000, 3.516460000000000E+004, 1.000000000000000E+002, 1.002350000000000E+003,-4.934910000000000E-011, 3.218550000000000E-015
 8.599410000000000E-004, 3.534310000000000E-004, 9.316050000000000E-022, 1.224810000000000E+000, 3.516460000000000E+004, 1.000000000000000E+002, 1.002350000000000E+003,-5.559030000000000E-011,-4.610900000000000E-015
 8.703170000000000E-004, 3.565950000000000E-004, 2.336340000000000E-022, 1.224810000000000E+000, 3.516460000000000E+004, 1.000000000000000E+002, 1.002350000000000E+003,-7.389690000000001E-011,-2.042910000000000E-015
 8.806920000000000E-004, 3.597600000000000E-004,-3.952860000000000E-023, 1.224810000000000E+000, 3.516460000000000E+004, 1.000000000000000E+002, 1.002350000000000E+003,-7.236660000000001E-011,-8.638360000000000E-015
 8.910680000000000E-004, 3.629240000000000E-004, 1.055110000000000E-021, 1.224810000000000E+000, 3.516460000000000E+004, 1.000000000000000E+002, 1.002350000000000E+003,-7.695390000000001E-011,-5.521620000000000E-015
 9.014440000000001E-004, 3.660880000000000E-004, 8.643949999999999E-022, 1.224810000000000E+000, 3.516460000000000E+004, 1.000000000000000E+002, 1.002350000000000E+003,-6.612060000000000E-011,-6.538040000000000E-015
 9.118200000000000E-004, 3.692530000000000E-004,-3.914190000000000E-022, 1.224810000000000E+000, 3.516460000000000E+004, 1.000000000000000E+002, 1.002350000000000E+003,-5.330300000000000E-011,-2.445710000000000E-016
 9.221960000000000E-004, 3.724170000000000E-004, 3.305630000000000E-022, 1.224810000000000E+000, 3.516460000000000E+004, 1.000000000000000E+002, 1.002350000000000E+003,-5.659780000000000E-011,-3.046690000000000E-015
 9.325710000000000E-004, 3.755810000000000E-004,-1.780280000000000E-021, 1.224810000000000E+000, 3.516460000000000E+004, 1.000000000000000E+002, 1.002350000000000E+003,-5.434260000000000E-011,-2.246750000000000E-015
 9.429470000000000E-004, 3.787460000000000E-004, 1.634040000000000E-021, 1.224810000000000E+000, 3.516460000000000E+004, 1.000000000000000E+002, 1.002350000000000E+003,-4.779920000000000E-011,-1.797700000000000E-015
 9.533230000000000E-004, 3.819100000000000E-004,-5.449100000000000E-022, 1.224810000000000E+000, 3.516460000000000E+004, 1.000000000000000E+002, 1.002350000000000E+003,-4.847100000000000E-011, 1.502470000000000E-016
 9.636990000000000E-004, 3.850750000000000E-004, 1.820390000000000E-021, 1.224810000000000E+000, 3.516460000000000E+004, 1.000000000000000E+002, 1.002350000000000E+003,-5.687200000000000E-010, 6.646590000000000E-016
 9.740750000000000E-004, 3.882390000000000E-004, 6.212160000000000E-022, 1.224810000000000E+000, 3.516460000000000E+004, 1.000000000000000E+002, 1.002350000000000E+003, 7.313970000000000E-008,-1.962650000000000E-016
 9.844500000000000E-004, 3.914030000000000E-004, 5.110750000000000E-022, 1.224810000000000E+000, 3.516460000000000E+004, 1.000000000000000E+002, 1.002350000000000E+003,-1.549410000000000E-006, 9.660819999999999E-016
 9.948260000000001E-004, 3.945680000000000E-004,-4.132030000000000E-022, 1.224800000000000E+000, 3.516460000000000E+004, 1.000010000000000E+002, 1.002350000000000E+003, 5.127960000000000E-005, 1.015220000000000E-015
-2.018330000000000E-005, 8.158279999999999E-005, 1.397930000000000E-022, 1.224810000000000E+000, 3.516460000000000E+004, 1.000000000000000E+002, 1.002350000000000E+003, 7.211940000000000E-007,-1.600680000000000E-015
-9.828290000000000E-006, 8.458450000000000E-005, 6.822690000000000E-023, 1.224810000000000E+000, 3.516460000000000E+004, 1.000000000000000E+002, 1.002350000000000E+003, 4.125880000000000E-005,-4.780380000000000E-015
 5.269430000000000E-007, 8.758630000000001E-005,-2.235130000000000E-022, 1.224810000000000E+000, 3.516460000000000E+004, 1.000000000000000E+002, 1.002350000000000E+003, 9.812120000000001E-005,-5.976970000000000E-016
 1.088240000000000E-005, 9.058819999999999E-005, 5.089660000000000E-024, 1.224810000000000E+000, 3.516460000000000E+004, 1.000000000000000E+002, 1.002350000000000E+003, 1.164260000000000E-004, 2.051320000000000E-014
 2.123800000000000E-005, 9.359010000000000E-005,-2.131310000000000E-022, 1.224810000000000E+000, 3.516460000000000E+004, 1.000000000000000E+002, 1.002350000000000E+003, 5.818130000000000E-005,-1.370180000000000E-014
 3.159380000000000E-005, 9.659210000000001E-005,-4.319130000000000E-022, 1.224810000000000E+000, 3.516460000000000E+004, 1.000000000000000E+002, 1.002350000000000E+003, 1.389680000000000E-005,-6.797460000000000E-015
 4.194970000000000E-005, 9.959410000000000E-005, 2.030430000000000E-022, 1.224810000000000E+000, 3.516460000000000E+004, 1.000000000000000E+002, 1.002350000000000E+003, 1.629810000000000E-006, 1.911830000000000E-014
 5.230570000000000E-005, 1.025960000000000E-004, 2.879210000000000E-024, 1.224810000000000E+000, 3.516460000000000E+004, 1.000000000000000E+002, 1.002350000000000E+003, 7.912999999999999E-008, 7.034850000000000E-015
 6.266190000000000E-005, 1.055980000000000E-004, 1.324200000000000E-022, 1.224810000000000E+000, 3.516460000000000E+004, 1.000000000000000E+002, 1.002350000000000E+003,-6.523430000000000E-010, 7.008440000000000E-015
 7.301820000000000E-005, 1.086000000000000E-004, 1.797590000000000E-022, 1.224810000000000E+000, 3.516460000000000E+004, 1.000000000000000E+002, 1.002350000000000E+003,-2.211390000000000E-009, 3.149340000000000E-014
 8.337460000000001E-005, 1.116030000000000E-004, 4.461700000000000E-022, 1.224810000000000E+000, 3.516460000000000E+004, 1.000000000000000E+002, 1.002350000000000E+003,-2.090240000000000E-009,-8.302780000000000E-015
 9.373100000000000E-005, 1.146050000000000E-004, 2.163300000000000E-022, 1.224810000000000E+000, 3.516460000000000E+004, 1.000000000000000E+002, 1.002350000000000E+003,-1.993050000000000E-009, 6.043990000000000E-015
 1.040880000000000E-004, 1.176070000000000E-004,-4.703420000000000E-023, 1.224810000000000E+000, 3.516460000000000E+004, 1.000000000000000E+002, 1.002350000000000E+003,-1.891170000000000E-009,-9.992700000000000E-016
 1.144440000000000E-004, 1.206090000000000E-004, 1.598010000000000E-022, 1.224810000000000E+000, 3.516460000000000E+004, 1.000000000000000E+002, 1.002350000000000E+003,-1.805380000000000E-009,-3.985770000000000E-014
 1.248010000000000E-004, 1.236110000000000E-004,-3.195990000000000E-022, 1.224810000000000E+000, 3.516460000000000E+004, 1.000000000000000E+002, 1.002350000000000E+003,-1.703480000000000E-009, 2.118940000000000E-014
 1.351580000000000E-004, 1.266140000000000E-004, 1.566320000000000E-022, 1.224810000000000E+000, 3.516460000000000E+004, 1.000000000000000E+002, 1.002350000000000E+003,-1.615140000000000E-009, 1.186630000000000E-014
 1.455140000000000E-004, 1.296160000000000E-004,-1.296190000000000E-023, 1.224810000000000E+000, 3.516460000000000E+004, 1.000000000000000E+002, 1.002350000000000E+003,-1.548720000000000E-009, 1.774770000000000E-015
 1.558710000000000E-004, 1.326180000000000E-004, 4.055390000000000E-022, 1.224810000000000E+000, 3.516460000000000E+004, 1.000000000000000E+002, 1.002350000000000E+003,-1.460340000000000E-009,-7.355670000000000E-015
 1.662280000000000E-004, 1.356210000000000E-004, 2.758140000000000E-022, 1.224810000000000E+000, 3.516460000000000E+004, 1.000000000000000E+002, 1.002350000000000E+003,-1.389800000000000E-009,-1.579750000000000E-014
 1.765850000000000E-004, 1.386230000000000E-004, 3.418560000000000E-022, 1.224810000000000E+000, 3.516460000000000E+004, 1.000000000000000E+002, 1.002350000000000E+003,-1.342210000000000E-009,-1.280050000000000E-015
 1.869420000000000E-004, 1.416250000000000E-004,-4.910180000000000E-022, 1.224810000000000E+000, 3.516460000000000E+004, 1.000000000000000E+002, 1.002350000000000E+003,-1.275000000000000E-009, 7.494580000000000E-015
 1.972990000000000E-004, 1.446280000000000E-004,-2.671180000000000E-022, 1.224810000000000E+000, 3.516460000000000E+004, 1.000000000000000E+002, 1.002350000000000E+003,-1.202080000000000E-009, 1.333450000000000E-014
 2.076560000000000E-004, 1.476300000000000E-004,-1.035160000000000E-021, 1.224810000000000E+000, 3.516460000000000E+004, 1.000000000000000E+002, 1.002350000000000E+003,-1.134310000000000E-009, 1.024060000000000E-014
 2.180130000000000E-004, 1.506320000000000E-004, 5.506340000000000E-022, 1.224810000000000E+000, 3.516460000000000E+004, 1.000000000000000E+002, 1.002350000000000E+003,-1.061860000000000E-009, 7.643540000000000E-015
 2.283710000000000E-004, 1.536350000000000E-004, 6.175430000000000E-022, 1.224810000000000E+000, 3.516460000000000E+004, 1.000000000000000E+002, 1.002350000000000E+003,-1.002350000000000E-009, 9.655709999999999E-015
 2.387280000000000E-004, 1.566370000000000E-004, 1.597120000000000E-022, 1.224810000000000E+000, 3.516460000000000E+004, 1.000000000000000E+002, 1.002350000000000E+003,-9.400980000000001E-010, 3.134840000000000E-015
 2.490850000000000E-004, 1.596400000000000E-004,-1.118120000000000E-022, 1.224810000000000E+000, 3.516460000000000E+004, 1.000000000000000E+002, 1.002350000000000E+003,-9.119730000000000E-010, 1.882340000000000E-014
 2.594420000000000E-004, 1.626420000000000E-004,-1.355720000000000E-022, 1.224810000000000E+000, 3.516460000000000E+004, 1.000000000000000E+002, 1.002350000000000E+003,-8.608330000000000E-010, 1.332860000000000E-014
 2.697990000000000E-004, 1.656450000000000E-004, 1.908180000000000E-022, 1.224810000000000E+000, 3.516460000000000E+004, 1.000000000000000E+002, 1.002350000000000E+003,-7.838440000000000E-010,-4.632060000000000E-015
 2.801570000000000E-004, 1.686470000000000E-004,-1.830530000000000E-022, 1.224810000000000E+000, 3.516460000000000E+004, 1.000000000000000E+002, 1.002350000000000E+003,-7.306050000000000E-010,-3.108130000000000E-015
 2.905140000000000E-004, 1.716490000000000E-004, 9.897260000000000E-024, 1.224810000000000E+000, 3.516460000000000E+004, 1.000000000000000E+002, 1.002350000000000E+003,-6.762750000000000E-010,-2.088020000000000E-015
 3.008710000000000E-004, 1.746520000000000E-004, 2.151330000000000E-022, 1.224810000000000E+000, 3.516460000000000E+004, 1.000000000000000E+002, 1.002350000000000E+003,-6.441510000000000E-010,-1.558620000000000E-014
 3.112290000000000E-004, 1.776540000000000E-004, 2.702650000000000E-022, 1.224810000000000E+000, 3.516460000000000E+004, 1.000000000000000E+002, 1.002350000000000E+003,-5.869260000000000E-010,-5.790370000000000E-015
 3.215860000000000E-004, 1.806570000000000E-004, 3.860710000000000E-022, 1.224810000000000E+000, 3.516460000000000E+004, 1.000000000000000E+002, 1.002350000000000E+003,-5.322730000000000E-010,-1.654400000000000E-014
 3.319440000000000E-004, 1.836590000000000E-004,-5.308360000000000E-022, 1.224810000000000E+000, 3.516460000000000E+004, 1.000000000000000E+002, 1.002350000000000E+003,-5.005980000000000E-010,-1.202180000000000E-015
 3.423010000000000E-004, 1.866620000000000E-004, 1.385210000000000E-022, 1.224810000000000E+000, 3.516460000000000E+004, 1.000000000000000E+002, 1.002350000000000E+003,-4.870350000000000E-010,-1.779780000000000E-016
 3.526580000000000E-004, 1.896640000000000E-004, 6.094810000000000E-022, 1.224810000000000E+000, 3.516460000000000E+004, 1.000000000000000E+002, 1.002350000000000E+003,-4.505330000000000E-010, 2.762930000000000E-015
 3.630160000000000E-004, 1.926670000000000E-004, 4.622540000000000E-022, 1.224810000000000E+000, 3.516460000000000E+004, 1.000000000000000E+002, 1.002350000000000E+003,-4.224860000000000E-010, 1.222630000000000E-014
 3.733730000000000E-004, 1.956690000000000E-004,-6.310620000000000E-022, 1.224810000000000E+000, 3.516460000000000E+004, 1.000000000000000E+002, 1.002350000000000E+003,-3.982000000000000E-010, 4.052120000000000E-015
 3.837310000000000E-004, 1.986720000000000E-004, 2.496800000000000E-022, 1.224810000000000E+000, 3.516460000000000E+004, 1.000000000000000E+002, 1.002350000000000E+003,-3.760350000000000E-010, 2.833950000000000E-014
 3.940880000000000E-004, 2.016740000000000E-004,-2.069740000000000E-023, 1.224810000000000E+000, 3.516460000000000E+004, 1.000000000000000E+002, 1.002350000000000E+003,-3.511590000000000E-010, 1.077880000000000E-014
 4.044460000000000E-004, 2.046770000000000E-004, 1.456310000000000E-022, 1.224810000000000E+000, 3.516460000000000E+004, 1.000000000000000E+002, 1.002350000000000E+003,-3.282810000000000E-010, 2.675740000000000E-014
 4.148030000000000E-004, 2.076790000000000E-004, 8.073670000000000E-023, 1.224810000000000E+000, 3.516460000000000E+004, 1.000000000000000E+002, 1.002350000000000E+003,-3.019520000000000E-010, 1.099310000000000E-014
 4.251610000000000E-004, 2.106820000000000E-004, 3.615010000000000E-022, 1.224810000000000E+000, 3.516460000000000E+004, 1.000000000000000E+002, 1.002350000000000E+003,-2.724390000000000E-010, 5.018520000000000E-015
 4.355180000000000E-004, 2.136840000000000E-004, 1.028880000000000E-022, 1.224810000000000E+000, 3.516460000000000E+004, 1.000000000000000E+002, 1.002350000000000E+003,-2.548790000000000E-010, 1.377080000000000E-014
 4.458760000000000E-004, 2.166870000000000E-004, 2.179440000000000E-022, 1.224810000000000E+000, 3.516460000000000E+004, 1.000000000000000E+002, 1.002350000000000E+003,-2.166350000000000E-010,-1.103620000000000E-015
 4.562340000000000E-004, 2.196890000000000E-004,-3.265840000000000E-022, 1.224810000000000E+000, 3.516460000000000E+004, 1.000000000000000E+002, 1.002350000000000E+003,-2.072150000000000E-010, 1.886230000000000E-014
 4.665910000000000E-004, 2.226920000000000E-004,-9.260110000000000E-022, 1.224810000000000E+000, 3.516460000000000E+004, 1.000000000000000E+002, 1.002350000000000E+003,-2.168480000000000E-010,-1.084520000000000E-014
 4.769490000000000E-004, 2.256940000000000E-004,-5.513400000000000E-022, 1.224810000000000E+000, 3.516460000000000E+004, 1.000000000000000E+002, 1.002350000000000E+003,-2.096180000000000E-010, 1.276620000000000E-014
 4.873060000000000E-004, 2.286970000000000E-004,-5.730390000000000E-022, 1.224810000000000E+000, 3.516460000000000E+004, 1.000000000000000E+002, 1.002350000000000E+003,-1.982680000000000E-010,-1.427210000000000E-014
 4.976640000000000E-004, 2.316990000000000E-004,-2.041250000000000E-022, 1.224810000000000E+000, 3.516460000000000E+004, 1.000000000000000E+002, 1.002350000000000E+003,-1.912750000000000E-010, 1.421310000000000E-014
 5.080220000000000E-004, 2.347020000000000E-004, 7.868480000000000E-022, 1.224810000000000E+000, 3.516460000000000E+004, 1.000000000000000E+002, 1.002350000000000E+003,-1.702830000000000E-010,-4.329000000000000E-015
 5.183790000000000E-004, 2.377040000000000E-004, 1.499160000000000E-022, 1.224810000000000E+000, 3.516460000000000E+004, 1.000000000000000E+002, 1.002350000000000E+003,-1.475950000000000E-010, 3.132460000000000E-015
 5.287370000000000E-004, 2.407070000000000E-004, 1.154650000000000E-021, 1.224810000000000E+000, 3.516460000000000E+004, 1.000000000000000E+002, 1.002350000000000E+003,-1.248460000000000E-010, 4.140270000000000E-015
 5.390940000000001E-004, 2.437090000000000E-004,-7.021450000000000E-022, 1.224810000000000E+000, 3.516460000000000E+004, 1.000000000000000E+002, 1.002350000000000E+003,-1.458550000000000E-010,-3.600890000000000E-015
 5.494520000000000E-004, 2.467120000000000E-004,-3.219800000000000E-022, 1.224810000000000E+000, 3.516460000000000E+004, 1.000000000000000E+002, 1.002350000000000E+003,-1.678620000000000E-010, 3.986280000000000E-015
 5.598100000000000E-004, 2.497150000000000E-004,-7.705960000000000E-022, 1.224810000000000E+000, 3.516460000000000E+004, 1.000000000000000E+002, 1.002350000000000E+003,-1.664990000000000E-010, 5.008810000000000E-015
 5.701670000000000E-004, 2.527170000000000E-004, 5.091920000000000E-022, 1.224810000000000E+000, 3.516460000000000E+004, 1.000000000000000E+002, 1.002350000000000E+003,-1.424360000000000E-010,-1.153080000000000E-015
 5.805250000000000E-004, 2.557200000000000E-004,-1.069290000000000E-021, 1.224810000000000E+000, 3.516460000000000E+004, 1.000000000000000E+002, 1.002350000000000E+003,-1.263050000000000E-010, 5.857160000000000E-015
 5.908829999999999E-004, 2.587220000000000E-004,-1.049070000000000E-021, 1.224810000000000E+000, 3.516460000000000E+004, 1.000000000000000E+002, 1.002350000000000E+003,-1.011400000000000E-010, 4.481670000000000E-015
 6.012400000000000E-004, 2.617250000000000E-004,-9.811319999999999E-022, 1.224810000000000E+000, 3.516460000000000E+004, 1.000000000000000E+002, 1.002350000000000E+003,-9.192310000000000E-011,-7.267470000000000E-017
 6.115980000000000E-004, 2.647270000000000E-004,-4.294810000000000E-023, 1.224810000000000E+000, 3.516460000000000E+004, 1.000000000000000E+002, 1.002350000000000E+003,-8.454480000000000E-011, 9.442150000000000E-015
 6.219560000000000E-004, 2.677300000000000E-004,-5.242920000000000E-022, 1.224810000000000E+000, 3.516460000000000E+004, 1.000000000000000E+002, 1.002350000000000E+003,-9.135439999999999E-011,-1.635570000000000E-014
 6.323130000000000E-004, 2.707320000000000E-004,-3.347020000000000E-022, 1.224810000000000E+000, 3.516460000000000E+004, 1.000000000000000E+002, 1.002350000000000E+003,-1.008940000000000E-010, 1.676730000000000E-014
 6.426710000000000E-004, 2.737350000000000E-004,-3.271070000000000E-022, 1.224810000000000E+000, 3.516460000000000E+004, 1.000000000000000E+002, 1.002350000000000E+003,-9.501270000000000E-011,-7.598950000000000E-015
 6.530290000000000E-004, 2.767380000000000E-004, 4.439500000000000E-022, 1.224810000000000E+000, 3.516460000000000E+004, 1.000000000000000E+002, 1.002350000000000E+003,-8.262890000000000E-011, 5.096280000000000E-015
 6.633870000000000E-004, 2.797400000000000E-004,-3.599660000000000E-022, 1.224810000000000E+000, 3.516460000000000E+004, 1.000000000000000E+002, 1.002350000000000E+003,-8.566630000000000E-011,-4.312930000000000E-015
 6.737440000000000E-004, 2.827430000000000E-004, 1.505560000000000E-022, 1.224810000000000E+000, 3.516460000000000E+004, 1.000000000000000E+002, 1.002350000000000E+003,-9.471770000000000E-011, 2.046420000000000E-015
 6.841020000000000E-004, 2.857450000000000E-004,-8.266500000000000E-022, 1.224810000000000E+000, 3.516460000000000E+004, 1.000000000000000E+002, 1.002350000000000E+003,-8.772600000000000E-011,-6.869240000000000E-015
 6.944600000000000E-004, 2.887480000000000E-004, 3.582880000000000E-023, 1.224810000000000E+000, 3.516460000000000E+004, 1.000000000000000E+002, 1.002350000000000E+003,-7.221210000000000E-011,-1.455750000000000E-015
 7.048170000000001E-004, 2.917500000000000E-004,-3.855570000000000E-022, 1.224810000000000E+000, 3.516460000000000E+004, 1.000000000000000E+002, 1.002350000000000E+003,-7.588910000000001E-011,-5.627500000000000E-015
 7.151750000000000E-004, 2.947530000000000E-004,-1.405440000000000E-021, 1.224810000000000E+000, 3.516460000000000E+004, 1.000000000000000E+002, 1.002350000000000E+003,-7.286120000000000E-011,-4.614460000000000E-016
 7.255330000000000E-004, 2.977560000000000E-004,-6.240280000000000E-022, 1.224810000000000E+000, 3.516460000000000E+004, 1.000000000000000E+002, 1.002350000000000E+003,-7.921330000000000E-011, 2.933350000000000E-017
 7.358910000000000E-004, 3.007580000000000E-004,-9.835440000000000E-022, 1.224810000000000E+000, 3.516460000000000E+004, 1.000000000000000E+002, 1.002350000000000E+003,-8.001680000000000E-011,-3.341430000000000E-015
 7.462480000000000E-004, 3.037610000000000E-004,-3.068200000000000E-022, 1.224810000000000E+000, 3.516460000000000E+004, 1.000000000000000E+002, 1.002350000000000E+003,-8.673760000000000E-011,-4.931630000000000E-015
 7.566060000000001E-004, 3.067630000000000E-004, 9.287740000000001E-023, 1.224810000000000E+000, 3.516460000000000E+004, 1.000000000000000E+002, 1.002350000000000E+003,-7.231579999999999E-011,-7.430900000000000E-015
 7.669640000000000E-004, 3.097660000000000E-004,-7.402210000000000E-022, 1.224810000000000E+000, 3.516460000000000E+004, 1.000000000000000E+002, 1.002350000000000E+003,-7.192820000000000E-011,-2.287210000000000E-015
 7.773220000000000E-004, 3.127680000000000E-004,-1.134210000000000E-021, 1.224810000000000E+000, 3.516460000000000E+004, 1.000000000000000E+002, 1.002350000000000E+003,-8.363190000000000E-011,-7.264729999999999E-015
 7.876790000000000E-004, 3.157710000000000E-004,-3.268870000000000E-022, 1.224810000000000E+000, 3.516460000000000E+004, 1.000000000000000E+002, 1.002350000000000E+003,-8.384100000000000E-011, 2.891200000000000E-015
 7.980370000000000E-004, 3.187740000000000E-004,-3.157500000000000E-022, 1.224810000000000E+000, 3.516460000000000E+004, 1.000000000000000E+002, 1.002350000000000E+003,-7.947430000000000E-011,-1.325580000000000E-014
 8.083949999999999E-004, 3.217760000000000E-004,-1.546760000000000E-022, 1.224810000000000E+000, 3.516460000000000E+004, 1.000000000000000E+002, 1.002350000000000E+003,-7.316210000000001E-011, 1.241700000000000E-015
 8.187530000000000E-004, 3.247790000000000E-004, 1.924470000000000E-021, 1.224810000000000E+000, 3.516460000000000E+004, 1.000000000000000E+002, 1.002350000000000E+003,-7.256390000000000E-011,-1.585350000000000E-014
 8.291100000000000E-004, 3.277810000000000E-004,-4.440830000000000E-022, 1.224810000000000E+000, 3.516460000000000E+004, 1.000000000000000E+002, 1.002350000000000E+003,-6.487010000000000E-011,-7.680000000000000E-015
 8.394680000000000E-004, 3.307840000000000E-004, 4.540420000000000E-022, 1.224810000000000E+000, 3.516460000000000E+004, 1.000000000000000E+002, 1.002350000000000E+003,-4.392140000000000E-011,-9.499160000000000E-015
 8.498260000000000E-004, 3.337870000000000E-004,-2.640480000000000E-022, 1.224810000000000E+000, 3.516460000000000E+004, 1.000000000000000E+002, 1.002350000000000E+003,-3.335570000000000E-011, 1.956030000000000E-015
 8.601839999999999E-004, 3.367890000000000E-004, 1.781160000000000E-022, 1.224810000000000E+000, 3.516460000000000E+004, 1.000000000000000E+002, 1.002350000000000E+003,-4.357310000000000E-011,-1.092760000000000E-014
 8.705420000000000E-004, 3.397920000000000E-004,-3.393780000000000E-022, 1.224810000000000E+000, 3.516460000000000E+004, 1.000000000000000E+002, 1.002350000000000E+003,-4.194690000000000E-011,-2.063440000000000E-015
 8.808990000000000E-004, 3.427940000000000E-004, 6.258260000000000E-022, 1.224810000000000E+000, 3.516460000000000E+004, 1.000000000000000E+002, 1.002350000000000E+003,-6.302350000000000E-011,-3.066480000000000E-015
 8.912570000000000E-004, 3.457970000000000E-004, 1.334000000000000E-022, 1.224810000000000E+000, 3.516460000000000E+004, 1.000000000000000E+002, 1.002350000000000E+003,-5.649660000000000E-011, 3.521300000000000E-015
 9.016150000000000E-004, 3.487990000000000E-004, 6.977700000000000E-022, 1.224810000000000E+000, 3.516460000000000E+004, 1.000000000000000E+002, 1.002350000000000E+003,-6.283980000000000E-011,-2.608850000000000E-015
 9.119730000000000E-004, 3.518020000000000E-004,-5.054940000000000E-023, 1.224810000000000E+000, 3.516460000000000E+004, 1.000000000000000E+002, 1.002350000000000E+003,-6.854320000000000E-011, 4.530470000000000E-015
 9.223310000000000E-004, 3.548050000000000E-004,-1.298890000000000E-021, 1.224810000000000E+000, 3.516460000000000E+004, 1.000000000000000E+002, 1.002350000000000E+003,-6.435900000000000E-011, 2.411840000000000E-015
 9.326880000000000E-004, 3.578070000000000E-004,-1.015240000000000E-021, 1.224810000000000E+000, 3.516460000000000E+004, 1.000000000000000E+002, 1.002350000000000E+003,-5.050630000000000E-011, 7.037910000000000E-015
 9.430460000000000E-004, 3.608100000000000E-004,-1.007270000000000E-022, 1.224810000000000E+000, 3.516460000000000E+004, 1.000000000000000E+002, 1.002350000000000E+003,-4.829430000000000E-011, 5.703120000000000E-015
 9.534040000000000E-004, 3.638120000000000E-004, 1.924380000000000E-022, 1.224810000000000E+000, 3.516460000000000E+004, 1.000000000000000E+002, 1.002350000000000E+003,-4.873490000000000E-011, 3.198130000000000E-015
 9.637620000000000E-004, 3.668150000000000E-004,-4.086180000000000E-022, 1.224810000000000E+000, 3.516460000000000E+004, 1.000000000000000E+002, 1.002350000000000E+003, 2.426390000000000E-011, 2.353920000000000E-015
 9.741200000000000E-004, 3.698180000000000E-004, 3.043070000000000E-022, 1.224810000000000E+000, 3.516460000000000E+004, 1.000000000000000E+002, 1.002350000000000E+003, 2.874840000000000E-008, 1.282700000000000E-015
 9.844770000000001E-004, 3.728200000000000E-004,-3.331170000000000E-022, 1.224810000000000E+000, 3.516460000000000E+004, 1.000000000000000E+002, 1.002350000000000E+003,-3.370220000000000E-007, 1.905640000000000E-015
 9.948349999999999E-004, 3.758230000000000E-004, 2.742860000000000E-022, 1.224800000000000E+000, 3.516470000000000E+004, 1.000010000000000E+002, 1.002350000000000E+003, 6.290000000000000E-006, 1.283780000000000E-015
-1.849920000000000E-005, 7.883670000000000E-005, 6.205020000000000E-023, 1.224810000000000E+000, 3.516460000000000E+004, 1.000000000000000E+002, 1.002350000000000E+003, 6.188550000000000E-005,-1.077820000000000E-015
-8.161290000000000E-006, 8.168469999999999E-005, 9.562740000000000E-023, 1.224820000000000E+000, 3.516520000000000E+004, 1.000010000000000E+002, 1.002350000000000E+003, 7.746440000000000E-003, 1.853270000000000E-014
 2.176850000000000E-006, 8.453290000000001E-005,-1.421740000000000E-022, 1.224840000000000E+000, 3.516600000000000E+004, 1.000020000000000E+002, 1.002350000000000E+003, 1.951250000000000E-002,-9.804050000000000E-013
 1.251520000000000E-005, 8.738110000000000E-005,-1.828820000000000E-022, 1.224840000000000E+000, 3.516620000000000E+004, 1.000020000000000E+002, 1.002350000000000E+003, 2.062700000000000E-002,-1.125040000000000E-012
 2.285370000000000E-005, 9.022939999999999E-005, 1.138080000000000E-022, 1.224830000000000E+000, 3.516550000000000E+004, 1.000010000000000E+002, 1.002350000000000E+003, 1.257670000000000E-002,-7.005190000000000E-014
 3.319240000000000E-005, 9.307770000000000E-005,-1.004470000000000E-022, 1.224820000000000E+000, 3.516480000000000E+004, 1.000000000000000E+002, 1.002350000000000E+003, 3.175970000000000E-003,-6.885060000000000E-014
 4.353120000000000E-005, 9.592600000000000E-005, 2.784530000000000E-023, 1.224810000000000E+000, 3.516460000000000E+004, 1.000000000000000E+002, 1.002350000000000E+003, 1.712810000000000E-004,-7.644470000000000E-016
 5.387020000000000E-005, 9.877440000000000E-005, 3.801770000000000E-023, 1.224810000000000E+000, 3.516460000000000E+004, 1.000000000000000E+002, 1.002350000000000E+003, 5.222530000000000E-006, 3.065550000000000E-014
 6.420930000000000E-005, 1.016230000000000E-004,-1.609810000000000E-023, 1.224810000000000E+000, 3.516460000000000E+004, 1.000000000000000E+002, 1.002350000000000E+003, 1.692080000000000E-007,-2.554190000000000E-014
 7.454850000000000E-005, 1.044710000000000E-004,-2.260040000000000E-022, 1.224810000000000E+000, 3.516460000000000E+004, 1.000000000000000E+002, 1.002350000000000E+003, 9.429389999999999E-010, 3.310180000000000E-014
 8.488770000000000E-005, 1.073200000000000E-004,-1.181930000000000E-022, 1.224810000000000E+000, 3.516460000000000E+004, 1.000000000000000E+002, 1.002350000000000E+003,-1.968670000000000E-009, 2.518900000000000E-014
 9.522709999999999E-005, 1.101680000000000E-004,-7.182080000000000E-023, 1.224810000000000E+000, 3.516460000000000E+004, 1.000000000000000E+002, 1.002350000000000E+003,-1.863460000000000E-009,-7.065360000000000E-015
 1.055670000000000E-004, 1.130170000000000E-004, 4.573170000000000E-022, 1.224810000000000E+000, 3.516460000000000E+004, 1.000000000000000E+002, 1.002350000000000E+003,-1.768590000000000E-009, 1.195430000000000E-014
 1.159060000000000E-004, 1.158650000000000E-004,-3.241700000000000E-022, 1.224810000000000E+000, 3.516460000000000E+004, 1.000000000000000E+002, 1.002350000000000E+003,-1.645490000000000E-009,-1.727680000000000E-014
 1.262460000000000E-004, 1.187140000000000E-004,-8.180130000000000E-023, 1.224810000000000E+000, 3.516460000000000E+004, 1.000000000000000E+002, 1.002350000000000E+003,-1.532140000000000E-009,-1.944400000000000E-014
 1.365850000000000E-004, 1.215630000000000E-004,-1.516490000000000E-022, 1.224810000000000E+000, 3.516460000000000E+004, 1.000000000000000E+002, 1.002350000000000E+003,-1.453480000000000E-009,-1.624130000000000E-014
 1.469250000000000E-004, 1.244110000000000E-004,-2.117600000000000E-023, 1.224810000000000E+000, 3.516460000000000E+004, 1.000000000000000E+002, 1.002350000000000E+003,-1.372780000000000E-009,-4.913540000000000E-015
 1.572650000000000E-004, 1.272600000000000E-004, 5.642250000000000E-022, 1.224810000000000E+000, 3.516460000000000E+004, 1.000000000000000E+002, 1.002350000000000E+003,-1.282050000000000E-009, 3.884750000000000E-015
 1.676050000000000E-004, 1.301080000000000E-004,-5.353530000000000E-022, 1.224810000000000E+000, 3.516460000000000E+004, 1.000000000000000E+002, 1.002350000000000E+003,-1.199040000000000E-009,-2.827380000000000E-015
 1.779440000000000E-004, 1.329570000000000E-004,-3.137110000000000E-023, 1.224810000000000E+000, 3.516460000000000E+004, 1.000000000000000E+002, 1.002350000000000E+003,-1.135650000000000E-009,-1.397370000000000E-014
 1.882840000000000E-004, 1.358060000000000E-004, 1.980670000000000E-023, 1.224810000000000E+000, 3.516460000000000E+004, 1.000000000000000E+002, 1.002350000000000E+003,-1.054070000000000E-009,-1.874750000000000E-014
 1.986240000000000E-004, 1.386540000000000E-004,-2.065530000000000E-022, 1.224810000000000E+000, 3.516460000000000E+004, 1.000000000000000E+002, 1.002350000000000E+003,-9.839570000000001E-010,-3.202720000000000E-015
 2.089640000000000E-004, 1.415030000000000E-004,-2.626630000000000E-022, 1.224810000000000E+000, 3.516460000000000E+004, 1.000000000000000E+002, 1.002350000000000E+003,-9.115290000000000E-010, 3.621910000000000E-015
 2.193040000000000E-004, 1.443520000000000E-004, 1.637190000000000E-022, 1.224810000000000E+000, 3.516460000000000E+004, 1.000000000000000E+002, 1.002350000000000E+003,-8.493620000000000E-010,-6.106280000000000E-016
 2.296440000000000E-004, 1.472000000000000E-004,-4.009890000000000E-023, 1.224810000000000E+000, 3.516460000000000E+004, 1.000000000000000E+002, 1.002350000000000E+003,-7.835260000000001E-010,-3.980570000000000E-015
 2.399850000000000E-004, 1.500490000000000E-004,-4.772230000000000E-022, 1.224810000000000E+000, 3.516460000000000E+004, 1.000000000000000E+002, 1.002350000000000E+003,-7.172740000000000E-010, 2.944530000000000E-016
 2.503250000000000E-004, 1.528980000000000E-004,-4.088520000000000E-022, 1.224810000000000E+000, 3.516460000000000E+004, 1.000000000000000E+002, 1.002350000000000E+003,-6.484810000000000E-010, 3.309940000000000E-015
 2.606650000000000E-004, 1.557470000000000E-004, 6.670980000000000E-022, 1.224810000000000E+000, 3.516460000000000E+004, 1.000000000000000E+002, 1.002350000000000E+003,-6.021250000000000E-010, 2.547100000000000E-014
 2.710050000000000E-004, 1.585950000000000E-004,-1.413010000000000E-022, 1.224810000000000E+000, 3.516460000000000E+004, 1.000000000000000E+002, 1.002350000000000E+003,-5.689270000000000E-010, 5.733990000000000E-015
 2.813450000000000E-004, 1.614440000000000E-004, 5.608010000000000E-023, 1.224810000000000E+000, 3.516460000000000E+004, 1.000000000000000E+002, 1.002350000000000E+003,-5.084990000000000E-010, 2.786020000000000E-014
 2.916850000000000E-004, 1.642930000000000E-004,-4.020350000000000E-022, 1.224810000000000E+000, 3.516460000000000E+004, 1.000000000000000E+002, 1.002350000000000E+003,-4.759450000000000E-010, 1.515730000000000E-014
 3.020260000000000E-004, 1.671420000000000E-004, 3.089210000000000E-023, 1.224810000000000E+000, 3.516460000000000E+004, 1.000000000000000E+002, 1.002350000000000E+003,-4.370770000000000E-010, 1.796670000000000E-014
 3.123660000000000E-004, 1.699900000000000E-004, 5.460070000000000E-022, 1.224810000000000E+000, 3.516460000000000E+004, 1.000000000000000E+002, 1.002350000000000E+003,-3.993100000000000E-010, 8.314280000000000E-016
 3.227060000000000E-004, 1.728390000000000E-004,-6.676050000000000E-023, 1.224810000000000E+000, 3.516460000000000E+004, 1.000000000000000E+002, 1.002350000000000E+003,-3.635840000000000E-010, 1.488850000000000E-016
 3.330460000000000E-004, 1.756880000000000E-004,-2.522240000000000E-022, 1.224810000000000E+000, 3.516460000000000E+004, 1.000000000000000E+002, 1.002350000000000E+003,-3.322880000000000E-010,-1.369730000000000E-014
 3.433870000000000E-004, 1.785370000000000E-004,-6.368940000000000E-022, 1.224810000000000E+000, 3.516460000000000E+004, 1.000000000000000E+002, 1.002350000000000E+003,-3.176030000000000E-010,-2.102800000000000E-014
 3.537270000000000E-004, 1.813860000000000E-004,-7.390190000000001E-023, 1.224810000000000E+000, 3.516460000000000E+004, 1.000000000000000E+002, 1.002350000000000E+003,-3.175490000000000E-010,-1.142540000000000E-014
 3.640670000000000E-004, 1.842340000000000E-004,-3.735590000000000E-022, 1.224810000000000E+000, 3.516460000000000E+004, 1.000000000000000E+002, 1.002350000000000E+003,-3.113460000000000E-010,-2.585950000000000E-014
 3.744080000000000E-004, 1.870830000000000E-004,-2.221700000000000E-022, 1.224810000000000E+000, 3.516460000000000E+004, 1.000000000000000E+002, 1.002350000000000E+003,-2.679730000000000E-010,-1.293130000000000E-014
 3.847480000000000E-004, 1.899320000000000E-004, 1.531520000000000E-022, 1.224810000000000E+000, 3.516460000000000E+004, 1.000000000000000E+002, 1.002350000000000E+003,-2.389870000000000E-010,-1.310380000000000E-014
 3.950890000000000E-004, 1.927810000000000E-004, 2.435550000000000E-022, 1.224810000000000E+000, 3.516460000000000E+004, 1.000000000000000E+002, 1.002350000000000E+003,-2.136340000000000E-010,-6.131480000000000E-015
 4.054290000000000E-004, 1.956300000000000E-004, 3.931060000000000E-022, 1.224810000000000E+000, 3.516460000000000E+004, 1.000000000000000E+002, 1.002350000000000E+003,-2.193750000000000E-010,-1.470440000000000E-014
 4.157690000000000E-004, 1.984780000000000E-004,-3.077870000000000E-022, 1.224810000000000E+000, 3.516460000000000E+004, 1.000000000000000E+002, 1.002350000000000E+003,-2.175880000000000E-010, 1.260190000000000E-014
 4.261100000000000E-004, 2.013270000000000E-004, 8.415120000000000E-022, 1.224810000000000E+000, 3.516460000000000E+004, 1.000000000000000E+002, 1.002350000000000E+003,-1.934060000000000E-010,-4.290430000000000E-015
 4.364500000000000E-004, 2.041760000000000E-004, 1.005340000000000E-021, 1.224810000000000E+000, 3.516460000000000E+004, 1.000000000000000E+002, 1.002350000000000E+003,-1.840850000000000E-010, 2.148550000000000E-014
 4.467910000000000E-004, 2.070250000000000E-004,-3.152070000000000E-022, 1.224810000000000E+000, 3.516460000000000E+004, 1.000000000000000E+002, 1.002350000000000E+003,-1.784590000000000E-010, 1.010150000000000E-015
 4.571310000000000E-004, 2.098740000000000E-004, 8.978450000000000E-024, 1.224810000000000E+000, 3.516460000000000E+004, 1.000000000000000E+002, 1.002350000000000E+003,-1.701380000000000E-010, 2.307430000000000E-014
 4.674720000000000E-004, 2.127230000000000E-004,-5.552610000000000E-022, 1.224810000000000E+000, 3.516460000000000E+004, 1.000000000000000E+002, 1.002350000000000E+003,-1.680890000000000E-010, 7.536810000000000E-015
 4.778120000000000E-004, 2.155710000000000E-004, 7.928800000000000E-022, 1.224810000000000E+000, 3.516460000000000E+004, 1.000000000000000E+002, 1.002350000000000E+003,-1.616960000000000E-010, 3.356690000000000E-015
 4.881530000000000E-004, 2.184200000000000E-004, 1.817750000000000E-023, 1.224810000000000E+000, 3.516460000000000E+004, 1.000000000000000E+002, 1.002350000000000E+003,-1.590140000000000E-010, 1.133080000000000E-014
 4.984930000000000E-004, 2.212690000000000E-004, 5.774040000000000E-023, 1.224810000000000E+000, 3.516460000000000E+004, 1.000000000000000E+002, 1.002350000000000E+003,-1.479410000000000E-010, 1.870100000000000E-016
 5.088340000000000E-004, 2.241180000000000E-004,-1.654170000000000E-022, 1.224810000000000E+000, 3.516460000000000E+004, 1.000000000000000E+002, 1.002350000000000E+003,-1.321740000000000E-010, 1.161150000000000E-014
 5.191740000000000E-004, 2.269670000000000E-004, 3.530060000000000E-022, 1.224810000000000E+000, 3.516460000000000E+004, 1.000000000000000E+002, 1.002350000000000E+003,-1.125350000000000E-010,-5.875260000000000E-016
 5.295150000000000E-004, 2.298160000000000E-004,-5.013130000000000E-022, 1.224810000000000E+000, 3.516460000000000E+004, 1.000000000000000E+002, 1.002350000000000E+003,-1.199850000000000E-010, 8.448750000000001E-015
 5.398550000000000E-004, 2.326640000000000E-004, 4.690490000000000E-022, 1.224810000000000E+000, 3.516460000000000E+004, 1.000000000000000E+002, 1.002350000000000E+003,-1.255360000000000E-010, 4.356630000000000E-015
 5.501960000000000E-004, 2.355130000000000E-004,-7.230430000000000E-022, 1.224810000000000E+000, 3.516460000000000E+004, 1.000000000000000E+002, 1.002350000000000E+003,-1.362610000000000E-010,-7.736450000000000E-016
 5.605360000000000E-004, 2.383620000000000E-004, 1.204620000000000E-023, 1.224810000000000E+000, 3.516460000000000E+004, 1.000000000000000E+002, 1.002350000000000E+003,-1.401920000000000E-010, 9.221339999999999E-015
 5.708770000000000E-004, 2.412110000000000E-004,-7.028330000000000E-022, 1.224810000000000E+000, 3.516460000000000E+004, 1.000000000000000E+002, 1.002350000000000E+003,-1.351710000000000E-010, 1.824160000000000E-015
 5.812180000000000E-004, 2.440600000000000E-004, 3.878220000000000E-022, 1.224810000000000E+000, 3.516460000000000E+004, 1.000000000000000E+002, 1.002350000000000E+003,-1.179560000000000E-010, 1.520220000000000E-014
 5.915579999999999E-004, 2.469090000000000E-004, 1.042820000000000E-021, 1.224810000000000E+000, 3.516460000000000E+004, 1.000000000000000E+002, 1.002350000000000E+003,-1.056640000000000E-010, 5.088660000000000E-015
 6.018990000000000E-004, 2.497580000000000E-004,-3.538820000000000E-022, 1.224810000000000E+000, 3.516460000000000E+004, 1.000000000000000E+002, 1.002350000000000E+003,-9.378280000000000E-011, 5.674480000000000E-015
 6.122390000000000E-004, 2.526060000000000E-004, 5.191620000000000E-022, 1.224810000000000E+000, 3.516460000000000E+004, 1.000000000000000E+002, 1.002350000000000E+003,-9.033330000000000E-011, 5.160040000000000E-015
 6.225800000000000E-004, 2.554550000000000E-004, 7.747150000000000E-022, 1.224810000000000E+000, 3.516460000000000E+004, 1.000000000000000E+002, 1.002350000000000E+003,-9.094630000000000E-011, 4.821070000000000E-017
 6.329200000000000E-004, 2.583040000000000E-004,-1.009540000000000E-021, 1.224810000000000E+000, 3.516460000000000E+004, 1.000000000000000E+002, 1.002350000000000E+003,-7.905739999999999E-011,-2.930520000000000E-016
 6.432610000000000E-004, 2.611530000000000E-004,-4.902630000000000E-022, 1.224810000000000E+000, 3.516460000000000E+004, 1.000000000000000E+002, 1.002350000000000E+003,-7.554239999999999E-011,-2.245510000000000E-015
 6.536020000000000E-004, 2.640020000000000E-004, 5.763270000000000E-022, 1.224810000000000E+000, 3.516460000000000E+004, 1.000000000000000E+002, 1.002350000000000E+003,-8.694150000000000E-011, 2.593540000000000E-016
 6.639420000000000E-004, 2.668510000000000E-004,-9.667620000000000E-023, 1.224810000000000E+000, 3.516460000000000E+004, 1.000000000000000E+002, 1.002350000000000E+003,-9.466330000000000E-011,-2.248350000000000E-015
 6.742830000000000E-004, 2.697000000000000E-004,-2.545120000000000E-022, 1.224810000000000E+000, 3.516460000000000E+004, 1.000000000000000E+002, 1.002350000000000E+003,-9.834340000000000E-011,-3.573830000000000E-015
 6.846230000000000E-004, 2.725480000000000E-004,-4.677020000000000E-022, 1.224810000000000E+000, 3.516460000000000E+004, 1.000000000000000E+002, 1.002350000000000E+003,-9.675250000000000E-011, 5.351380000000000E-015
 6.949640000000000E-004, 2.753970000000000E-004, 3.964280000000000E-022, 1.224810000000000E+000, 3.516460000000000E+004, 1.000000000000000E+002, 1.002350000000000E+003,-8.487920000000000E-011,-4.427360000000000E-015
 7.053050000000000E-004, 2.782460000000000E-004, 1.930470000000000E-022, 1.224810000000000E+000, 3.516460000000000E+004, 1.000000000000000E+002, 1.002350000000000E+003,-8.817280000000000E-011,-2.313630000000000E-015
 7.156450000000000E-004, 2.810950000000000E-004, 1.429760000000000E-021, 1.224810000000000E+000, 3.516460000000000E+004, 1.000000000000000E+002, 1.002350000000000E+003,-8.580519999999999E-011,-8.941550000000000E-015
 7.259860000000000E-004, 2.839440000000000E-004, 5.828410000000000E-022, 1.224810000000000E+000, 3.516460000000000E+004, 1.000000000000000E+002, 1.002350000000000E+003,-7.975500000000000E-011, 2.758360000000000E-016
 7.363270000000001E-004, 2.867930000000000E-004, 6.015690000000000E-022, 1.224810000000000E+000, 3.516460000000000E+004, 1.000000000000000E+002, 1.002350000000000E+003,-7.272240000000000E-011,-4.244340000000000E-015
 7.466670000000000E-004, 2.896420000000000E-004, 6.134070000000000E-022, 1.224810000000000E+000, 3.516460000000000E+004, 1.000000000000000E+002, 1.002350000000000E+003,-7.052630000000000E-011, 4.311710000000000E-015
 7.570080000000000E-004, 2.924910000000000E-004, 1.925940000000000E-023, 1.224810000000000E+000, 3.516460000000000E+004, 1.000000000000000E+002, 1.002350000000000E+003,-7.488480000000000E-011,-6.435540000000000E-015
 7.673490000000000E-004, 2.953400000000000E-004,-3.146700000000000E-022, 1.224810000000000E+000, 3.516460000000000E+004, 1.000000000000000E+002, 1.002350000000000E+003,-7.754940000000000E-011, 3.567400000000000E-015
 7.776890000000000E-004, 2.981880000000000E-004,-8.773260000000000E-025, 1.224810000000000E+000, 3.516460000000000E+004, 1.000000000000000E+002, 1.002350000000000E+003,-7.519870000000000E-011, 2.478630000000000E-015
 7.880300000000000E-004, 3.010370000000000E-004,-2.064180000000000E-022, 1.224810000000000E+000, 3.516460000000000E+004, 1.000000000000000E+002, 1.002350000000000E+003,-8.251749999999999E-011,-1.903340000000000E-015
 7.983710000000000E-004, 3.038860000000000E-004, 9.467810000000000E-023, 1.224810000000000E+000, 3.516460000000000E+004, 1.000000000000000E+002, 1.002350000000000E+003,-9.112000000000000E-011, 5.730800000000000E-015
 8.087110000000000E-004, 3.067350000000000E-004, 8.064050000000001E-023, 1.224810000000000E+000, 3.516460000000000E+004, 1.000000000000000E+002, 1.002350000000000E+003,-9.401140000000000E-011,-1.114870000000000E-015
 8.190520000000000E-004, 3.095840000000000E-004,-3.840950000000000E-022, 1.224810000000000E+000, 3.516460000000000E+004, 1.000000000000000E+002, 1.002350000000000E+003,-7.968180000000000E-011, 3.824540000000000E-015
 8.293930000000000E-004, 3.124330000000000E-004,-1.664570000000000E-022, 1.224810000000000E+000, 3.516460000000000E+004, 1.000000000000000E+002, 1.002350000000000E+003,-7.764929999999999E-011,-3.298130000000000E-015
 8.397330000000000E-004, 3.152820000000000E-004, 9.601319999999999E-022, 1.224810000000000E+000, 3.516460000000000E+004, 1.000000000000000E+002, 1.002350000000000E+003,-8.053360000000000E-011, 2.875790000000000E-015
 8.500740000000000E-004, 3.181310000000000E-004, 1.772610000000000E-022, 1.224810000000000E+000, 3.516460000000000E+004, 1.000000000000000E+002, 1.002350000000000E+003,-7.819700000000000E-011,-5.044840000000000E-015
 8.604150000000000E-004, 3.209800000000000E-004,-1.326320000000000E-021, 1.224810000000000E+000, 3.516460000000000E+004, 1.000000000000000E+002, 1.002350000000000E+003,-6.665809999999999E-011,-5.944020000000000E-015
 8.707550000000000E-004, 3.238280000000000E-004,-6.291330000000000E-022, 1.224810000000000E+000, 3.516460000000000E+004, 1.000000000000000E+002, 1.002350000000000E+003,-5.344740000000000E-011,-2.149570000000000E-015
 8.810960000000000E-004, 3.266770000000000E-004, 2.028520000000000E-022, 1.224810000000000E+000, 3.516460000000000E+004, 1.000000000000000E+002, 1.002350000000000E+003,-5.623350000000000E-011,-3.485210000000000E-015
 8.914370000000000E-004, 3.295260000000000E-004,-8.048669999999999E-023, 1.224810000000000E+000, 3.516460000000000E+004, 1.000000000000000E+002, 1.002350000000000E+003,-6.333150000000000E-011,-1.468660000000000E-015
 9.017770000000000E-004, 3.323750000000000E-004, 3.151910000000000E-022, 1.224810000000000E+000, 3.516460000000000E+004, 1.000000000000000E+002, 1.002350000000000E+003,-6.530180000000000E-011,-1.196370000000000E-015
 9.121180000000000E-004, 3.352240000000000E-004,-5.429330000000000E-022, 1.224810000000000E+000, 3.516460000000000E+004, 1.000000000000000E+002, 1.002350000000000E+003,-6.397520000000000E-011,-1.620500000000000E-015
 9.224590000000000E-004, 3.380730000000000E-004,-3.723590000000000E-022, 1.224810000000000E+000, 3.516460000000000E+004, 1.000000000000000E+002, 1.002350000000000E+003,-7.345750000000000E-011, 5.866070000000000E-015
 9.327990000000000E-004, 3.409220000000000E-004,-4.947530000000000E-023, 1.224810000000000E+000, 3.516460000000000E+004, 1.000000000000000E+002, 1.002350000000000E+003,-6.855590000000001E-011, 1.322830000000000E-015
 9.431400000000000E-004, 3.437710000000000E-004,-2.817210000000000E-022, 1.224810000000000E+000, 3.516460000000000E+004, 1.000000000000000E+002, 1.002350000000000E+003,-6.558760000000000E-011, 3.383690000000000E-015
 9.534809999999999E-004, 3.466200000000000E-004, 1.621230000000000E-022, 1.224810000000000E+000, 3.516460000000000E+004, 1.000000000000000E+002, 1.002350000000000E+003,-6.642080000000000E-011, 2.989570000000000E-015
 9.638220000000000E-004, 3.494680000000000E-004,-1.892560000000000E-023, 1.224810000000000E+000, 3.516460000000000E+004, 1.000000000000000E+002, 1.002350000000000E+003, 1.392610000000000E-010, 2.643240000000000E-015
 9.741620000000000E-004, 3.523170000000000E-004,-1.468150000000000E-021, 1.224810000000000E+000, 3.516460000000000E+004, 1.000000000000000E+002, 1.002350000000000E+003, 7.724310000000000E-009, 4.011740000000000E-015
 9.845030000000001E-004, 3.551660000000000E-004,-4.749110000000000E-022, 1.224810000000000E+000, 3.516460000000000E+004, 1.000000000000000E+002, 1.002350000000000E+003,-1.079880000000000E-007, 4.413670000000000E-015
 9.948439999999999E-004, 3.580150000000000E-004, 5.893440000000000E-022, 1.224800000000000E+000, 3.516470000000000E+004, 1.000010000000000E+002, 1.002350000000000E+003,-4.682740000000000E-006, 3.123520000000000E-015
-1.689940000000000E-005, 7.622780000000000E-005,-1.369880000000000E-023, 1.224830000000000E+000, 3.516440000000000E+004, 9.999809999999999E+001, 1.002350000000000E+003, 7.406700000000000E-003, 1.355550000000000E-012
-6.577680000000000E-006, 7.893000000000000E-005,-9.791900000000000E-023, 1.225060000000000E+000, 3.520430000000000E+004, 1.000930000000000E+002, 1.002260000000000E+003, 2.007040000000000E-001, 6.157450000000000E-012
 3.744230000000000E-006, 8.163210000000000E-005,-5.464810000000000E-017, 1.227790000000000E+000, 3.537620000000000E+004, 1.003580000000000E+002, 1.002080000000000E+003, 9.379970000000000E-001,-2.755410000000000E-012
 1.406630000000000E-005, 8.433440000000000E-005,-1.986790000000000E-018, 1.227940000000000E+000, 3.538640000000000E+004, 1.003740000000000E+002, 1.002100000000000E+003, 1.010240000000000E+000,-2.939910000000000E-012
 2.438860000000000E-005, 8.703660000000000E-005,-1.364000000000000E-022, 1.225230000000000E+000, 3.522270000000000E+004, 1.001310000000000E+002, 1.002300000000000E+003, 3.267880000000000E-001, 1.852970000000000E-014
 3.471110000000000E-005, 8.973900000000000E-005,-3.031490000000000E-022, 1.224920000000000E+000, 3.517820000000000E+004, 1.000300000000000E+002, 1.002340000000000E+003, 9.642310000000000E-002,-3.446450000000000E-014
 4.503370000000000E-005, 9.244130000000000E-005,-1.035720000000000E-022, 1.224830000000000E+000, 3.516580000000000E+004, 1.000020000000000E+002, 1.002350000000000E+003, 1.494350000000000E-002,-3.017010000000000E-014
 5.535640000000000E-005, 9.514370000000000E-005, 6.863930000000000E-022, 1.224810000000000E+000, 3.516470000000000E+004, 1.000000000000000E+002, 1.002350000000000E+003, 9.646010000000000E-004, 2.553320000000000E-014
 6.567920000000001E-005, 9.784620000000000E-005,-2.235260000000000E-023, 1.224810000000000E+000, 3.516460000000000E+004, 1.000000000000000E+002, 1.002350000000000E+003, 1.901330000000000E-005,-2.561390000000000E-014
 7.600220000000000E-005, 1.005490000000000E-004,-6.309510000000000E-023, 1.224810000000000E+000, 3.516460000000000E+004, 1.000000000000000E+002, 1.002350000000000E+003, 2.748470000000000E-007, 4.434760000000000E-015
 8.632520000000000E-005, 1.032510000000000E-004, 2.159920000000000E-022, 1.224810000000000E+000, 3.516460000000000E+004, 1.000000000000000E+002, 1.002350000000000E+003, 1.843380000000000E-009, 2.945670000000000E-014
 9.664840000000000E-005, 1.059540000000000E-004, 9.160780000000000E-023, 1.224810000000000E+000, 3.516460000000000E+004, 1.000000000000000E+002, 1.002350000000000E+003,-1.734830000000000E-009, 1.770700000000000E-014
 1.069720000000000E-004, 1.086560000000000E-004,-9.192030000000000E-023, 1.224810000000000E+000, 3.516460000000000E+004, 1.000000000000000E+002, 1.002350000000000E+003,-1.699670000000000E-009, 2.446250000000000E-014
 1.172950000000000E-004, 1.113590000000000E-004,-2.646080000000000E-022, 1.224810000000000E+000, 3.516460000000000E+004, 1.000000000000000E+002, 1.002350000000000E+003,-1.531070000000000E-009, 2.520940000000000E-014
 1.276180000000000E-004, 1.140610000000000E-004,-1.167160000000000E-022, 1.224810000000000E+000, 3.516460000000000E+004, 1.000000000000000E+002, 1.002350000000000E+003,-1.358100000000000E-009, 4.800920000000000E-015
 1.379420000000000E-004, 1.167640000000000E-004, 7.555310000000000E-023, 1.224810000000000E+000, 3.516460000000000E+004, 1.000000000000000E+002, 1.002350000000000E+003,-1.227770000000000E-009,-1.112180000000000E-014
 1.482650000000000E-004, 1.194660000000000E-004,-2.509160000000000E-022, 1.224810000000000E+000, 3.516460000000000E+004, 1.000000000000000E+002, 1.002350000000000E+003,-1.140680000000000E-009,-2.516910000000000E-014
 1.585890000000000E-004, 1.221690000000000E-004, 2.836140000000000E-024, 1.224810000000000E+000, 3.516460000000000E+004, 1.000000000000000E+002, 1.002350000000000E+003,-1.050160000000000E-009,-1.728240000000000E-014
 1.689120000000000E-004, 1.248720000000000E-004,-1.026450000000000E-022, 1.224810000000000E+000, 3.516460000000000E+004, 1.000000000000000E+002, 1.002350000000000E+003,-9.900480000000001E-010,-7.971859999999999E-015
 1.792360000000000E-004, 1.275740000000000E-004, 3.289280000000000E-022, 1.224810000000000E+000, 3.516460000000000E+004, 1.000000000000000E+002, 1.002350000000000E+003,-9.225040000000000E-010,-1.355080000000000E-014
 1.895590000000000E-004, 1.302770000000000E-004, 3.190990000000000E-022, 1.224810000000000E+000, 3.516460000000000E+004, 1.000000000000000E+002, 1.002350000000000E+003,-8.322780000000000E-010,-7.572110000000000E-015
 1.998830000000000E-004, 1.329800000000000E-004,-2.092450000000000E-022, 1.224810000000000E+000, 3.516460000000000E+004, 1.000000000000000E+002, 1.002350000000000E+003,-7.625640000000000E-010,-1.363200000000000E-015
 2.102070000000000E-004, 1.356820000000000E-004,-5.914930000000000E-022, 1.224810000000000E+000, 3.516460000000000E+004, 1.000000000000000E+002, 1.002350000000000E+003,-7.039030000000000E-010,-2.486040000000000E-015
 2.205310000000000E-004, 1.383850000000000E-004, 4.932420000000000E-023, 1.224810000000000E+000, 3.516460000000000E+004, 1.000000000000000E+002, 1.002350000000000E+003,-6.493140000000000E-010,-1.440130000000000E-015
 2.308550000000000E-004, 1.410880000000000E-004, 1.714220000000000E-022, 1.224810000000000E+000, 3.516460000000000E+004, 1.000000000000000E+002, 1.002350000000000E+003,-5.904600000000000E-010, 1.428490000000000E-014
 2.411780000000000E-004, 1.437910000000000E-004, 1.106510000000000E-022, 1.224810000000000E+000, 3.516460000000000E+004, 1.000000000000000E+002, 1.002350000000000E+003,-5.219149999999999E-010,-1.481710000000000E-014
 2.515020000000000E-004, 1.464930000000000E-004, 2.650180000000000E-022, 1.224810000000000E+000, 3.516460000000000E+004, 1.000000000000000E+002, 1.002350000000000E+003,-4.712240000000000E-010, 3.807330000000000E-015
 2.618260000000000E-004, 1.491960000000000E-004, 1.579960000000000E-023, 1.224810000000000E+000, 3.516460000000000E+004, 1.000000000000000E+002, 1.002350000000000E+003,-4.430730000000000E-010,-1.042190000000000E-014
 2.721500000000000E-004, 1.518990000000000E-004, 3.416690000000000E-023, 1.224810000000000E+000, 3.516460000000000E+004, 1.000000000000000E+002, 1.002350000000000E+003,-4.070940000000000E-010, 4.563170000000000E-015
 2.824740000000000E-004, 1.546010000000000E-004,-3.451970000000000E-022, 1.224810000000000E+000, 3.516460000000000E+004, 1.000000000000000E+002, 1.002350000000000E+003,-3.817130000000000E-010,-8.837820000000000E-015
 2.927980000000000E-004, 1.573040000000000E-004,-6.738850000000000E-023, 1.224810000000000E+000, 3.516460000000000E+004, 1.000000000000000E+002, 1.002350000000000E+003,-3.565260000000000E-010, 1.317900000000000E-014
 3.031220000000000E-004, 1.600070000000000E-004,-5.694020000000000E-022, 1.224810000000000E+000, 3.516460000000000E+004, 1.000000000000000E+002, 1.002350000000000E+003,-3.184350000000000E-010,-7.080080000000000E-015
 3.134460000000000E-004, 1.627100000000000E-004, 1.645890000000000E-022, 1.224810000000000E+000, 3.516460000000000E+004, 1.000000000000000E+002, 1.002350000000000E+003,-3.188990000000000E-010, 2.150440000000000E-014
 3.237700000000000E-004, 1.654130000000000E-004, 6.848360000000000E-023, 1.224810000000000E+000, 3.516460000000000E+004, 1.000000000000000E+002, 1.002350000000000E+003,-2.999850000000000E-010,-3.525980000000000E-015
 3.340940000000000E-004, 1.681150000000000E-004,-1.625430000000000E-022, 1.224810000000000E+000, 3.516460000000000E+004, 1.000000000000000E+002, 1.002350000000000E+003,-2.819170000000000E-010, 1.488890000000000E-014
 3.444180000000000E-004, 1.708180000000000E-004,-2.619500000000000E-022, 1.224810000000000E+000, 3.516460000000000E+004, 1.000000000000000E+002, 1.002350000000000E+003,-2.453340000000000E-010, 4.665860000000000E-015
 3.547420000000000E-004, 1.735210000000000E-004,-4.356280000000000E-022, 1.224810000000000E+000, 3.516460000000000E+004, 1.000000000000000E+002, 1.002350000000000E+003,-2.276670000000000E-010, 1.593820000000000E-014
 3.650660000000000E-004, 1.762240000000000E-004,-3.869660000000000E-022, 1.224810000000000E+000, 3.516460000000000E+004, 1.000000000000000E+002, 1.002350000000000E+003,-2.276560000000000E-010,-5.981120000000000E-015
 3.753910000000000E-004, 1.789260000000000E-004, 9.219960000000000E-022, 1.224810000000000E+000, 3.516460000000000E+004, 1.000000000000000E+002, 1.002350000000000E+003,-2.091100000000000E-010,-5.300110000000000E-015
 3.857150000000000E-004, 1.816290000000000E-004,-1.123930000000000E-022, 1.224810000000000E+000, 3.516460000000000E+004, 1.000000000000000E+002, 1.002350000000000E+003,-2.005960000000000E-010,-1.661380000000000E-014
 3.960390000000000E-004, 1.843320000000000E-004, 5.702750000000000E-022, 1.224810000000000E+000, 3.516460000000000E+004, 1.000000000000000E+002, 1.002350000000000E+003,-2.048150000000000E-010,-9.144240000000000E-015
 4.063630000000000E-004, 1.870350000000000E-004,-7.488460000000000E-022, 1.224810000000000E+000, 3.516460000000000E+004, 1.000000000000000E+002, 1.002350000000000E+003,-1.959280000000000E-010,-1.931940000000000E-014
 4.166870000000000E-004, 1.897380000000000E-004,-7.035240000000000E-023, 1.224810000000000E+000, 3.516460000000000E+004, 1.000000000000000E+002, 1.002350000000000E+003,-1.910740000000000E-010,-8.098780000000000E-015
 4.270110000000000E-004, 1.924400000000000E-004, 2.217340000000000E-022, 1.224810000000000E+000, 3.516460000000000E+004, 1.000000000000000E+002, 1.002350000000000E+003,-2.096790000000000E-010,-7.138259999999999E-015
 4.373360000000000E-004, 1.951430000000000E-004, 3.496610000000000E-022, 1.224810000000000E+000, 3.516460000000000E+004, 1.000000000000000E+002, 1.002350000000000E+003,-2.012360000000000E-010,-5.116530000000000E-015
 4.476600000000000E-004, 1.978460000000000E-004,-5.143190000000000E-024, 1.224810000000000E+000, 3.516460000000000E+004, 1.000000000000000E+002, 1.002350000000000E+003,-1.727790000000000E-010,-3.431270000000000E-015
 4.579840000000000E-004, 2.005490000000000E-004, 4.226830000000000E-022, 1.224810000000000E+000, 3.516460000000000E+004, 1.000000000000000E+002, 1.002350000000000E+003,-1.570710000000000E-010, 5.807480000000000E-016
 4.683080000000000E-004, 2.032520000000000E-004, 4.163380000000000E-022, 1.224810000000000E+000, 3.516460000000000E+004, 1.000000000000000E+002, 1.002350000000000E+003,-1.522330000000000E-010, 1.880510000000000E-015
 4.786320000000000E-004, 2.059550000000000E-004,-6.134110000000000E-023, 1.224810000000000E+000, 3.516460000000000E+004, 1.000000000000000E+002, 1.002350000000000E+003,-1.543700000000000E-010, 3.907520000000000E-015
 4.889570000000000E-004, 2.086570000000000E-004,-5.392890000000000E-022, 1.224810000000000E+000, 3.516460000000000E+004, 1.000000000000000E+002, 1.002350000000000E+003,-1.553950000000000E-010,-3.144750000000000E-015
 4.992810000000000E-004, 2.113600000000000E-004,-3.821600000000000E-023, 1.224810000000000E+000, 3.516460000000000E+004, 1.000000000000000E+002, 1.002350000000000E+003,-1.558390000000000E-010, 2.783860000000000E-015
 5.096050000000000E-004, 2.140630000000000E-004, 5.928290000000000E-022, 1.224810000000000E+000, 3.516460000000000E+004, 1.000000000000000E+002, 1.002350000000000E+003,-1.467520000000000E-010,-1.348540000000000E-014
 5.199300000000000E-004, 2.167660000000000E-004,-4.318120000000000E-022, 1.224810000000000E+000, 3.516460000000000E+004, 1.000000000000000E+002, 1.002350000000000E+003,-1.551720000000000E-010, 1.339350000000000E-015
 5.302540000000000E-004, 2.194690000000000E-004, 2.323660000000000E-022, 1.224810000000000E+000, 3.516460000000000E+004, 1.000000000000000E+002, 1.002350000000000E+003,-1.396980000000000E-010,-1.888270000000000E-014
 5.405780000000000E-004, 2.221720000000000E-004, 8.462400000000000E-022, 1.224810000000000E+000, 3.516460000000000E+004, 1.000000000000000E+002, 1.002350000000000E+003,-1.178630000000000E-010, 1.694340000000000E-015
 5.509020000000000E-004, 2.248740000000000E-004, 7.816500000000000E-022, 1.224810000000000E+000, 3.516460000000000E+004, 1.000000000000000E+002, 1.002350000000000E+003,-1.005710000000000E-010,-2.084120000000000E-014
 5.612270000000000E-004, 2.275770000000000E-004,-2.142400000000000E-022, 1.224810000000000E+000, 3.516460000000000E+004, 1.000000000000000E+002, 1.002350000000000E+003,-1.003780000000000E-010,-5.337120000000000E-015
 5.715510000000000E-004, 2.302800000000000E-004, 5.336440000000000E-022, 1.224810000000000E+000, 3.516460000000000E+004, 1.000000000000000E+002, 1.002350000000000E+003,-1.110090000000000E-010,-3.362850000000000E-015
 5.818750000000000E-004, 2.329830000000000E-004, 2.629640000000000E-022, 1.224810000000000E+000, 3.516460000000000E+004, 1.000000000000000E+002, 1.002350000000000E+003,-1.272930000000000E-010,-5.982410000000000E-015
 5.922000000000000E-004, 2.356860000000000E-004,-8.327529999999999E-024, 1.224810000000000E+000, 3.516460000000000E+004, 1.000000000000000E+002, 1.002350000000000E+003,-1.366440000000000E-010, 8.334130000000000E-016
 6.025240000000000E-004, 2.383890000000000E-004, 1.408760000000000E-021, 1.224810000000000E+000, 3.516460000000000E+004, 1.000000000000000E+002, 1.002350000000000E+003,-1.389470000000000E-010, 6.825840000000000E-016
 6.128480000000000E-004, 2.410920000000000E-004, 4.808360000000000E-023, 1.224810000000000E+000, 3.516460000000000E+004, 1.000000000000000E+002, 1.002350000000000E+003,-1.327520000000000E-010,-1.339500000000000E-015
 6.231730000000000E-004, 2.437940000000000E-004, 1.080970000000000E-021, 1.224810000000000E+000, 3.516460000000000E+004, 1.000000000000000E+002, 1.002350000000000E+003,-1.322740000000000E-010, 1.808200000000000E-015
 6.334970000000000E-004, 2.464970000000000E-004,-5.509390000000000E-023, 1.224810000000000E+000, 3.516460000000000E+004, 1.000000000000000E+002, 1.002350000000000E+003,-1.203010000000000E-010, 5.757680000000000E-015
 6.438210000000000E-004, 2.492000000000000E-004, 5.020400000000000E-022, 1.224810000000000E+000, 3.516460000000000E+004, 1.000000000000000E+002, 1.002350000000000E+003,-1.112610000000000E-010, 4.756780000000000E-015
 6.541460000000000E-004, 2.519030000000000E-004, 3.551550000000000E-023, 1.224810000000000E+000, 3.516460000000000E+004, 1.000000000000000E+002, 1.002350000000000E+003,-1.175350000000000E-010, 5.838040000000000E-015
 6.644700000000000E-004, 2.546060000000000E-004,-1.060580000000000E-022, 1.224810000000000E+000, 3.516460000000000E+004, 1.000000000000000E+002, 1.002350000000000E+003,-1.090840000000000E-010,-2.055690000000000E-015
 6.747950000000000E-004, 2.573090000000000E-004,-1.873490000000000E-023, 1.224810000000000E+000, 3.516460000000000E+004, 1.000000000000000E+002, 1.002350000000000E+003,-9.792160000000000E-011, 5.027150000000000E-015
 6.851190000000000E-004, 2.600120000000000E-004, 4.256260000000000E-022, 1.224810000000000E+000, 3.516460000000000E+004, 1.000000000000000E+002, 1.002350000000000E+003,-9.205730000000000E-011, 5.414900000000000E-015
 6.954430000000000E-004, 2.627140000000000E-004,-1.127940000000000E-023, 1.224810000000000E+000, 3.516460000000000E+004, 1.000000000000000E+002, 1.002350000000000E+003,-9.455269999999999E-011, 5.755470000000000E-015
 7.057680000000000E-004, 2.654170000000000E-004,-3.267490000000000E-022, 1.224810000000000E+000, 3.516460000000000E+004, 1.000000000000000E+002, 1.002350000000000E+003,-1.025020000000000E-010, 3.067430000000000E-015
 7.160920000000000E-004, 2.681200000000000E-004, 5.406420000000000E-022, 1.224810000000000E+000, 3.516460000000000E+004, 1.000000000000000E+002, 1.002350000000000E+003,-1.039340000000000E-010,-3.983450000000000E-015
 7.264160000000000E-004, 2.708230000000000E-004, 6.266870000000000E-022, 1.224810000000000E+000, 3.516460000000000E+004, 1.000000000000000E+002, 1.002350000000000E+003,-1.110000000000000E-010,-1.982300000000000E-015
 7.367410000000000E-004, 2.735260000000000E-004, 3.521410000000000E-022, 1.224810000000000E+000, 3.516460000000000E+004, 1.000000000000000E+002, 1.002350000000000E+003,-9.722780000000001E-011,-1.282740000000000E-015
 7.470650000000000E-004, 2.762290000000000E-004,-9.068029999999999E-022, 1.224810000000000E+000, 3.516460000000000E+004, 1.000000000000000E+002, 1.002350000000000E+003,-8.567910000000001E-011,-3.669950000000000E-015
 7.573900000000000E-004, 2.789320000000000E-004, 1.093140000000000E-021, 1.224810000000000E+000, 3.516460000000000E+004, 1.000000000000000E+002, 1.002350000000000E+003,-8.193940000000001E-011, 2.089480000000000E-016
 7.677140000000000E-004, 2.816340000000000E-004, 7.497420000000000E-022, 1.224810000000000E+000, 3.516460000000000E+004, 1.000000000000000E+002, 1.002350000000000E+003,-8.995920000000000E-011,-1.480580000000000E-014
 7.780380000000000E-004, 2.843370000000000E-004,-2.730900000000000E-022, 1.224810000000000E+000, 3.516460000000000E+004, 1.000000000000000E+002, 1.002350000000000E+003,-9.312940000000000E-011, 3.000460000000000E-017
 7.883630000000000E-004, 2.870400000000000E-004, 6.220760000000000E-022, 1.224810000000000E+000, 3.516460000000000E+004, 1.000000000000000E+002, 1.002350000000000E+003,-8.948270000000001E-011,-1.405180000000000E-014
 7.986870000000000E-004, 2.897430000000000E-004, 1.244970000000000E-022, 1.224810000000000E+000, 3.516460000000000E+004, 1.000000000000000E+002, 1.002350000000000E+003,-8.449310000000000E-011,-4.174180000000000E-015
 8.090120000000000E-004, 2.924460000000000E-004,-1.026130000000000E-021, 1.224810000000000E+000, 3.516460000000000E+004, 1.000000000000000E+002, 1.002350000000000E+003,-7.535170000000000E-011,-8.882840000000001E-015
 8.193360000000000E-004, 2.951490000000000E-004, 7.536520000000000E-022, 1.224810000000000E+000, 3.516460000000000E+004, 1.000000000000000E+002, 1.002350000000000E+003,-7.474089999999999E-011,-6.098540000000000E-015
 8.296610000000000E-004, 2.978520000000000E-004,-1.015660000000000E-022, 1.224810000000000E+000, 3.516460000000000E+004, 1.000000000000000E+002, 1.002350000000000E+003,-6.819050000000000E-011,-5.223220000000000E-015
 8.399850000000000E-004, 3.005550000000000E-004,-9.703770000000000E-022, 1.224810000000000E+000, 3.516460000000000E+004, 1.000000000000000E+002, 1.002350000000000E+003,-7.575760000000000E-011, 5.760150000000000E-016
 8.503090000000000E-004, 3.032580000000000E-004, 3.182150000000000E-022, 1.224810000000000E+000, 3.516460000000000E+004, 1.000000000000000E+002, 1.002350000000000E+003,-7.718390000000000E-011, 2.648810000000000E-015
 8.606340000000000E-004, 3.059600000000000E-004,-1.118680000000000E-022, 1.224810000000000E+000, 3.516460000000000E+004, 1.000000000000000E+002, 1.002350000000000E+003,-7.885989999999999E-011,-1.892800000000000E-015
 8.709580000000000E-004, 3.086630000000000E-004,-3.787280000000000E-022, 1.224810000000000E+000, 3.516460000000000E+004, 1.000000000000000E+002, 1.002350000000000E+003,-8.435529999999999E-011,-3.984700000000000E-015
 8.812830000000000E-004, 3.113660000000000E-004, 1.474800000000000E-021, 1.224810000000000E+000, 3.516460000000000E+004, 1.000000000000000E+002, 1.002350000000000E+003,-7.513640000000000E-011, 8.747200000000000E-016
 8.916070000000000E-004, 3.140690000000000E-004, 9.252000000000001E-022, 1.224810000000000E+000, 3.516460000000000E+004, 1.000000000000000E+002, 1.002350000000000E+003,-6.279370000000000E-011,-5.812700000000000E-015
 9.019320000000000E-004, 3.167720000000000E-004,-1.292040000000000E-022, 1.224810000000000E+000, 3.516460000000000E+004, 1.000000000000000E+002, 1.002350000000000E+003,-6.684760000000000E-011, 1.236720000000000E-015
 9.122560000000000E-004, 3.194750000000000E-004, 1.683160000000000E-022, 1.224810000000000E+000, 3.516460000000000E+004, 1.000000000000000E+002, 1.002350000000000E+003,-5.683950000000000E-011,-4.852390000000000E-015
 9.225810000000000E-004, 3.221780000000000E-004, 2.091220000000000E-022, 1.224810000000000E+000, 3.516460000000000E+004, 1.000000000000000E+002, 1.002350000000000E+003,-4.630950000000000E-011, 3.167790000000000E-015
 9.329050000000000E-004, 3.248810000000000E-004,-7.631570000000000E-022, 1.224810000000000E+000, 3.516460000000000E+004, 1.000000000000000E+002, 1.002350000000000E+003,-7.663229999999999E-011,-6.381000000000000E-015
 9.432290000000000E-004, 3.275830000000000E-004, 1.497970000000000E-022, 1.224810000000000E+000, 3.516460000000000E+004, 1.000000000000000E+002, 1.002350000000000E+003,-6.846920000000000E-011,-8.258420000000000E-016
 9.535540000000000E-004, 3.302860000000000E-004,-6.797310000000001E-023, 1.224810000000000E+000, 3.516460000000000E+004, 1.000000000000000E+002, 1.002350000000000E+003,-5.655260000000000E-011,-1.278040000000000E-015
 9.638780000000000E-004, 3.329890000000000E-004, 1.518580000000000E-021, 1.224810000000000E+000, 3.516460000000000E+004, 1.000000000000000E+002, 1.002350000000000E+003, 2.613730000000000E-010,-1.089560000000000E-015
 9.742030000000000E-004, 3.356920000000000E-004,-2.712040000000000E-023, 1.224810000000000E+000, 3.516460000000000E+004, 1.000000000000000E+002, 1.002350000000000E+003,-5.316420000000000E-009,-2.746480000000000E-015
 9.845270000000000E-004, 3.383950000000000E-004, 4.060620000000000E-022, 1.224810000000000E+000, 3.516460000000000E+004, 1.000000000000000E+002, 1.002350000000000E+003, 1.050450000000000E-007,-2.677190000000000E-015
 9.948520000000001E-004, 3.410980000000000E-004, 1.651910000000000E-021, 1.224800000000000E+000, 3.516470000000000E+004, 1.000010000000000E+002, 1.002350000000000E+003,-5.027720000000000E-006,-4.028580000000000E-015
-1.537960000000000E-005, 7.374950000000000E-005, 5.349050000000000E-017, 1.225400000000000E+000, 3.525820000000000E+004, 1.002180000000000E+002, 1.002150000000000E+003, 3.717550000000000E-001, 8.135570000000000E-013
-5.073280000000000E-006, 7.631290000000001E-005, 3.512030000000000E-019, 1.507870000000000E+000, 5.248250000000000E+004, 1.212310000000000E+002, 9.785640000000000E+002, 5.234820000000000E+001, 1.066520000000000E-009
 5.233210000000000E-006, 7.887640000000000E-005, 3.191400000000000E-018, 1.916750000000000E+000, 7.616330000000000E+004, 1.384030000000000E+002, 9.685540000000000E+002, 1.177820000000000E+002,-3.175700000000000E-010
 1.553990000000000E-005, 8.144000000000001E-005, 5.400900000000000E-017, 1.920910000000000E+000, 7.523370000000000E+004, 1.364170000000000E+002, 9.736360000000000E+002, 1.161520000000000E+002,-3.828250000000000E-010
 2.584680000000000E-005, 8.400360000000000E-005,-3.724810000000000E-022, 1.731720000000000E+000, 6.283050000000000E+004, 1.263740000000000E+002, 9.859130000000000E+002, 8.865970000000000E+001,-7.645780000000000E-011
 3.615380000000000E-005, 8.656720000000000E-005,-5.870510000000000E-023, 1.386700000000000E+000, 4.340820000000000E+004, 1.090320000000000E+002, 9.997329999999999E+002, 3.186450000000000E+001,-9.105690000000000E-012
 4.646100000000000E-005, 8.913090000000000E-005, 4.249170000000000E-023, 1.232300000000000E+000, 3.555840000000000E+004, 1.005050000000000E+002, 1.002590000000000E+003, 1.783310000000000E+000,-3.291570000000000E-013
 5.676830000000000E-005, 9.169459999999999E-005, 4.064490000000000E-023, 1.224880000000000E+000, 3.517050000000000E+004, 1.000110000000000E+002, 1.002360000000000E+003, 4.226650000000000E-002,-2.077980000000000E-014
 6.707570000000000E-005, 9.425830000000000E-005,-1.755160000000000E-022, 1.224810000000000E+000, 3.516470000000000E+004, 1.000000000000000E+002, 1.002350000000000E+003, 1.963570000000000E-003,-3.426810000000000E-014
 7.738320000000000E-005, 9.682210000000000E-005, 4.503250000000000E-023, 1.224810000000000E+000, 3.516460000000000E+004, 1.000000000000000E+002, 1.002350000000000E+003, 3.686760000000000E-005, 2.991580000000000E-014
 8.769080000000000E-005, 9.938590000000001E-005, 1.801970000000000E-022, 1.224810000000000E+000, 3.516460000000000E+004, 1.000000000000000E+002, 1.002350000000000E+003, 3.827430000000000E-007,-9.793620000000000E-015
 9.799850000000000E-005, 1.019500000000000E-004, 1.101840000000000E-022, 1.224810000000000E+000, 3.516460000000000E+004, 1.000000000000000E+002, 1.002350000000000E+003, 4.767170000000000E-009, 1.406450000000000E-014
 1.083060000000000E-004, 1.045140000000000E-004, 3.654170000000000E-022, 1.224810000000000E+000, 3.516460000000000E+004, 1.000000000000000E+002, 1.002350000000000E+003,-2.758550000000000E-010, 4.372210000000000E-015
 1.186140000000000E-004, 1.070770000000000E-004,-8.157450000000000E-023, 1.224810000000000E+000, 3.516460000000000E+004, 1.000000000000000E+002, 1.002350000000000E+003,-7.616720000000000E-010, 1.905670000000000E-014
 1.289220000000000E-004, 1.096410000000000E-004, 7.439480000000000E-023, 1.224810000000000E+000, 3.516460000000000E+004, 1.000000000000000E+002, 1.002350000000000E+003,-9.634870000000000E-010,-9.238580000000000E-016
 1.392300000000000E-004, 1.122050000000000E-004,-3.489950000000000E-022, 1.224810000000000E+000, 3.516460000000000E+004, 1.000000000000000E+002, 1.002350000000000E+003,-1.104320000000000E-009, 2.030200000000000E-014
 1.495380000000000E-004, 1.147690000000000E-004, 2.005820000000000E-022, 1.224810000000000E+000, 3.516460000000000E+004, 1.000000000000000E+002, 1.002350000000000E+003,-1.135810000000000E-009,-5.860360000000000E-015
 1.598460000000000E-004, 1.173330000000000E-004, 7.091750000000000E-023, 1.224810000000000E+000, 3.516460000000000E+004, 1.000000000000000E+002, 1.002350000000000E+003,-1.006270000000000E-009,-1.285390000000000E-014
 1.701540000000000E-004, 1.198970000000000E-004,-6.447790000000001E-023, 1.224810000000000E+000, 3.516460000000000E+004, 1.000000000000000E+002, 1.002350000000000E+003,-8.709450000000000E-010,-7.874290000000000E-015
 1.804630000000000E-004, 1.224610000000000E-004, 1.345110000000000E-022, 1.224810000000000E+000, 3.516460000000000E+004, 1.000000000000000E+002, 1.002350000000000E+003,-7.437340000000000E-010,-1.275010000000000E-014
 1.907710000000000E-004, 1.250250000000000E-004, 3.663270000000000E-022, 1.224810000000000E+000, 3.516460000000000E+004, 1.000000000000000E+002, 1.002350000000000E+003,-6.600340000000000E-010,-8.553000000000000E-015
 2.010790000000000E-004, 1.275890000000000E-004,-2.885840000000000E-022, 1.224810000000000E+000, 3.516460000000000E+004, 1.000000000000000E+002, 1.002350000000000E+003,-5.841410000000000E-010,-2.124270000000000E-014
 2.113870000000000E-004, 1.301530000000000E-004,-8.318770000000001E-024, 1.224810000000000E+000, 3.516460000000000E+004, 1.000000000000000E+002, 1.002350000000000E+003,-5.143640000000000E-010, 9.371440000000000E-015
 2.216960000000000E-004, 1.327170000000000E-004,-1.327900000000000E-022, 1.224810000000000E+000, 3.516460000000000E+004, 1.000000000000000E+002, 1.002350000000000E+003,-4.706490000000000E-010,-5.553440000000000E-015
 2.320040000000000E-004, 1.352810000000000E-004, 2.633620000000000E-025, 1.224810000000000E+000, 3.516460000000000E+004, 1.000000000000000E+002, 1.002350000000000E+003,-4.311800000000000E-010, 3.601340000000000E-015
 2.423130000000000E-004, 1.378450000000000E-004, 2.966460000000000E-023, 1.224810000000000E+000, 3.516460000000000E+004, 1.000000000000000E+002, 1.002350000000000E+003,-3.996560000000000E-010, 2.690770000000000E-015
 2.526210000000000E-004, 1.404090000000000E-004,-6.549670000000001E-023, 1.224810000000000E+000, 3.516460000000000E+004, 1.000000000000000E+002, 1.002350000000000E+003,-3.896500000000000E-010,-3.059160000000000E-016
 2.629290000000000E-004, 1.429730000000000E-004, 3.420320000000000E-022, 1.224810000000000E+000, 3.516460000000000E+004, 1.000000000000000E+002, 1.002350000000000E+003,-3.716260000000000E-010, 2.650280000000000E-014
 2.732380000000000E-004, 1.455370000000000E-004, 2.591740000000000E-022, 1.224810000000000E+000, 3.516460000000000E+004, 1.000000000000000E+002, 1.002350000000000E+003,-3.364850000000000E-010,-1.202730000000000E-014
 2.835470000000000E-004, 1.481010000000000E-004,-1.707050000000000E-022, 1.224810000000000E+000, 3.516460000000000E+004, 1.000000000000000E+002, 1.002350000000000E+003,-3.242790000000000E-010, 2.698520000000000E-014
 2.938550000000000E-004, 1.506650000000000E-004, 7.889100000000000E-023, 1.224810000000000E+000, 3.516460000000000E+004, 1.000000000000000E+002, 1.002350000000000E+003,-3.098020000000000E-010, 3.484130000000000E-015
 3.041640000000000E-004, 1.532290000000000E-004,-5.826720000000000E-023, 1.224810000000000E+000, 3.516460000000000E+004, 1.000000000000000E+002, 1.002350000000000E+003,-3.098300000000000E-010, 1.584730000000000E-014
 3.144720000000000E-004, 1.557930000000000E-004,-1.827870000000000E-022, 1.224810000000000E+000, 3.516460000000000E+004, 1.000000000000000E+002, 1.002350000000000E+003,-2.982570000000000E-010, 2.370110000000000E-014
 3.247810000000000E-004, 1.583570000000000E-004, 1.504140000000000E-022, 1.224810000000000E+000, 3.516460000000000E+004, 1.000000000000000E+002, 1.002350000000000E+003,-2.886430000000000E-010, 2.144760000000000E-014
 3.350890000000000E-004, 1.609210000000000E-004, 3.049150000000000E-022, 1.224810000000000E+000, 3.516460000000000E+004, 1.000000000000000E+002, 1.002350000000000E+003,-2.638560000000000E-010,-2.492940000000000E-015
 3.453980000000000E-004, 1.634850000000000E-004,-3.361250000000000E-022, 1.224810000000000E+000, 3.516460000000000E+004, 1.000000000000000E+002, 1.002350000000000E+003,-2.463620000000000E-010, 1.639110000000000E-014
 3.557070000000000E-004, 1.660490000000000E-004, 4.896200000000000E-022, 1.224810000000000E+000, 3.516460000000000E+004, 1.000000000000000E+002, 1.002350000000000E+003,-2.535140000000000E-010, 2.849250000000000E-016
 3.660150000000000E-004, 1.686140000000000E-004,-4.037880000000000E-022, 1.224810000000000E+000, 3.516460000000000E+004, 1.000000000000000E+002, 1.002350000000000E+003,-2.321130000000000E-010, 1.855690000000000E-014
 3.763240000000000E-004, 1.711780000000000E-004, 1.393370000000000E-022, 1.224810000000000E+000, 3.516460000000000E+004, 1.000000000000000E+002, 1.002350000000000E+003,-2.335500000000000E-010,-4.031980000000000E-015
 3.866330000000000E-004, 1.737420000000000E-004,-5.229670000000000E-022, 1.224810000000000E+000, 3.516460000000000E+004, 1.000000000000000E+002, 1.002350000000000E+003,-2.299710000000000E-010, 6.648320000000000E-015
 3.969420000000000E-004, 1.763060000000000E-004, 1.130220000000000E-021, 1.224810000000000E+000, 3.516460000000000E+004, 1.000000000000000E+002, 1.002350000000000E+003,-2.099160000000000E-010, 7.812500000000000E-015
 4.072500000000000E-004, 1.788700000000000E-004, 4.726020000000000E-023, 1.224810000000000E+000, 3.516460000000000E+004, 1.000000000000000E+002, 1.002350000000000E+003,-1.910130000000000E-010, 6.871520000000000E-016
 4.175590000000000E-004, 1.814340000000000E-004, 2.946830000000000E-022, 1.224810000000000E+000, 3.516460000000000E+004, 1.000000000000000E+002, 1.002350000000000E+003,-1.799220000000000E-010,-1.043470000000000E-015
 4.278680000000000E-004, 1.839980000000000E-004,-2.296830000000000E-023, 1.224810000000000E+000, 3.516460000000000E+004, 1.000000000000000E+002, 1.002350000000000E+003,-1.816090000000000E-010, 6.420170000000000E-015
 4.381770000000000E-004, 1.865620000000000E-004,-2.455370000000000E-022, 1.224810000000000E+000, 3.516460000000000E+004, 1.000000000000000E+002, 1.002350000000000E+003,-1.939700000000000E-010, 4.349600000000000E-016
 4.484850000000000E-004, 1.891260000000000E-004, 4.402360000000000E-022, 1.224810000000000E+000, 3.516460000000000E+004, 1.000000000000000E+002, 1.002350000000000E+003,-1.989020000000000E-010, 4.206520000000000E-015
 4.587940000000000E-004, 1.916900000000000E-004,-6.731310000000000E-022, 1.224810000000000E+000, 3.516460000000000E+004, 1.000000000000000E+002, 1.002350000000000E+003,-1.905320000000000E-010, 1.052990000000000E-014
 4.691030000000000E-004, 1.942550000000000E-004,-6.021960000000000E-022, 1.224810000000000E+000, 3.516460000000000E+004, 1.000000000000000E+002, 1.002350000000000E+003,-1.912950000000000E-010, 7.621040000000000E-015
 4.794120000000000E-004, 1.968190000000000E-004, 2.814140000000000E-022, 1.224810000000000E+000, 3.516460000000000E+004, 1.000000000000000E+002, 1.002350000000000E+003,-1.800620000000000E-010, 8.156780000000001E-015
 4.897210000000000E-004, 1.993830000000000E-004,-1.386190000000000E-022, 1.224810000000000E+000, 3.516460000000000E+004, 1.000000000000000E+002, 1.002350000000000E+003,-1.657230000000000E-010, 1.318560000000000E-014
 5.000290000000000E-004, 2.019470000000000E-004,-2.590560000000000E-022, 1.224810000000000E+000, 3.516460000000000E+004, 1.000000000000000E+002, 1.002350000000000E+003,-1.647610000000000E-010, 4.301690000000000E-016
 5.103380000000000E-004, 2.045110000000000E-004,-2.226490000000000E-022, 1.224810000000000E+000, 3.516460000000000E+004, 1.000000000000000E+002, 1.002350000000000E+003,-1.614540000000000E-010, 1.016550000000000E-014
 5.206470000000000E-004, 2.070750000000000E-004,-2.031320000000000E-022, 1.224810000000000E+000, 3.516460000000000E+004, 1.000000000000000E+002, 1.002350000000000E+003,-1.462670000000000E-010,-2.138190000000000E-015
 5.309560000000000E-004, 2.096390000000000E-004,-1.541460000000000E-022, 1.224810000000000E+000, 3.516460000000000E+004, 1.000000000000000E+002, 1.002350000000000E+003,-1.423370000000000E-010, 6.006470000000000E-015
 5.412650000000000E-004, 2.122030000000000E-004, 5.492980000000000E-022, 1.224810000000000E+000, 3.516460000000000E+004, 1.000000000000000E+002, 1.002350000000000E+003,-1.417500000000000E-010, 3.496620000000000E-015
 5.515740000000000E-004, 2.147680000000000E-004, 1.117430000000000E-022, 1.224810000000000E+000, 3.516460000000000E+004, 1.000000000000000E+002, 1.002350000000000E+003,-1.295760000000000E-010, 4.129800000000000E-015
 5.618830000000000E-004, 2.173320000000000E-004, 2.863990000000000E-022, 1.224810000000000E+000, 3.516460000000000E+004, 1.000000000000000E+002, 1.002350000000000E+003,-1.354570000000000E-010,-4.702140000000000E-015
 5.721910000000000E-004, 2.198960000000000E-004,-9.415820000000001E-022, 1.224810000000000E+000, 3.516460000000000E+004, 1.000000000000000E+002, 1.002350000000000E+003,-1.327000000000000E-010, 9.783099999999999E-016
 5.825000000000000E-004, 2.224600000000000E-004, 1.957510000000000E-022, 1.224810000000000E+000, 3.516460000000000E+004, 1.000000000000000E+002, 1.002350000000000E+003,-1.334320000000000E-010, 3.440210000000000E-015
 5.928090000000000E-004, 2.250240000000000E-004,-2.653810000000000E-022, 1.224810000000000E+000, 3.516460000000000E+004, 1.000000000000000E+002, 1.002350000000000E+003,-1.517530000000000E-010,-6.795010000000000E-015
 6.031180000000000E-004, 2.275880000000000E-004,-6.494500000000000E-022, 1.224810000000000E+000, 3.516460000000000E+004, 1.000000000000000E+002, 1.002350000000000E+003,-1.514600000000000E-010, 1.049770000000000E-014
 6.134270000000000E-004, 2.301520000000000E-004,-8.987199999999999E-022, 1.224810000000000E+000, 3.516460000000000E+004, 1.000000000000000E+002, 1.002350000000000E+003,-1.465710000000000E-010,-8.652600000000000E-015
 6.237360000000000E-004, 2.327170000000000E-004, 5.569330000000000E-022, 1.224810000000000E+000, 3.516460000000000E+004, 1.000000000000000E+002, 1.002350000000000E+003,-1.387100000000000E-010, 8.417880000000000E-015
 6.340450000000000E-004, 2.352810000000000E-004,-7.994480000000000E-024, 1.224810000000000E+000, 3.516460000000000E+004, 1.000000000000000E+002, 1.002350000000000E+003,-1.390560000000000E-010,-9.975300000000001E-016
 6.443540000000000E-004, 2.378450000000000E-004, 5.610150000000000E-022, 1.224810000000000E+000, 3.516460000000000E+004, 1.000000000000000E+002, 1.002350000000000E+003,-1.346990000000000E-010, 8.418800000000000E-015
 6.546630000000000E-004, 2.404090000000000E-004, 1.732470000000000E-022, 1.224810000000000E+000, 3.516460000000000E+004, 1.000000000000000E+002, 1.002350000000000E+003,-1.320910000000000E-010,-8.512520000000001E-015
 6.649720000000000E-004, 2.429730000000000E-004, 8.301570000000000E-023, 1.224810000000000E+000, 3.516460000000000E+004, 1.000000000000000E+002, 1.002350000000000E+003,-1.299130000000000E-010, 1.240030000000000E-014
 6.752810000000000E-004, 2.455370000000000E-004, 3.103740000000000E-022, 1.224810000000000E+000, 3.516460000000000E+004, 1.000000000000000E+002, 1.002350000000000E+003,-1.201420000000000E-010,-5.269540000000000E-015
 6.855900000000000E-004, 2.481010000000000E-004,-3.658150000000000E-025, 1.224810000000000E+000, 3.516460000000000E+004, 1.000000000000000E+002, 1.002350000000000E+003,-1.160150000000000E-010, 7.815170000000000E-015
 6.958980000000000E-004, 2.506660000000000E-004,-1.177170000000000E-022, 1.224810000000000E+000, 3.516460000000000E+004, 1.000000000000000E+002, 1.002350000000000E+003,-1.239370000000000E-010,-9.814800000000000E-015
 7.062070000000000E-004, 2.532300000000000E-004,-3.243510000000000E-022, 1.224810000000000E+000, 3.516460000000000E+004, 1.000000000000000E+002, 1.002350000000000E+003,-1.168380000000000E-010, 1.028690000000000E-014
 7.165160000000000E-004, 2.557940000000000E-004, 1.614210000000000E-021, 1.224810000000000E+000, 3.516460000000000E+004, 1.000000000000000E+002, 1.002350000000000E+003,-1.073380000000000E-010,-2.492900000000000E-015
 7.268250000000000E-004, 2.583580000000000E-004,-4.481520000000000E-022, 1.224810000000000E+000, 3.516460000000000E+004, 1.000000000000000E+002, 1.002350000000000E+003,-1.004240000000000E-010, 4.307340000000000E-015
 7.371340000000000E-004, 2.609220000000000E-004,-6.542460000000000E-022, 1.224810000000000E+000, 3.516460000000000E+004, 1.000000000000000E+002, 1.002350000000000E+003,-9.398650000000000E-011, 1.009760000000000E-014
 7.474430000000000E-004, 2.634860000000000E-004,-8.138210000000001E-023, 1.224810000000000E+000, 3.516460000000000E+004, 1.000000000000000E+002, 1.002350000000000E+003,-9.461670000000000E-011, 1.920380000000000E-015
 7.577520000000000E-004, 2.660510000000000E-004,-4.245850000000000E-022, 1.224810000000000E+000, 3.516460000000000E+004, 1.000000000000000E+002, 1.002350000000000E+003,-9.632750000000000E-011, 4.525690000000000E-015
 7.680610000000000E-004, 2.686150000000000E-004,-2.541890000000000E-022, 1.224810000000000E+000, 3.516460000000000E+004, 1.000000000000000E+002, 1.002350000000000E+003,-8.948750000000000E-011,-6.689950000000000E-017
 7.783700000000000E-004, 2.711790000000000E-004,-9.318970000000000E-023, 1.224810000000000E+000, 3.516460000000000E+004, 1.000000000000000E+002, 1.002350000000000E+003,-9.280680000000000E-011,-4.909430000000000E-017
 7.886790000000000E-004, 2.737430000000000E-004,-8.751129999999999E-022, 1.224810000000000E+000, 3.516460000000000E+004, 1.000000000000000E+002, 1.002350000000000E+003,-9.658150000000000E-011,-4.464040000000000E-017
 7.989880000000000E-004, 2.763070000000000E-004,-2.859320000000000E-022, 1.224810000000000E+000, 3.516460000000000E+004, 1.000000000000000E+002, 1.002350000000000E+003,-9.457020000000000E-011,-5.348710000000000E-015
 8.092969999999999E-004, 2.788710000000000E-004,-1.295670000000000E-021, 1.224810000000000E+000, 3.516460000000000E+004, 1.000000000000000E+002, 1.002350000000000E+003,-7.995800000000000E-011, 3.817580000000000E-015
 8.196060000000000E-004, 2.814360000000000E-004, 4.796770000000000E-024, 1.224810000000000E+000, 3.516460000000000E+004, 1.000000000000000E+002, 1.002350000000000E+003,-8.529059999999999E-011,-7.854520000000000E-015
 8.299150000000000E-004, 2.840000000000000E-004, 5.862930000000000E-022, 1.224810000000000E+000, 3.516460000000000E+004, 1.000000000000000E+002, 1.002350000000000E+003,-8.666300000000000E-011,-3.678530000000000E-016
 8.402240000000000E-004, 2.865640000000000E-004,-1.577910000000000E-022, 1.224810000000000E+000, 3.516460000000000E+004, 1.000000000000000E+002, 1.002350000000000E+003,-8.150190000000000E-011,-4.464080000000000E-015
 8.505330000000000E-004, 2.891280000000000E-004, 6.233790000000000E-022, 1.224810000000000E+000, 3.516460000000000E+004, 1.000000000000000E+002, 1.002350000000000E+003,-7.958450000000000E-011, 5.325200000000000E-016
 8.608420000000000E-004, 2.916920000000000E-004,-6.645300000000000E-022, 1.224810000000000E+000, 3.516460000000000E+004, 1.000000000000000E+002, 1.002350000000000E+003,-8.715930000000000E-011,-4.039560000000000E-015
 8.711510000000000E-004, 2.942560000000000E-004, 7.684000000000000E-023, 1.224810000000000E+000, 3.516460000000000E+004, 1.000000000000000E+002, 1.002350000000000E+003,-8.234900000000000E-011, 3.680320000000000E-015
 8.814600000000000E-004, 2.968210000000000E-004, 3.431830000000000E-022, 1.224810000000000E+000, 3.516460000000000E+004, 1.000000000000000E+002, 1.002350000000000E+003,-7.106540000000000E-011, 1.669940000000000E-015
 8.917690000000000E-004, 2.993850000000000E-004,-1.839440000000000E-022, 1.224810000000000E+000, 3.516460000000000E+004, 1.000000000000000E+002, 1.002350000000000E+003,-7.689160000000000E-011, 2.233000000000000E-015
 9.020780000000000E-004, 3.019490000000000E-004,-3.074350000000000E-022, 1.224810000000000E+000, 3.516460000000000E+004, 1.000000000000000E+002, 1.002350000000000E+003,-6.927240000000000E-011, 5.012840000000000E-015
 9.123870000000000E-004, 3.045130000000000E-004,-1.500360000000000E-022, 1.224810000000000E+000, 3.516460000000000E+004, 1.000000000000000E+002, 1.002350000000000E+003,-7.128120000000001E-011, 4.461450000000000E-015
 9.226960000000000E-004, 3.070770000000000E-004, 5.861770000000000E-023, 1.224810000000000E+000, 3.516460000000000E+004, 1.000000000000000E+002, 1.002350000000000E+003,-6.335680000000000E-011, 1.309970000000000E-015
 9.330050000000000E-004, 3.096410000000000E-004,-2.981130000000000E-022, 1.224810000000000E+000, 3.516460000000000E+004, 1.000000000000000E+002, 1.002350000000000E+003,-6.693410000000000E-011, 1.378700000000000E-015
 9.433140000000000E-004, 3.122060000000000E-004,-1.373150000000000E-021, 1.224810000000000E+000, 3.516460000000000E+004, 1.000000000000000E+002, 1.002350000000000E+003,-7.422110000000000E-011, 2.674820000000000E-015
 9.536230000000000E-004, 3.147700000000000E-004,-5.661340000000000E-022, 1.224810000000000E+000, 3.516460000000000E+004, 1.000000000000000E+002, 1.002350000000000E+003,-7.130150000000000E-011, 4.229740000000000E-015
 9.639320000000000E-004, 3.173340000000000E-004,-3.875610000000000E-022, 1.224810000000000E+000, 3.516460000000000E+004, 1.000000000000000E+002, 1.002350000000000E+003, 2.534740000000000E-010, 2.152910000000000E-015
 9.742410000000000E-004, 3.198980000000000E-004, 4.116530000000000E-023, 1.224810000000000E+000, 3.516460000000000E+004, 1.000000000000000E+002, 1.002350000000000E+003,-8.642350000000000E-009, 1.526110000000000E-015
 9.845500000000001E-004, 3.224620000000000E-004,-2.214700000000000E-022, 1.224810000000000E+000, 3.516460000000000E+004, 1.000000000000000E+002, 1.002350000000000E+003, 1.307090000000000E-007, 9.658950000000001E-016
 9.948590000000001E-004, 3.250270000000000E-004,-2.039490000000000E-023, 1.224800000000000E+000, 3.516470000000000E+004, 1.000010000000000E+002, 1.002350000000000E+003,-4.490370000000000E-006,-1.871570000000000E-018
-1.393580000000000E-005, 7.139500000000000E-005,-7.505950000000000E-018, 1.668520000000000E+000, 6.487950000000000E+004, 1.354380000000000E+002, 9.636440000000000E+002, 7.242749999999999E+001, 4.574060000000000E-010
-3.644150000000000E-006, 7.382670000000000E-005,-5.211020000000000E-017, 2.663050000000000E+000, 1.448390000000000E+005, 1.894400000000000E+002, 8.933350000000000E+002, 2.251000000000000E+002, 3.039050000000000E-009
 6.647700000000000E-006, 7.625850000000000E-005, 5.281480000000000E-018, 2.962870000000000E+000, 1.595820000000000E+005, 1.876010000000000E+002, 9.217890000000000E+002, 2.492730000000000E+002, 2.813590000000000E-010
 1.693970000000000E-005, 7.869030000000000E-005, 2.215440000000000E-023, 2.890280000000000E+000, 1.490720000000000E+005, 1.796470000000000E+002, 9.391609999999999E+002, 2.388270000000000E+002, 5.205290000000000E-011
 2.723200000000000E-005, 8.112209999999999E-005,-1.006740000000000E-023, 2.760940000000000E+000, 1.317170000000000E+005, 1.661690000000000E+002, 9.630420000000000E+002, 2.130080000000000E+002, 6.640460000000000E-012
 3.752430000000000E-005, 8.355400000000001E-005, 2.127240000000000E-022, 2.387220000000000E+000, 1.000150000000000E+005, 1.459280000000000E+002, 9.859490000000000E+002, 1.658820000000000E+002, 6.672580000000000E-013
 4.781690000000000E-005, 8.598600000000000E-005, 2.603920000000000E-023, 1.718900000000000E+000, 5.992430000000000E+004, 1.214270000000000E+002, 1.000990000000000E+003, 8.379910000000000E+001,-1.006620000000000E-013
 5.810950000000000E-005, 8.841790000000000E-005, 5.136920000000000E-023, 1.276600000000000E+000, 3.765650000000000E+004, 1.027420000000000E+002, 1.003700000000000E+003, 1.052500000000000E+001, 1.153520000000000E-013
 6.840229999999999E-005, 9.084990000000001E-005,-1.487230000000000E-022, 1.225530000000000E+000, 3.520440000000000E+004, 1.000540000000000E+002, 1.002410000000000E+003, 1.816240000000000E-001,-1.854950000000000E-013
 7.869510000000000E-005, 9.328190000000000E-005, 1.895580000000000E-022, 1.224820000000000E+000, 3.516490000000000E+004, 1.000010000000000E+002, 1.002350000000000E+003, 2.837710000000000E-003, 1.383370000000000E-013
 8.898810000000000E-005, 9.571400000000000E-005,-1.713310000000000E-022, 1.224810000000000E+000, 3.516460000000000E+004, 1.000000000000000E+002, 1.002350000000000E+003, 4.309060000000000E-005,-8.446430000000000E-014
 9.928120000000000E-005, 9.814600000000001E-005, 1.462440000000000E-022, 1.224810000000000E+000, 3.516460000000000E+004, 1.000000000000000E+002, 1.002350000000000E+003, 6.729950000000000E-007, 2.779560000000000E-014
 1.095740000000000E-004, 1.005780000000000E-004,-1.313000000000000E-022, 1.224810000000000E+000, 3.516460000000000E+004, 1.000000000000000E+002, 1.002350000000000E+003, 8.786630000000000E-008,-1.011560000000000E-014
 1.198670000000000E-004, 1.030100000000000E-004, 2.401810000000000E-023, 1.224810000000000E+000, 3.516460000000000E+004, 1.000000000000000E+002, 1.002350000000000E+003, 3.355450000000000E-008, 2.724040000000000E-014
 1.301610000000000E-004, 1.054420000000000E-004,-1.113560000000000E-022, 1.224810000000000E+000, 3.516460000000000E+004, 1.000000000000000E+002, 1.002350000000000E+003, 1.422230000000000E-008,-6.775040000000000E-015
 1.404540000000000E-004, 1.078740000000000E-004,-7.032910000000000E-023, 1.224810000000000E+000, 3.516460000000000E+004, 1.000000000000000E+002, 1.002350000000000E+003, 5.801660000000000E-009, 9.556939999999999E-015
 1.507470000000000E-004, 1.103070000000000E-004,-1.440630000000000E-022, 1.224810000000000E+000, 3.516460000000000E+004, 1.000000000000000E+002, 1.002350000000000E+003, 2.300680000000000E-009, 1.804770000000000E-014
 1.610410000000000E-004, 1.127390000000000E-004, 3.427440000000000E-022, 1.224810000000000E+000, 3.516460000000000E+004, 1.000000000000000E+002, 1.002350000000000E+003, 7.633530000000000E-010,-1.701130000000000E-015
 1.713340000000000E-004, 1.151710000000000E-004,-2.409980000000000E-022, 1.224810000000000E+000, 3.516460000000000E+004, 1.000000000000000E+002, 1.002350000000000E+003, 8.710620000000000E-011, 1.534040000000000E-014
 1.816280000000000E-004, 1.176030000000000E-004, 2.994990000000000E-022, 1.224810000000000E+000, 3.516460000000000E+004, 1.000000000000000E+002, 1.002350000000000E+003,-2.137910000000000E-010,-2.933670000000000E-015
 1.919220000000000E-004, 1.200350000000000E-004, 5.150350000000000E-024, 1.224810000000000E+000, 3.516460000000000E+004, 1.000000000000000E+002, 1.002350000000000E+003,-3.754010000000000E-010, 9.265780000000000E-015
 2.022150000000000E-004, 1.224680000000000E-004, 2.690230000000000E-022, 1.224810000000000E+000, 3.516460000000000E+004, 1.000000000000000E+002, 1.002350000000000E+003,-4.706550000000000E-010,-9.946340000000001E-015
 2.125090000000000E-004, 1.249000000000000E-004,-2.533080000000000E-022, 1.224810000000000E+000, 3.516460000000000E+004, 1.000000000000000E+002, 1.002350000000000E+003,-5.257180000000000E-010,-1.016580000000000E-014
 2.228030000000000E-004, 1.273320000000000E-004,-3.306190000000000E-023, 1.224810000000000E+000, 3.516460000000000E+004, 1.000000000000000E+002, 1.002350000000000E+003,-5.336720000000000E-010, 6.322310000000000E-015
 2.330960000000000E-004, 1.297640000000000E-004, 5.768320000000000E-022, 1.224810000000000E+000, 3.516460000000000E+004, 1.000000000000000E+002, 1.002350000000000E+003,-4.879670000000000E-010,-2.806130000000000E-014
 2.433900000000000E-004, 1.321960000000000E-004,-1.449570000000000E-022, 1.224810000000000E+000, 3.516460000000000E+004, 1.000000000000000E+002, 1.002350000000000E+003,-4.375700000000000E-010, 4.931430000000000E-015
 2.536840000000000E-004, 1.346290000000000E-004, 2.661500000000000E-022, 1.224810000000000E+000, 3.516460000000000E+004, 1.000000000000000E+002, 1.002350000000000E+003,-3.916770000000000E-010,-1.099050000000000E-014
 2.639780000000000E-004, 1.370610000000000E-004,-1.095650000000000E-023, 1.224810000000000E+000, 3.516460000000000E+004, 1.000000000000000E+002, 1.002350000000000E+003,-3.588200000000000E-010,-5.856130000000000E-016
 2.742710000000000E-004, 1.394930000000000E-004, 1.727150000000000E-022, 1.224810000000000E+000, 3.516460000000000E+004, 1.000000000000000E+002, 1.002350000000000E+003,-3.431950000000000E-010, 9.907180000000000E-015
 2.845650000000000E-004, 1.419260000000000E-004,-1.629320000000000E-023, 1.224810000000000E+000, 3.516460000000000E+004, 1.000000000000000E+002, 1.002350000000000E+003,-3.286710000000000E-010,-1.452930000000000E-014
 2.948590000000000E-004, 1.443580000000000E-004, 2.928510000000000E-023, 1.224810000000000E+000, 3.516460000000000E+004, 1.000000000000000E+002, 1.002350000000000E+003,-3.198320000000000E-010, 7.274540000000000E-015
 3.051530000000000E-004, 1.467900000000000E-004,-2.783930000000000E-022, 1.224810000000000E+000, 3.516460000000000E+004, 1.000000000000000E+002, 1.002350000000000E+003,-3.195520000000000E-010,-6.651160000000000E-016
 3.154470000000000E-004, 1.492220000000000E-004,-1.851850000000000E-022, 1.224810000000000E+000, 3.516460000000000E+004, 1.000000000000000E+002, 1.002350000000000E+003,-3.066660000000000E-010,-3.112450000000000E-016
 3.257410000000000E-004, 1.516550000000000E-004, 7.182950000000000E-022, 1.224810000000000E+000, 3.516460000000000E+004, 1.000000000000000E+002, 1.002350000000000E+003,-2.948300000000000E-010, 1.547460000000000E-014
 3.360350000000000E-004, 1.540870000000000E-004,-2.206680000000000E-023, 1.224810000000000E+000, 3.516460000000000E+004, 1.000000000000000E+002, 1.002350000000000E+003,-2.827530000000000E-010, 6.738440000000000E-015
 3.463290000000000E-004, 1.565190000000000E-004, 7.498570000000000E-022, 1.224810000000000E+000, 3.516460000000000E+004, 1.000000000000000E+002, 1.002350000000000E+003,-2.791140000000000E-010, 1.429050000000000E-014
 3.566230000000000E-004, 1.589520000000000E-004, 1.467930000000000E-023, 1.224810000000000E+000, 3.516460000000000E+004, 1.000000000000000E+002, 1.002350000000000E+003,-2.608840000000000E-010, 1.013700000000000E-014
 3.669170000000000E-004, 1.613840000000000E-004, 1.155930000000000E-022, 1.224810000000000E+000, 3.516460000000000E+004, 1.000000000000000E+002, 1.002350000000000E+003,-2.530140000000000E-010, 7.532680000000001E-015
 3.772110000000000E-004, 1.638160000000000E-004, 1.366180000000000E-022, 1.224810000000000E+000, 3.516460000000000E+004, 1.000000000000000E+002, 1.002350000000000E+003,-2.487670000000000E-010, 4.657870000000000E-016
 3.875050000000000E-004, 1.662490000000000E-004, 2.554580000000000E-022, 1.224810000000000E+000, 3.516460000000000E+004, 1.000000000000000E+002, 1.002350000000000E+003,-2.490760000000000E-010, 2.366510000000000E-015
 3.977990000000000E-004, 1.686810000000000E-004,-2.831860000000000E-022, 1.224810000000000E+000, 3.516460000000000E+004, 1.000000000000000E+002, 1.002350000000000E+003,-2.543690000000000E-010,-5.374400000000000E-015
 4.080930000000000E-004, 1.711130000000000E-004, 2.209690000000000E-023, 1.224810000000000E+000, 3.516460000000000E+004, 1.000000000000000E+002, 1.002350000000000E+003,-2.544220000000000E-010,-1.694660000000000E-016
 4.183870000000000E-004, 1.735460000000000E-004,-7.992080000000000E-023, 1.224810000000000E+000, 3.516460000000000E+004, 1.000000000000000E+002, 1.002350000000000E+003,-2.452550000000000E-010,-1.029920000000000E-014
 4.286810000000000E-004, 1.759780000000000E-004, 1.392860000000000E-021, 1.224810000000000E+000, 3.516460000000000E+004, 1.000000000000000E+002, 1.002350000000000E+003,-2.357130000000000E-010,-7.155560000000001E-015
 4.389760000000000E-004, 1.784100000000000E-004, 5.961090000000000E-022, 1.224810000000000E+000, 3.516460000000000E+004, 1.000000000000000E+002, 1.002350000000000E+003,-2.209880000000000E-010,-3.899870000000000E-015
 4.492700000000000E-004, 1.808430000000000E-004, 2.323090000000000E-022, 1.224810000000000E+000, 3.516460000000000E+004, 1.000000000000000E+002, 1.002350000000000E+003,-2.188310000000000E-010,-4.008180000000000E-015
 4.595640000000000E-004, 1.832750000000000E-004, 4.453660000000000E-022, 1.224810000000000E+000, 3.516460000000000E+004, 1.000000000000000E+002, 1.002350000000000E+003,-2.030460000000000E-010,-9.790610000000001E-015
 4.698580000000000E-004, 1.857070000000000E-004,-4.602650000000000E-022, 1.224810000000000E+000, 3.516460000000000E+004, 1.000000000000000E+002, 1.002350000000000E+003,-1.946100000000000E-010, 6.496960000000000E-015
 4.801520000000000E-004, 1.881400000000000E-004,-4.907190000000000E-022, 1.224810000000000E+000, 3.516460000000000E+004, 1.000000000000000E+002, 1.002350000000000E+003,-2.028400000000000E-010,-6.632700000000000E-015
 4.904460000000000E-004, 1.905720000000000E-004,-6.458980000000000E-022, 1.224810000000000E+000, 3.516460000000000E+004, 1.000000000000000E+002, 1.002350000000000E+003,-1.885100000000000E-010, 7.181560000000001E-015
 5.007400000000000E-004, 1.930040000000000E-004,-4.100570000000000E-022, 1.224810000000000E+000, 3.516460000000000E+004, 1.000000000000000E+002, 1.002350000000000E+003,-1.676660000000000E-010,-7.097980000000000E-015
 5.110350000000000E-004, 1.954370000000000E-004, 6.545260000000000E-023, 1.224810000000000E+000, 3.516460000000000E+004, 1.000000000000000E+002, 1.002350000000000E+003,-1.750140000000000E-010, 4.650470000000000E-015
 5.213290000000000E-004, 1.978690000000000E-004, 6.077930000000000E-022, 1.224810000000000E+000, 3.516460000000000E+004, 1.000000000000000E+002, 1.002350000000000E+003,-1.822490000000000E-010, 2.973730000000000E-015
 5.316229999999999E-004, 2.003010000000000E-004, 2.880940000000000E-022, 1.224810000000000E+000, 3.516460000000000E+004, 1.000000000000000E+002, 1.002350000000000E+003,-1.754160000000000E-010,-1.307220000000000E-015
 5.419170000000000E-004, 2.027340000000000E-004, 3.679030000000000E-022, 1.224810000000000E+000, 3.516460000000000E+004, 1.000000000000000E+002, 1.002350000000000E+003,-1.784640000000000E-010,-2.895150000000000E-015
 5.522110000000000E-004, 2.051660000000000E-004,-5.300500000000000E-022, 1.224810000000000E+000, 3.516460000000000E+004, 1.000000000000000E+002, 1.002350000000000E+003,-1.873970000000000E-010,-3.593100000000000E-015
 5.625060000000001E-004, 2.075980000000000E-004,-9.467980000000000E-022, 1.224810000000000E+000, 3.516460000000000E+004, 1.000000000000000E+002, 1.002350000000000E+003,-1.791380000000000E-010,-2.890000000000000E-015
 5.728000000000000E-004, 2.100310000000000E-004,-6.066720000000000E-022, 1.224810000000000E+000, 3.516460000000000E+004, 1.000000000000000E+002, 1.002350000000000E+003,-1.771490000000000E-010, 4.220130000000000E-015
 5.830940000000000E-004, 2.124630000000000E-004,-5.695500000000000E-022, 1.224810000000000E+000, 3.516460000000000E+004, 1.000000000000000E+002, 1.002350000000000E+003,-1.632290000000000E-010, 4.374680000000000E-016
 5.933880000000000E-004, 2.148950000000000E-004,-1.593780000000000E-022, 1.224810000000000E+000, 3.516460000000000E+004, 1.000000000000000E+002, 1.002350000000000E+003,-1.445100000000000E-010, 3.239070000000000E-015
 6.036830000000000E-004, 2.173280000000000E-004,-8.074160000000000E-024, 1.224810000000000E+000, 3.516460000000000E+004, 1.000000000000000E+002, 1.002350000000000E+003,-1.338040000000000E-010, 8.091590000000000E-016
 6.139770000000000E-004, 2.197600000000000E-004, 1.779980000000000E-022, 1.224810000000000E+000, 3.516460000000000E+004, 1.000000000000000E+002, 1.002350000000000E+003,-1.375850000000000E-010, 2.617720000000000E-016
 6.242710000000000E-004, 2.221930000000000E-004,-1.375060000000000E-022, 1.224810000000000E+000, 3.516460000000000E+004, 1.000000000000000E+002, 1.002350000000000E+003,-1.566830000000000E-010, 2.725480000000000E-015
 6.345650000000000E-004, 2.246250000000000E-004,-5.070850000000000E-022, 1.224810000000000E+000, 3.516460000000000E+004, 1.000000000000000E+002, 1.002350000000000E+003,-1.467940000000000E-010, 5.568740000000000E-016
 6.448600000000000E-004, 2.270570000000000E-004, 2.665440000000000E-022, 1.224810000000000E+000, 3.516460000000000E+004, 1.000000000000000E+002, 1.002350000000000E+003,-1.434610000000000E-010, 1.205810000000000E-014
 6.551540000000000E-004, 2.294900000000000E-004, 1.040520000000000E-022, 1.224810000000000E+000, 3.516460000000000E+004, 1.000000000000000E+002, 1.002350000000000E+003,-1.326860000000000E-010, 4.546660000000000E-016
 6.654480000000000E-004, 2.319220000000000E-004, 2.393150000000000E-022, 1.224810000000000E+000, 3.516460000000000E+004, 1.000000000000000E+002, 1.002350000000000E+003,-1.084270000000000E-010, 1.398640000000000E-014
 6.757420000000000E-004, 2.343540000000000E-004,-8.382300000000000E-022, 1.224810000000000E+000, 3.516460000000000E+004, 1.000000000000000E+002, 1.002350000000000E+003,-9.933940000000001E-011, 8.764279999999999E-017
 6.860370000000000E-004, 2.367870000000000E-004,-4.437600000000000E-023, 1.224810000000000E+000, 3.516460000000000E+004, 1.000000000000000E+002, 1.002350000000000E+003,-1.186240000000000E-010, 7.227520000000000E-015
 6.963310000000000E-004, 2.392190000000000E-004, 2.967530000000000E-022, 1.224810000000000E+000, 3.516460000000000E+004, 1.000000000000000E+002, 1.002350000000000E+003,-1.135510000000000E-010,-9.699839999999999E-016
 7.066250000000000E-004, 2.416520000000000E-004, 3.057470000000000E-022, 1.224810000000000E+000, 3.516460000000000E+004, 1.000000000000000E+002, 1.002350000000000E+003,-1.316560000000000E-010, 4.788430000000000E-015
 7.169200000000000E-004, 2.440840000000000E-004, 4.678570000000000E-022, 1.224810000000000E+000, 3.516460000000000E+004, 1.000000000000000E+002, 1.002350000000000E+003,-1.411890000000000E-010,-2.217740000000000E-015
 7.272140000000000E-004, 2.465160000000000E-004,-2.908990000000000E-023, 1.224810000000000E+000, 3.516460000000000E+004, 1.000000000000000E+002, 1.002350000000000E+003,-1.166080000000000E-010, 1.015400000000000E-015
 7.375080000000000E-004, 2.489490000000000E-004,-5.479530000000000E-022, 1.224810000000000E+000, 3.516460000000000E+004, 1.000000000000000E+002, 1.002350000000000E+003,-1.081530000000000E-010,-9.227110000000000E-016
 7.478020000000000E-004, 2.513810000000000E-004,-4.938020000000000E-022, 1.224810000000000E+000, 3.516460000000000E+004, 1.000000000000000E+002, 1.002350000000000E+003,-1.015490000000000E-010, 3.603050000000000E-015
 7.580970000000000E-004, 2.538140000000000E-004, 6.362620000000000E-023, 1.224810000000000E+000, 3.516460000000000E+004, 1.000000000000000E+002, 1.002350000000000E+003,-1.083320000000000E-010,-1.410470000000000E-015
 7.683910000000000E-004, 2.562460000000000E-004,-3.534450000000000E-022, 1.224810000000000E+000, 3.516460000000000E+004, 1.000000000000000E+002, 1.002350000000000E+003,-1.005770000000000E-010, 5.520850000000000E-015
 7.786850000000000E-004, 2.586780000000000E-004,-5.631380000000000E-022, 1.224810000000000E+000, 3.516460000000000E+004, 1.000000000000000E+002, 1.002350000000000E+003,-1.015980000000000E-010,-6.146380000000000E-015
 7.889800000000000E-004, 2.611110000000000E-004,-2.186480000000000E-022, 1.224810000000000E+000, 3.516460000000000E+004, 1.000000000000000E+002, 1.002350000000000E+003,-1.024830000000000E-010, 1.489650000000000E-014
 7.992740000000000E-004, 2.635430000000000E-004, 1.165730000000000E-022, 1.224810000000000E+000, 3.516460000000000E+004, 1.000000000000000E+002, 1.002350000000000E+003,-9.896900000000000E-011,-6.064560000000000E-015
 8.095680000000000E-004, 2.659760000000000E-004,-6.516110000000000E-022, 1.224810000000000E+000, 3.516460000000000E+004, 1.000000000000000E+002, 1.002350000000000E+003,-1.037620000000000E-010, 1.042140000000000E-014
 8.198630000000000E-004, 2.684080000000000E-004,-2.073570000000000E-022, 1.224810000000000E+000, 3.516460000000000E+004, 1.000000000000000E+002, 1.002350000000000E+003,-1.016890000000000E-010, 5.334380000000000E-015
 8.301570000000000E-004, 2.708400000000000E-004,-1.648570000000000E-022, 1.224810000000000E+000, 3.516460000000000E+004, 1.000000000000000E+002, 1.002350000000000E+003,-9.408410000000000E-011, 2.074110000000000E-016
 8.404510000000000E-004, 2.732730000000000E-004, 2.414430000000000E-022, 1.224810000000000E+000, 3.516460000000000E+004, 1.000000000000000E+002, 1.002350000000000E+003,-9.165210000000000E-011,-4.739320000000000E-015
 8.507460000000000E-004, 2.757050000000000E-004, 4.652420000000000E-024, 1.224810000000000E+000, 3.516460000000000E+004, 1.000000000000000E+002, 1.002350000000000E+003,-8.833120000000000E-011, 6.418960000000000E-015
 8.610400000000000E-004, 2.781370000000000E-004, 1.413510000000000E-022, 1.224810000000000E+000, 3.516460000000000E+004, 1.000000000000000E+002, 1.002350000000000E+003,-8.754890000000000E-011, 1.473540000000000E-015
 8.713340000000000E-004, 2.805700000000000E-004,-1.194370000000000E-022, 1.224810000000000E+000, 3.516460000000000E+004, 1.000000000000000E+002, 1.002350000000000E+003,-8.410320000000000E-011,-3.188000000000000E-015
 8.816290000000000E-004, 2.830020000000000E-004,-2.543130000000000E-022, 1.224810000000000E+000, 3.516460000000000E+004, 1.000000000000000E+002, 1.002350000000000E+003,-8.579960000000001E-011, 1.761840000000000E-015
 8.919230000000000E-004, 2.854350000000000E-004, 4.132920000000000E-022, 1.224810000000000E+000, 3.516460000000000E+004, 1.000000000000000E+002, 1.002350000000000E+003,-8.601860000000000E-011,-2.496240000000000E-015
 9.022170000000000E-004, 2.878670000000000E-004,-1.793730000000000E-022, 1.224810000000000E+000, 3.516460000000000E+004, 1.000000000000000E+002, 1.002350000000000E+003,-7.496280000000001E-011, 7.062470000000000E-016
 9.125120000000000E-004, 2.902990000000000E-004,-4.518290000000000E-022, 1.224810000000000E+000, 3.516460000000000E+004, 1.000000000000000E+002, 1.002350000000000E+003,-7.269339999999999E-011,-5.592660000000000E-015
 9.228060000000000E-004, 2.927320000000000E-004, 2.011150000000000E-022, 1.224810000000000E+000, 3.516460000000000E+004, 1.000000000000000E+002, 1.002350000000000E+003,-7.824610000000000E-011,-2.429460000000000E-015
 9.331000000000000E-004, 2.951640000000000E-004,-2.060150000000000E-022, 1.224810000000000E+000, 3.516460000000000E+004, 1.000000000000000E+002, 1.002350000000000E+003,-7.075459999999999E-011,-4.665450000000000E-015
 9.433950000000000E-004, 2.975970000000000E-004, 1.131950000000000E-022, 1.224810000000000E+000, 3.516460000000000E+004, 1.000000000000000E+002, 1.002350000000000E+003,-8.136530000000000E-011,-3.319250000000000E-015
 9.536890000000000E-004, 3.000290000000000E-004, 2.754340000000000E-022, 1.224810000000000E+000, 3.516460000000000E+004, 1.000000000000000E+002, 1.002350000000000E+003,-8.775350000000000E-011,-1.638480000000000E-015
 9.639840000000000E-004, 3.024610000000000E-004, 1.135450000000000E-022, 1.224810000000000E+000, 3.516460000000000E+004, 1.000000000000000E+002, 1.002350000000000E+003, 2.354050000000000E-010,-3.454140000000000E-016
 9.742780000000000E-004, 3.048940000000000E-004,-2.713490000000000E-023, 1.224810000000000E+000, 3.516460000000000E+004, 1.000000000000000E+002, 1.002350000000000E+003,-7.525569999999999E-009,-5.686960000000000E-018
 9.845720000000000E-004, 3.073260000000000E-004, 4.167020000000000E-022, 1.224810000000000E+000, 3.516460000000000E+004, 1.000000000000000E+002, 1.002350000000000E+003, 1.160230000000000E-007, 3.124550000000000E-018
 9.948670000000000E-004, 3.097590000000000E-004,-5.484300000000000E-023, 1.224800000000000E+000, 3.516470000000000E+004, 1.000010000000000E+002, 1.002350000000000E+003,-4.708140000000000E-006,-2.111570000000000E-018
-1.256420000000000E-005, 6.915830000000000E-005,-1.445710000000000E-023, 2.871430000000000E+000, 1.820880000000000E+005, 2.208750000000000E+002, 8.446360000000000E+002, 2.511300000000000E+002,-7.509210000000001E-011
-2.286500000000000E-006, 7.146490000000000E-005, 2.358480000000000E-023, 3.074200000000000E+000, 2.042290000000000E+005, 2.313920000000000E+002, 8.499040000000000E+002, 3.151820000000000E+002, 3.159820000000000E-010
 7.991430000000000E-006, 7.377150000000000E-005,-6.615350000000000E-023, 2.987050000000000E+000, 1.920510000000000E+005, 2.239430000000000E+002, 8.825060000000000E+002, 3.046510000000000E+002, 1.372190000000000E-010
 1.826960000000000E-005, 7.607810000000001E-005,-1.249770000000000E-023, 2.850610000000000E+000, 1.701740000000000E+005, 2.079310000000000E+002, 9.205710000000000E+002, 2.821610000000000E+002, 2.875550000000000E-011
 2.854790000000000E-005, 7.838480000000000E-005, 3.200370000000000E-022, 2.730770000000000E+000, 1.470090000000000E+005, 1.875090000000000E+002, 9.509460000000000E+002, 2.588940000000000E+002, 2.088480000000000E-012
 3.882630000000000E-005, 8.069150000000000E-005, 1.504200000000000E-022, 2.608370000000000E+000, 1.246920000000000E+005, 1.665070000000000E+002, 9.777890000000000E+002, 2.223050000000000E+002,-1.188740000000000E-012
 4.910490000000000E-005, 8.299830000000000E-005, 6.742570000000000E-023, 2.372170000000000E+000, 9.953420000000000E+004, 1.461470000000000E+002, 9.971270000000000E+002, 1.702290000000000E+002,-8.945920000000000E-013
 5.938370000000000E-005, 8.530510000000000E-005, 1.410080000000000E-023, 1.820870000000000E+000, 6.449900000000000E+004, 1.233780000000000E+002, 1.006570000000000E+003, 9.687649999999999E+001,-4.737480000000000E-015
 6.966250000000001E-005, 8.761189999999999E-005, 7.999219999999999E-023, 1.313490000000000E+000, 3.925240000000000E+004, 1.040890000000000E+002, 1.005000000000000E+003, 1.716570000000000E+001,-4.843690000000000E-013
 7.994149999999999E-005, 8.991880000000000E-005, 8.031770000000000E-023, 1.226790000000000E+000, 3.526030000000000E+004, 1.001100000000000E+002, 1.002490000000000E+003, 4.134780000000000E-001, 3.628950000000000E-013
 9.022049999999999E-005, 9.222559999999999E-005, 5.256240000000000E-022, 1.224820000000000E+000, 3.516510000000000E+004, 1.000010000000000E+002, 1.002350000000000E+003, 3.505510000000000E-003,-1.948460000000000E-013
 1.005000000000000E-004, 9.453250000000000E-005,-3.445630000000000E-023, 1.224810000000000E+000, 3.516460000000000E+004, 1.000000000000000E+002, 1.002350000000000E+003, 5.625340000000000E-005, 4.980810000000000E-014
 1.107790000000000E-004, 9.683940000000000E-005,-4.788550000000000E-022, 1.224810000000000E+000, 3.516460000000000E+004, 1.000000000000000E+002, 1.002350000000000E+003, 7.141470000000000E-006,-1.205350000000000E-014
 1.210580000000000E-004, 9.914640000000000E-005,-1.922250000000000E-022, 1.224810000000000E+000, 3.516460000000000E+004, 1.000000000000000E+002, 1.002350000000000E+003, 3.257190000000000E-006, 2.204040000000000E-014
 1.313370000000000E-004, 1.014530000000000E-004, 1.111780000000000E-022, 1.224810000000000E+000, 3.516460000000000E+004, 1.000000000000000E+002, 1.002350000000000E+003, 1.622720000000000E-006, 3.847880000000000E-014
 1.416170000000000E-004, 1.037600000000000E-004,-1.348020000000000E-023, 1.224810000000000E+000, 3.516460000000000E+004, 1.000000000000000E+002, 1.002350000000000E+003, 7.628469999999999E-007,-4.519300000000000E-014
 1.518960000000000E-004, 1.060670000000000E-004, 8.309669999999999E-024, 1.224810000000000E+000, 3.516460000000000E+004, 1.000000000000000E+002, 1.002350000000000E+003, 3.387360000000000E-007, 5.105320000000000E-014
 1.621760000000000E-004, 1.083740000000000E-004,-3.336100000000000E-023, 1.224810000000000E+000, 3.516460000000000E+004, 1.000000000000000E+002, 1.002350000000000E+003, 1.462580000000000E-007,-2.336830000000000E-014
 1.724550000000000E-004, 1.106810000000000E-004,-5.134950000000000E-024, 1.224810000000000E+000, 3.516460000000000E+004, 1.000000000000000E+002, 1.002350000000000E+003, 6.341200000000000E-008, 4.284240000000000E-014
 1.827350000000000E-004, 1.129880000000000E-004, 5.806940000000000E-023, 1.224810000000000E+000, 3.516460000000000E+004, 1.000000000000000E+002, 1.002350000000000E+003, 2.813710000000000E-008,-2.931940000000000E-014
 1.930150000000000E-004, 1.152950000000000E-004, 7.468870000000000E-024, 1.224810000000000E+000, 3.516460000000000E+004, 1.000000000000000E+002, 1.002350000000000E+003, 1.280560000000000E-008, 3.338180000000000E-014
 2.032940000000000E-004, 1.176020000000000E-004, 4.609680000000000E-022, 1.224810000000000E+000, 3.516460000000000E+004, 1.000000000000000E+002, 1.002350000000000E+003, 5.948200000000000E-009,-2.207970000000000E-014
 2.135740000000000E-004, 1.199090000000000E-004,-6.152330000000000E-022, 1.224810000000000E+000, 3.516460000000000E+004, 1.000000000000000E+002, 1.002350000000000E+003, 2.809640000000000E-009,-6.935540000000000E-015
 2.238540000000000E-004, 1.222160000000000E-004, 3.129710000000000E-022, 1.224810000000000E+000, 3.516460000000000E+004, 1.000000000000000E+002, 1.002350000000000E+003, 1.308370000000000E-009, 6.628190000000000E-015
 2.341340000000000E-004, 1.245230000000000E-004, 1.566360000000000E-023, 1.224810000000000E+000, 3.516460000000000E+004, 1.000000000000000E+002, 1.002350000000000E+003, 5.507910000000000E-010,-5.249390000000000E-016
 2.444140000000000E-004, 1.268310000000000E-004,-3.050770000000000E-022, 1.224810000000000E+000, 3.516460000000000E+004, 1.000000000000000E+002, 1.002350000000000E+003, 1.619780000000000E-010,-3.088800000000000E-015
 2.546930000000000E-004, 1.291380000000000E-004,-4.189770000000000E-022, 1.224810000000000E+000, 3.516460000000000E+004, 1.000000000000000E+002, 1.002350000000000E+003,-6.864360000000001E-011, 1.556870000000000E-014
 2.649730000000000E-004, 1.314450000000000E-004, 3.695700000000000E-022, 1.224810000000000E+000, 3.516460000000000E+004, 1.000000000000000E+002, 1.002350000000000E+003,-2.093980000000000E-010,-2.161470000000000E-014
 2.752530000000000E-004, 1.337520000000000E-004,-3.695560000000000E-022, 1.224810000000000E+000, 3.516460000000000E+004, 1.000000000000000E+002, 1.002350000000000E+003,-2.866290000000000E-010, 4.244620000000000E-015
 2.855330000000000E-004, 1.360590000000000E-004, 4.306680000000000E-022, 1.224810000000000E+000, 3.516460000000000E+004, 1.000000000000000E+002, 1.002350000000000E+003,-3.254290000000000E-010,-1.925040000000000E-015
 2.958130000000000E-004, 1.383660000000000E-004, 2.478050000000000E-022, 1.224810000000000E+000, 3.516460000000000E+004, 1.000000000000000E+002, 1.002350000000000E+003,-3.461850000000000E-010,-5.381260000000000E-015
 3.060930000000000E-004, 1.406730000000000E-004,-9.753589999999999E-023, 1.224810000000000E+000, 3.516460000000000E+004, 1.000000000000000E+002, 1.002350000000000E+003,-3.793710000000000E-010, 7.473710000000000E-015
 3.163730000000000E-004, 1.429800000000000E-004, 3.540930000000000E-022, 1.224810000000000E+000, 3.516460000000000E+004, 1.000000000000000E+002, 1.002350000000000E+003,-3.936970000000000E-010, 1.517080000000000E-015
 3.266530000000000E-004, 1.452870000000000E-004, 2.354880000000000E-023, 1.224810000000000E+000, 3.516460000000000E+004, 1.000000000000000E+002, 1.002350000000000E+003,-3.763150000000000E-010, 4.177240000000000E-015
 3.369330000000000E-004, 1.475940000000000E-004, 1.470100000000000E-022, 1.224810000000000E+000, 3.516460000000000E+004, 1.000000000000000E+002, 1.002350000000000E+003,-3.531660000000000E-010,-8.485670000000000E-015
 3.472130000000000E-004, 1.499010000000000E-004, 2.627870000000000E-023, 1.224810000000000E+000, 3.516460000000000E+004, 1.000000000000000E+002, 1.002350000000000E+003,-3.272300000000000E-010,-2.684300000000000E-015
 3.574930000000000E-004, 1.522090000000000E-004,-2.509670000000000E-023, 1.224810000000000E+000, 3.516460000000000E+004, 1.000000000000000E+002, 1.002350000000000E+003,-3.090580000000000E-010,-3.861830000000000E-016
 3.677730000000000E-004, 1.545160000000000E-004,-1.991770000000000E-022, 1.224810000000000E+000, 3.516460000000000E+004, 1.000000000000000E+002, 1.002350000000000E+003,-3.034740000000000E-010, 9.793760000000000E-015
 3.780540000000000E-004, 1.568230000000000E-004, 3.551180000000000E-023, 1.224810000000000E+000, 3.516460000000000E+004, 1.000000000000000E+002, 1.002350000000000E+003,-2.883300000000000E-010,-2.725150000000000E-015
 3.883340000000000E-004, 1.591300000000000E-004,-1.099450000000000E-022, 1.224810000000000E+000, 3.516460000000000E+004, 1.000000000000000E+002, 1.002350000000000E+003,-2.728720000000000E-010, 7.429960000000001E-015
 3.986140000000000E-004, 1.614370000000000E-004, 1.536010000000000E-022, 1.224810000000000E+000, 3.516460000000000E+004, 1.000000000000000E+002, 1.002350000000000E+003,-2.661440000000000E-010, 3.007310000000000E-015
 4.088940000000000E-004, 1.637440000000000E-004, 9.689020000000000E-023, 1.224810000000000E+000, 3.516460000000000E+004, 1.000000000000000E+002, 1.002350000000000E+003,-2.468990000000000E-010, 3.493190000000000E-015
 4.191740000000000E-004, 1.660510000000000E-004, 4.742710000000000E-022, 1.224810000000000E+000, 3.516460000000000E+004, 1.000000000000000E+002, 1.002350000000000E+003,-2.440440000000000E-010, 1.785810000000000E-014
 4.294540000000000E-004, 1.683590000000000E-004, 3.366330000000000E-023, 1.224810000000000E+000, 3.516460000000000E+004, 1.000000000000000E+002, 1.002350000000000E+003,-2.422350000000000E-010, 1.979170000000000E-015
 4.397350000000000E-004, 1.706660000000000E-004,-6.328210000000000E-023, 1.224810000000000E+000, 3.516460000000000E+004, 1.000000000000000E+002, 1.002350000000000E+003,-2.316100000000000E-010, 1.350780000000000E-014
 4.500150000000000E-004, 1.729730000000000E-004,-4.529580000000000E-022, 1.224810000000000E+000, 3.516460000000000E+004, 1.000000000000000E+002, 1.002350000000000E+003,-2.364180000000000E-010, 9.375690000000000E-015
 4.602950000000000E-004, 1.752800000000000E-004, 2.146700000000000E-022, 1.224810000000000E+000, 3.516460000000000E+004, 1.000000000000000E+002, 1.002350000000000E+003,-2.422060000000000E-010, 1.286090000000000E-014
 4.705750000000000E-004, 1.775870000000000E-004,-6.988199999999999E-024, 1.224810000000000E+000, 3.516460000000000E+004, 1.000000000000000E+002, 1.002350000000000E+003,-2.299930000000000E-010, 6.944050000000000E-015
 4.808550000000000E-004, 1.798940000000000E-004, 8.048580000000000E-023, 1.224810000000000E+000, 3.516460000000000E+004, 1.000000000000000E+002, 1.002350000000000E+003,-2.115040000000000E-010, 6.339710000000000E-015
 4.911360000000000E-004, 1.822020000000000E-004,-7.468460000000000E-022, 1.224810000000000E+000, 3.516460000000000E+004, 1.000000000000000E+002, 1.002350000000000E+003,-2.026720000000000E-010, 4.078020000000000E-015
 5.014160000000000E-004, 1.845090000000000E-004,-4.337390000000000E-022, 1.224810000000000E+000, 3.516460000000000E+004, 1.000000000000000E+002, 1.002350000000000E+003,-1.913900000000000E-010, 1.407860000000000E-014
 5.116960000000000E-004, 1.868160000000000E-004,-1.039730000000000E-022, 1.224810000000000E+000, 3.516460000000000E+004, 1.000000000000000E+002, 1.002350000000000E+003,-1.885050000000000E-010, 5.893530000000000E-015
 5.219760000000000E-004, 1.891230000000000E-004,-4.594230000000000E-022, 1.224810000000000E+000, 3.516460000000000E+004, 1.000000000000000E+002, 1.002350000000000E+003,-1.965710000000000E-010, 8.282430000000000E-015
 5.322570000000000E-004, 1.914300000000000E-004,-3.670240000000000E-023, 1.224810000000000E+000, 3.516460000000000E+004, 1.000000000000000E+002, 1.002350000000000E+003,-1.902370000000000E-010,-2.271440000000000E-015
 5.425370000000001E-004, 1.937370000000000E-004,-3.678230000000000E-022, 1.224810000000000E+000, 3.516460000000000E+004, 1.000000000000000E+002, 1.002350000000000E+003,-1.950830000000000E-010, 2.135920000000000E-015
 5.528170000000000E-004, 1.960450000000000E-004, 1.167200000000000E-022, 1.224810000000000E+000, 3.516460000000000E+004, 1.000000000000000E+002, 1.002350000000000E+003,-1.977450000000000E-010, 2.773310000000000E-015
 5.630970000000000E-004, 1.983520000000000E-004,-5.221440000000000E-024, 1.224810000000000E+000, 3.516460000000000E+004, 1.000000000000000E+002, 1.002350000000000E+003,-1.836530000000000E-010,-5.344080000000000E-015
 5.733780000000000E-004, 2.006590000000000E-004, 2.814250000000000E-022, 1.224810000000000E+000, 3.516460000000000E+004, 1.000000000000000E+002, 1.002350000000000E+003,-1.780570000000000E-010, 2.426750000000000E-015
 5.836580000000000E-004, 2.029660000000000E-004, 1.565160000000000E-022, 1.224810000000000E+000, 3.516460000000000E+004, 1.000000000000000E+002, 1.002350000000000E+003,-1.721090000000000E-010, 9.801019999999999E-016
 5.939380000000000E-004, 2.052730000000000E-004,-4.191070000000000E-022, 1.224810000000000E+000, 3.516460000000000E+004, 1.000000000000000E+002, 1.002350000000000E+003,-1.653530000000000E-010,-4.488880000000000E-016
 6.042190000000000E-004, 2.075800000000000E-004,-1.230980000000000E-023, 1.224810000000000E+000, 3.516460000000000E+004, 1.000000000000000E+002, 1.002350000000000E+003,-1.537150000000000E-010, 6.468850000000000E-016
 6.144990000000000E-004, 2.098880000000000E-004,-3.426300000000000E-022, 1.224810000000000E+000, 3.516460000000000E+004, 1.000000000000000E+002, 1.002350000000000E+003,-1.492170000000000E-010,-1.266740000000000E-015
 6.247790000000000E-004, 2.121950000000000E-004, 5.200110000000000E-022, 1.224810000000000E+000, 3.516460000000000E+004, 1.000000000000000E+002, 1.002350000000000E+003,-1.360660000000000E-010,-7.961590000000000E-016
 6.350600000000000E-004, 2.145020000000000E-004, 4.802370000000000E-022, 1.224810000000000E+000, 3.516460000000000E+004, 1.000000000000000E+002, 1.002350000000000E+003,-1.479210000000000E-010,-8.704660000000000E-016
 6.453400000000000E-004, 2.168090000000000E-004, 3.924240000000000E-022, 1.224810000000000E+000, 3.516460000000000E+004, 1.000000000000000E+002, 1.002350000000000E+003,-1.557510000000000E-010,-2.239820000000000E-015
 6.556200000000000E-004, 2.191160000000000E-004, 5.257200000000000E-022, 1.224810000000000E+000, 3.516460000000000E+004, 1.000000000000000E+002, 1.002350000000000E+003,-1.503380000000000E-010, 2.403340000000000E-015
 6.659010000000000E-004, 2.214240000000000E-004, 7.055610000000000E-024, 1.224810000000000E+000, 3.516460000000000E+004, 1.000000000000000E+002, 1.002350000000000E+003,-1.510070000000000E-010,-5.580950000000000E-015
 6.761810000000000E-004, 2.237310000000000E-004,-4.477860000000000E-022, 1.224810000000000E+000, 3.516460000000000E+004, 1.000000000000000E+002, 1.002350000000000E+003,-1.531040000000000E-010, 7.036800000000000E-015
 6.864610000000000E-004, 2.260380000000000E-004, 1.667950000000000E-022, 1.224810000000000E+000, 3.516460000000000E+004, 1.000000000000000E+002, 1.002350000000000E+003,-1.376500000000000E-010, 6.736980000000000E-016
 6.967420000000000E-004, 2.283450000000000E-004,-1.138480000000000E-023, 1.224810000000000E+000, 3.516460000000000E+004, 1.000000000000000E+002, 1.002350000000000E+003,-1.173270000000000E-010, 1.105430000000000E-014
 7.070220000000000E-004, 2.306520000000000E-004,-1.230370000000000E-022, 1.224810000000000E+000, 3.516460000000000E+004, 1.000000000000000E+002, 1.002350000000000E+003,-9.867200000000000E-011,-4.899620000000000E-015
 7.173020000000000E-004, 2.329600000000000E-004,-8.037290000000000E-022, 1.224810000000000E+000, 3.516460000000000E+004, 1.000000000000000E+002, 1.002350000000000E+003,-1.079440000000000E-010, 1.231210000000000E-014
 7.275830000000000E-004, 2.352670000000000E-004, 6.141440000000000E-023, 1.224810000000000E+000, 3.516460000000000E+004, 1.000000000000000E+002, 1.002350000000000E+003,-1.177720000000000E-010, 4.890820000000000E-015
 7.378630000000000E-004, 2.375740000000000E-004,-3.578150000000000E-022, 1.224810000000000E+000, 3.516460000000000E+004, 1.000000000000000E+002, 1.002350000000000E+003,-1.319540000000000E-010, 2.876300000000000E-015
 7.481440000000000E-004, 2.398810000000000E-004,-1.164260000000000E-021, 1.224810000000000E+000, 3.516460000000000E+004, 1.000000000000000E+002, 1.002350000000000E+003,-1.261770000000000E-010, 8.996749999999999E-015
 7.584239999999999E-004, 2.421880000000000E-004, 5.187330000000000E-022, 1.224810000000000E+000, 3.516460000000000E+004, 1.000000000000000E+002, 1.002350000000000E+003,-1.329910000000000E-010, 3.095360000000000E-015
 7.687040000000000E-004, 2.444960000000000E-004,-4.831430000000000E-022, 1.224810000000000E+000, 3.516460000000000E+004, 1.000000000000000E+002, 1.002350000000000E+003,-1.352660000000000E-010, 1.724960000000000E-015
 7.789850000000001E-004, 2.468030000000000E-004, 3.277640000000000E-022, 1.224810000000000E+000, 3.516460000000000E+004, 1.000000000000000E+002, 1.002350000000000E+003,-1.364880000000000E-010,-8.573320000000000E-016
 7.892650000000000E-004, 2.491100000000000E-004, 6.420210000000000E-022, 1.224810000000000E+000, 3.516460000000000E+004, 1.000000000000000E+002, 1.002350000000000E+003,-1.236090000000000E-010, 4.654350000000000E-015
 7.995460000000000E-004, 2.514170000000000E-004,-8.542090000000000E-023, 1.224810000000000E+000, 3.516460000000000E+004, 1.000000000000000E+002, 1.002350000000000E+003,-1.058830000000000E-010,-7.657700000000000E-015
 8.098260000000000E-004, 2.537240000000000E-004,-1.506320000000000E-021, 1.224810000000000E+000, 3.516460000000000E+004, 1.000000000000000E+002, 1.002350000000000E+003,-1.020510000000000E-010, 8.320700000000000E-015
 8.201060000000000E-004, 2.560320000000000E-004,-1.099660000000000E-022, 1.224810000000000E+000, 3.516460000000000E+004, 1.000000000000000E+002, 1.002350000000000E+003,-1.029970000000000E-010,-4.969570000000000E-016
 8.303870000000000E-004, 2.583390000000000E-004,-4.408890000000000E-022, 1.224810000000000E+000, 3.516460000000000E+004, 1.000000000000000E+002, 1.002350000000000E+003,-1.110630000000000E-010, 7.892330000000000E-015
 8.406670000000000E-004, 2.606460000000000E-004,-9.696150000000000E-022, 1.224810000000000E+000, 3.516460000000000E+004, 1.000000000000000E+002, 1.002350000000000E+003,-1.098090000000000E-010,-3.500890000000000E-015
 8.509480000000000E-004, 2.629530000000000E-004,-5.153010000000000E-022, 1.224810000000000E+000, 3.516460000000000E+004, 1.000000000000000E+002, 1.002350000000000E+003,-9.976660000000000E-011, 9.163090000000000E-015
 8.612280000000000E-004, 2.652600000000000E-004, 4.592280000000000E-022, 1.224810000000000E+000, 3.516460000000000E+004, 1.000000000000000E+002, 1.002350000000000E+003,-9.028800000000000E-011,-1.563300000000000E-015
 8.715080000000000E-004, 2.675680000000000E-004,-1.561280000000000E-022, 1.224810000000000E+000, 3.516460000000000E+004, 1.000000000000000E+002, 1.002350000000000E+003,-9.698800000000000E-011, 1.914960000000000E-014
 8.817890000000000E-004, 2.698750000000000E-004, 2.458440000000000E-022, 1.224810000000000E+000, 3.516460000000000E+004, 1.000000000000000E+002, 1.002350000000000E+003,-1.065930000000000E-010,-3.227250000000000E-015
 8.920690000000000E-004, 2.721820000000000E-004,-3.172400000000000E-022, 1.224810000000000E+000, 3.516460000000000E+004, 1.000000000000000E+002, 1.002350000000000E+003,-1.073960000000000E-010, 1.384100000000000E-014
 9.023500000000000E-004, 2.744890000000000E-004, 1.585060000000000E-024, 1.224810000000000E+000, 3.516460000000000E+004, 1.000000000000000E+002, 1.002350000000000E+003,-1.211530000000000E-010, 5.045320000000000E-015
 9.126300000000000E-004, 2.767970000000000E-004, 4.331700000000000E-022, 1.224810000000000E+000, 3.516460000000000E+004, 1.000000000000000E+002, 1.002350000000000E+003,-1.202800000000000E-010, 1.272450000000000E-014
 9.229110000000000E-004, 2.791040000000000E-004,-4.991690000000000E-022, 1.224810000000000E+000, 3.516460000000000E+004, 1.000000000000000E+002, 1.002350000000000E+003,-1.033620000000000E-010, 5.047760000000000E-015
 9.331910000000000E-004, 2.814110000000000E-004,-6.594850000000000E-022, 1.224810000000000E+000, 3.516460000000000E+004, 1.000000000000000E+002, 1.002350000000000E+003,-8.957060000000000E-011, 1.138090000000000E-014
 9.434710000000000E-004, 2.837180000000000E-004, 6.377380000000000E-023, 1.224810000000000E+000, 3.516460000000000E+004, 1.000000000000000E+002, 1.002350000000000E+003,-8.758810000000001E-011, 2.431290000000000E-015
 9.537520000000000E-004, 2.860250000000000E-004, 6.253900000000000E-022, 1.224810000000000E+000, 3.516460000000000E+004, 1.000000000000000E+002, 1.002350000000000E+003,-8.785710000000000E-011, 2.734060000000000E-016
 9.640320000000000E-004, 2.883330000000000E-004,-5.672560000000000E-022, 1.224810000000000E+000, 3.516460000000000E+004, 1.000000000000000E+002, 1.002350000000000E+003, 2.330970000000000E-010,-8.197940000000000E-016
 9.743130000000000E-004, 2.906400000000000E-004,-3.132770000000000E-022, 1.224810000000000E+000, 3.516460000000000E+004, 1.000000000000000E+002, 1.002350000000000E+003,-7.081870000000000E-009,-1.547040000000000E-015
 9.845930000000000E-004, 2.929470000000000E-004, 4.533200000000000E-022, 1.224810000000000E+000, 3.516460000000000E+004, 1.000000000000000E+002, 1.002350000000000E+003, 1.147580000000000E-007,-2.086370000000000E-015
 9.948740000000000E-004, 2.952540000000000E-004,-3.675180000000000E-022, 1.224800000000000E+000, 3.516470000000000E+004, 1.000010000000000E+002, 1.002350000000000E+003,-4.739810000000000E-006, 6.707530000000001E-017
-1.126130000000000E-005, 6.703350000000000E-005, 1.070170000000000E-022, 3.362720000000000E+000, 2.563280000000000E+005, 2.655030000000000E+002, 7.959580000000000E+002, 3.344290000000000E+002, 8.969010000000000E-012
-9.967740000000001E-007, 6.922110000000000E-005, 1.629980000000000E-022, 3.077060000000000E+000, 2.275030000000000E+005, 2.575230000000000E+002, 8.148700000000000E+002, 3.387470000000000E+002, 2.071100000000000E-011
 9.267939999999999E-006, 7.140880000000001E-005, 2.111830000000000E-023, 2.605000000000000E+000, 1.782330000000000E+005, 2.383110000000000E+002, 8.665069999999999E+002, 2.922240000000000E+002, 2.832710000000000E-011
 1.953280000000000E-005, 7.359660000000001E-005, 9.419800000000000E-023, 2.234170000000000E+000, 1.368200000000000E+005, 2.133030000000000E+002, 9.243339999999999E+002, 2.405410000000000E+002, 2.803400000000000E-012
 2.979790000000000E-005, 7.578440000000001E-005, 2.226440000000000E-024, 2.220520000000000E+000, 1.223000000000000E+005, 1.918390000000000E+002, 9.498950000000000E+002, 2.262810000000000E+002,-7.649040000000001E-012
 4.006320000000000E-005, 7.797220000000001E-005,-8.357620000000000E-023, 2.330820000000000E+000, 1.172050000000000E+005, 1.751470000000000E+002, 9.844860000000000E+002, 2.089720000000000E+002,-8.796190000000001E-012
 5.032860000000000E-005, 8.016000000000001E-005, 5.212400000000000E-024, 2.328800000000000E+000, 1.050640000000000E+005, 1.571390000000000E+002, 9.984370000000000E+002, 1.923420000000000E+002,-5.801060000000000E-012
 6.059410000000000E-005, 8.234790000000000E-005,-3.515010000000000E-022, 2.165350000000000E+000, 8.617789999999999E+004, 1.386220000000000E+002, 1.009590000000000E+003, 1.514480000000000E+002,-1.831270000000000E-012
 7.085970000000000E-005, 8.453580000000000E-005,-2.543260000000000E-023, 1.737300000000000E+000, 5.956230000000000E+004, 1.194150000000000E+002, 1.010060000000000E+003, 8.436080000000000E+001,-6.729760000000000E-013
 8.112539999999999E-005, 8.672380000000000E-005, 1.178880000000000E-022, 1.307780000000000E+000, 3.885260000000000E+004, 1.034790000000000E+002, 1.004850000000000E+003, 1.555490000000000E+001, 3.444430000000000E-013
 9.139119999999999E-005, 8.891170000000000E-005, 6.317220000000000E-023, 1.226990000000000E+000, 3.526360000000000E+004, 1.001040000000000E+002, 1.002480000000000E+003, 4.301920000000000E-001,-2.996560000000000E-013
 1.016570000000000E-004, 9.109970000000000E-005,-2.304110000000000E-022, 1.224830000000000E+000, 3.516530000000000E+004, 1.000010000000000E+002, 1.002350000000000E+003, 5.606300000000000E-003, 1.124480000000000E-013
 1.119230000000000E-004, 9.328770000000000E-005,-1.858720000000000E-022, 1.224810000000000E+000, 3.516460000000000E+004, 1.000000000000000E+002, 1.002350000000000E+003, 6.955810000000000E-004,-3.591900000000000E-014
 1.221890000000000E-004, 9.547570000000000E-005, 9.956740000000000E-023, 1.224810000000000E+000, 3.516460000000000E+004, 1.000000000000000E+002, 1.002350000000000E+003, 2.389480000000000E-004,-1.230440000000000E-014
 1.324550000000000E-004, 9.766370000000000E-005,-4.069140000000000E-022, 1.224810000000000E+000, 3.516460000000000E+004, 1.000000000000000E+002, 1.002350000000000E+003, 1.030900000000000E-004, 1.045800000000000E-013
 1.427220000000000E-004, 9.985180000000001E-005,-9.200080000000000E-023, 1.224810000000000E+000, 3.516460000000000E+004, 1.000000000000000E+002, 1.002350000000000E+003, 4.584440000000000E-005,-1.356540000000000E-013
 1.529880000000000E-004, 1.020400000000000E-004, 6.755890000000000E-022, 1.224810000000000E+000, 3.516460000000000E+004, 1.000000000000000E+002, 1.002350000000000E+003, 2.109860000000000E-005, 1.388680000000000E-013
 1.632540000000000E-004, 1.042280000000000E-004, 1.127660000000000E-022, 1.224810000000000E+000, 3.516460000000000E+004, 1.000000000000000E+002, 1.002350000000000E+003, 1.022690000000000E-005,-1.351220000000000E-013
 1.735200000000000E-004, 1.064160000000000E-004,-1.378400000000000E-022, 1.224810000000000E+000, 3.516460000000000E+004, 1.000000000000000E+002, 1.002350000000000E+003, 5.212740000000000E-006, 1.583270000000000E-013
 1.837870000000000E-004, 1.086040000000000E-004,-7.437140000000000E-023, 1.224810000000000E+000, 3.516460000000000E+004, 1.000000000000000E+002, 1.002350000000000E+003, 2.746280000000000E-006,-1.349920000000000E-013
 1.940530000000000E-004, 1.107920000000000E-004,-3.177750000000000E-023, 1.224810000000000E+000, 3.516460000000000E+004, 1.000000000000000E+002, 1.002350000000000E+003, 1.465910000000000E-006, 1.016040000000000E-013
 2.043200000000000E-004, 1.129800000000000E-004, 1.592950000000000E-022, 1.224810000000000E+000, 3.516460000000000E+004, 1.000000000000000E+002, 1.002350000000000E+003, 7.813380000000000E-007,-5.957650000000000E-014
 2.145860000000000E-004, 1.151680000000000E-004,-3.974010000000000E-023, 1.224810000000000E+000, 3.516460000000000E+004, 1.000000000000000E+002, 1.002350000000000E+003, 4.127950000000000E-007, 2.625040000000000E-014
 2.248530000000000E-004, 1.173570000000000E-004, 1.195050000000000E-022, 1.224810000000000E+000, 3.516460000000000E+004, 1.000000000000000E+002, 1.002350000000000E+003, 2.161700000000000E-007,-5.932110000000000E-015
 2.351190000000000E-004, 1.195450000000000E-004,-2.609960000000000E-022, 1.224810000000000E+000, 3.516460000000000E+004, 1.000000000000000E+002, 1.002350000000000E+003, 1.129540000000000E-007, 1.261310000000000E-015
 2.453860000000000E-004, 1.217330000000000E-004,-3.857200000000000E-022, 1.224810000000000E+000, 3.516460000000000E+004, 1.000000000000000E+002, 1.002350000000000E+003, 5.940320000000000E-008, 1.503940000000000E-014
 2.556530000000000E-004, 1.239210000000000E-004, 2.123990000000000E-022, 1.224810000000000E+000, 3.516460000000000E+004, 1.000000000000000E+002, 1.002350000000000E+003, 3.165020000000000E-008,-2.386590000000000E-014
 2.659190000000000E-004, 1.261090000000000E-004, 1.559280000000000E-022, 1.224810000000000E+000, 3.516460000000000E+004, 1.000000000000000E+002, 1.002350000000000E+003, 1.710300000000000E-008, 6.138430000000000E-015
 2.761860000000000E-004, 1.282970000000000E-004,-1.889360000000000E-022, 1.224810000000000E+000, 3.516460000000000E+004, 1.000000000000000E+002, 1.002350000000000E+003, 9.387370000000000E-009,-1.637050000000000E-014
 2.864530000000000E-004, 1.304850000000000E-004, 2.209820000000000E-022, 1.224810000000000E+000, 3.516460000000000E+004, 1.000000000000000E+002, 1.002350000000000E+003, 5.211170000000000E-009, 2.200850000000000E-014
 2.967190000000000E-004, 1.326740000000000E-004, 5.439760000000000E-022, 1.224810000000000E+000, 3.516460000000000E+004, 1.000000000000000E+002, 1.002350000000000E+003, 2.909120000000000E-009,-2.445980000000000E-014
 3.069860000000000E-004, 1.348620000000000E-004, 9.206500000000000E-023, 1.224810000000000E+000, 3.516460000000000E+004, 1.000000000000000E+002, 1.002350000000000E+003, 1.638420000000000E-009, 2.625210000000000E-014
 3.172530000000000E-004, 1.370500000000000E-004, 1.524940000000000E-022, 1.224810000000000E+000, 3.516460000000000E+004, 1.000000000000000E+002, 1.002350000000000E+003, 9.125230000000000E-010,-8.886900000000000E-015
 3.275200000000000E-004, 1.392380000000000E-004,-4.319430000000000E-022, 1.224810000000000E+000, 3.516460000000000E+004, 1.000000000000000E+002, 1.002350000000000E+003, 4.609600000000000E-010, 8.903869999999999E-015
 3.377870000000000E-004, 1.414260000000000E-004, 1.623300000000000E-022, 1.224810000000000E+000, 3.516460000000000E+004, 1.000000000000000E+002, 1.002350000000000E+003, 1.787210000000000E-010, 2.505990000000000E-016
 3.480530000000000E-004, 1.436150000000000E-004,-4.660060000000000E-023, 1.224810000000000E+000, 3.516460000000000E+004, 1.000000000000000E+002, 1.002350000000000E+003, 7.237940000000000E-012, 8.498730000000000E-015
 3.583200000000000E-004, 1.458030000000000E-004, 3.150560000000000E-022, 1.224810000000000E+000, 3.516460000000000E+004, 1.000000000000000E+002, 1.002350000000000E+003,-8.829340000000000E-011,-9.151990000000001E-015
 3.685870000000000E-004, 1.479910000000000E-004, 2.883190000000000E-022, 1.224810000000000E+000, 3.516460000000000E+004, 1.000000000000000E+002, 1.002350000000000E+003,-1.528180000000000E-010, 5.635000000000000E-015
 3.788540000000000E-004, 1.501790000000000E-004, 5.852610000000000E-022, 1.224810000000000E+000, 3.516460000000000E+004, 1.000000000000000E+002, 1.002350000000000E+003,-2.045190000000000E-010,-3.742030000000000E-016
 3.891210000000000E-004, 1.523670000000000E-004,-3.560690000000000E-022, 1.224810000000000E+000, 3.516460000000000E+004, 1.000000000000000E+002, 1.002350000000000E+003,-2.498190000000000E-010,-7.225280000000001E-015
 3.993880000000000E-004, 1.545560000000000E-004, 2.120660000000000E-022, 1.224810000000000E+000, 3.516460000000000E+004, 1.000000000000000E+002, 1.002350000000000E+003,-2.783950000000000E-010, 2.425030000000000E-015
 4.096550000000000E-004, 1.567440000000000E-004,-2.946000000000000E-023, 1.224810000000000E+000, 3.516460000000000E+004, 1.000000000000000E+002, 1.002350000000000E+003,-2.860350000000000E-010,-1.353030000000000E-014
 4.199220000000000E-004, 1.589320000000000E-004, 4.493420000000000E-023, 1.224810000000000E+000, 3.516460000000000E+004, 1.000000000000000E+002, 1.002350000000000E+003,-2.987310000000000E-010,-1.574700000000000E-014
 4.301890000000000E-004, 1.611200000000000E-004,-3.771740000000000E-022, 1.224810000000000E+000, 3.516460000000000E+004, 1.000000000000000E+002, 1.002350000000000E+003,-3.040960000000000E-010,-1.414480000000000E-014
 4.404560000000000E-004, 1.633090000000000E-004, 1.294220000000000E-022, 1.224810000000000E+000, 3.516460000000000E+004, 1.000000000000000E+002, 1.002350000000000E+003,-2.911110000000000E-010,-7.706090000000000E-015
 4.507230000000000E-004, 1.654970000000000E-004, 2.712280000000000E-023, 1.224810000000000E+000, 3.516460000000000E+004, 1.000000000000000E+002, 1.002350000000000E+003,-2.867410000000000E-010,-7.977430000000000E-015
 4.609890000000000E-004, 1.676850000000000E-004, 2.004570000000000E-022, 1.224810000000000E+000, 3.516460000000000E+004, 1.000000000000000E+002, 1.002350000000000E+003,-2.885960000000000E-010,-7.125219999999999E-015
 4.712560000000000E-004, 1.698730000000000E-004,-1.198500000000000E-022, 1.224810000000000E+000, 3.516460000000000E+004, 1.000000000000000E+002, 1.002350000000000E+003,-2.742160000000000E-010,-4.831320000000000E-015
 4.815230000000000E-004, 1.720620000000000E-004,-1.647960000000000E-022, 1.224810000000000E+000, 3.516460000000000E+004, 1.000000000000000E+002, 1.002350000000000E+003,-2.573090000000000E-010,-1.783090000000000E-015
 4.917900000000000E-004, 1.742500000000000E-004, 7.327670000000000E-023, 1.224810000000000E+000, 3.516460000000000E+004, 1.000000000000000E+002, 1.002350000000000E+003,-2.330120000000000E-010,-7.451470000000000E-015
 5.020570000000000E-004, 1.764380000000000E-004,-7.084550000000000E-022, 1.224810000000000E+000, 3.516460000000000E+004, 1.000000000000000E+002, 1.002350000000000E+003,-2.173890000000000E-010,-3.803250000000000E-015
 5.123250000000000E-004, 1.786260000000000E-004,-2.866920000000000E-022, 1.224810000000000E+000, 3.516460000000000E+004, 1.000000000000000E+002, 1.002350000000000E+003,-2.121620000000000E-010,-5.671030000000000E-015
 5.225920000000000E-004, 1.808140000000000E-004, 3.302480000000000E-022, 1.224810000000000E+000, 3.516460000000000E+004, 1.000000000000000E+002, 1.002350000000000E+003,-2.166780000000000E-010,-1.025780000000000E-014
 5.328590000000000E-004, 1.830030000000000E-004,-3.903530000000000E-022, 1.224810000000000E+000, 3.516460000000000E+004, 1.000000000000000E+002, 1.002350000000000E+003,-2.198170000000000E-010, 1.547430000000000E-015
 5.431260000000000E-004, 1.851910000000000E-004, 1.297820000000000E-022, 1.224810000000000E+000, 3.516460000000000E+004, 1.000000000000000E+002, 1.002350000000000E+003,-1.998330000000000E-010, 2.473080000000000E-016
 5.533930000000000E-004, 1.873790000000000E-004, 4.477680000000000E-022, 1.224810000000000E+000, 3.516460000000000E+004, 1.000000000000000E+002, 1.002350000000000E+003,-1.961900000000000E-010,-3.356600000000000E-015
 5.636600000000000E-004, 1.895670000000000E-004,-1.482110000000000E-022, 1.224810000000000E+000, 3.516460000000000E+004, 1.000000000000000E+002, 1.002350000000000E+003,-1.948620000000000E-010,-2.315960000000000E-015
 5.739270000000000E-004, 1.917560000000000E-004,-3.666870000000000E-022, 1.224810000000000E+000, 3.516460000000000E+004, 1.000000000000000E+002, 1.002350000000000E+003,-1.897730000000000E-010,-4.093890000000000E-015
 5.841940000000000E-004, 1.939440000000000E-004,-1.407800000000000E-023, 1.224810000000000E+000, 3.516460000000000E+004, 1.000000000000000E+002, 1.002350000000000E+003,-1.799190000000000E-010,-5.291750000000000E-016
 5.944610000000000E-004, 1.961320000000000E-004,-2.931470000000000E-022, 1.224810000000000E+000, 3.516460000000000E+004, 1.000000000000000E+002, 1.002350000000000E+003,-1.811440000000000E-010,-4.530690000000000E-015
 6.047280000000000E-004, 1.983210000000000E-004,-7.388410000000000E-022, 1.224810000000000E+000, 3.516460000000000E+004, 1.000000000000000E+002, 1.002350000000000E+003,-1.940030000000000E-010, 2.116130000000000E-015
 6.149950000000000E-004, 2.005090000000000E-004, 8.332500000000000E-022, 1.224810000000000E+000, 3.516460000000000E+004, 1.000000000000000E+002, 1.002350000000000E+003,-1.836750000000000E-010, 9.539130000000000E-015
 6.252620000000000E-004, 2.026970000000000E-004,-4.560540000000000E-023, 1.224810000000000E+000, 3.516460000000000E+004, 1.000000000000000E+002, 1.002350000000000E+003,-1.546520000000000E-010,-1.874010000000000E-015
 6.355290000000000E-004, 2.048850000000000E-004, 7.366890000000000E-022, 1.224810000000000E+000, 3.516460000000000E+004, 1.000000000000000E+002, 1.002350000000000E+003,-1.577780000000000E-010, 4.304700000000000E-015
 6.457960000000000E-004, 2.070740000000000E-004,-3.140190000000000E-022, 1.224810000000000E+000, 3.516460000000000E+004, 1.000000000000000E+002, 1.002350000000000E+003,-1.512000000000000E-010, 5.809580000000000E-015
 6.560640000000000E-004, 2.092620000000000E-004,-2.867980000000000E-022, 1.224810000000000E+000, 3.516460000000000E+004, 1.000000000000000E+002, 1.002350000000000E+003,-1.363520000000000E-010, 2.602410000000000E-015
 6.663310000000000E-004, 2.114500000000000E-004, 1.954050000000000E-022, 1.224810000000000E+000, 3.516460000000000E+004, 1.000000000000000E+002, 1.002350000000000E+003,-1.439950000000000E-010, 8.062840000000001E-015
 6.765980000000000E-004, 2.136380000000000E-004,-4.187900000000000E-022, 1.224810000000000E+000, 3.516460000000000E+004, 1.000000000000000E+002, 1.002350000000000E+003,-1.541120000000000E-010, 3.074400000000000E-015
 6.868650000000000E-004, 2.158270000000000E-004, 6.637560000000000E-023, 1.224810000000000E+000, 3.516460000000000E+004, 1.000000000000000E+002, 1.002350000000000E+003,-1.417580000000000E-010, 1.148900000000000E-014
 6.971320000000000E-004, 2.180150000000000E-004, 9.283769999999999E-022, 1.224810000000000E+000, 3.516460000000000E+004, 1.000000000000000E+002, 1.002350000000000E+003,-1.477050000000000E-010,-9.662289999999999E-016
 7.073990000000000E-004, 2.202030000000000E-004,-8.979720000000000E-023, 1.224810000000000E+000, 3.516460000000000E+004, 1.000000000000000E+002, 1.002350000000000E+003,-1.332070000000000E-010, 9.207790000000000E-015
 7.176660000000001E-004, 2.223910000000000E-004,-2.389800000000000E-022, 1.224810000000000E+000, 3.516460000000000E+004, 1.000000000000000E+002, 1.002350000000000E+003,-1.385640000000000E-010, 3.146100000000000E-015
 7.279330000000001E-004, 2.245800000000000E-004, 1.630840000000000E-022, 1.224810000000000E+000, 3.516460000000000E+004, 1.000000000000000E+002, 1.002350000000000E+003,-1.405390000000000E-010, 2.705180000000000E-015
 7.382010000000000E-004, 2.267680000000000E-004, 9.620289999999999E-022, 1.224810000000000E+000, 3.516460000000000E+004, 1.000000000000000E+002, 1.002350000000000E+003,-1.471010000000000E-010,-2.703940000000000E-016
 7.484680000000000E-004, 2.289560000000000E-004,-4.425890000000000E-022, 1.224810000000000E+000, 3.516460000000000E+004, 1.000000000000000E+002, 1.002350000000000E+003,-1.543710000000000E-010, 3.094450000000000E-015
 7.587350000000000E-004, 2.311450000000000E-004,-1.954830000000000E-022, 1.224810000000000E+000, 3.516460000000000E+004, 1.000000000000000E+002, 1.002350000000000E+003,-1.493790000000000E-010,-9.057840000000000E-015
 7.690020000000000E-004, 2.333330000000000E-004, 5.144950000000000E-022, 1.224810000000000E+000, 3.516460000000000E+004, 1.000000000000000E+002, 1.002350000000000E+003,-1.476460000000000E-010,-5.107660000000000E-015
 7.792690000000000E-004, 2.355210000000000E-004,-3.124070000000000E-022, 1.224810000000000E+000, 3.516460000000000E+004, 1.000000000000000E+002, 1.002350000000000E+003,-1.216830000000000E-010,-6.151960000000000E-015
 7.895360000000000E-004, 2.377090000000000E-004, 7.025780000000000E-023, 1.224810000000000E+000, 3.516460000000000E+004, 1.000000000000000E+002, 1.002350000000000E+003,-1.213630000000000E-010,-3.614570000000000E-015
 7.998040000000000E-004, 2.398980000000000E-004, 8.729420000000000E-022, 1.224810000000000E+000, 3.516460000000000E+004, 1.000000000000000E+002, 1.002350000000000E+003,-1.178370000000000E-010,-5.611330000000000E-015
 8.100710000000000E-004, 2.420860000000000E-004,-2.379210000000000E-023, 1.224810000000000E+000, 3.516460000000000E+004, 1.000000000000000E+002, 1.002350000000000E+003,-1.172340000000000E-010,-5.716100000000000E-015
 8.203380000000000E-004, 2.442740000000000E-004, 3.630690000000000E-023, 1.224810000000000E+000, 3.516460000000000E+004, 1.000000000000000E+002, 1.002350000000000E+003,-1.173800000000000E-010, 3.628080000000000E-015
 8.306050000000000E-004, 2.464630000000000E-004,-9.411009999999999E-022, 1.224810000000000E+000, 3.516460000000000E+004, 1.000000000000000E+002, 1.002350000000000E+003,-1.170170000000000E-010,-6.896910000000000E-015
 8.408720000000000E-004, 2.486510000000000E-004,-8.121250000000000E-022, 1.224810000000000E+000, 3.516460000000000E+004, 1.000000000000000E+002, 1.002350000000000E+003,-1.138480000000000E-010,-1.176570000000000E-015
 8.511390000000000E-004, 2.508390000000000E-004,-3.894150000000000E-022, 1.224810000000000E+000, 3.516460000000000E+004, 1.000000000000000E+002, 1.002350000000000E+003,-1.129940000000000E-010, 3.508350000000000E-015
 8.614070000000000E-004, 2.530270000000000E-004, 7.086710000000000E-022, 1.224810000000000E+000, 3.516460000000000E+004, 1.000000000000000E+002, 1.002350000000000E+003,-1.156190000000000E-010, 2.581590000000000E-015
 8.716740000000000E-004, 2.552160000000000E-004,-5.791860000000000E-023, 1.224810000000000E+000, 3.516460000000000E+004, 1.000000000000000E+002, 1.002350000000000E+003,-1.164030000000000E-010, 5.691360000000000E-015
 8.819410000000000E-004, 2.574040000000000E-004,-6.116710000000000E-022, 1.224810000000000E+000, 3.516460000000000E+004, 1.000000000000000E+002, 1.002350000000000E+003,-1.082790000000000E-010, 9.061820000000000E-015
 8.922080000000000E-004, 2.595920000000000E-004,-8.170550000000000E-022, 1.224810000000000E+000, 3.516460000000000E+004, 1.000000000000000E+002, 1.002350000000000E+003,-1.066790000000000E-010, 2.439960000000000E-015
 9.024750000000000E-004, 2.617810000000000E-004,-1.089730000000000E-022, 1.224810000000000E+000, 3.516460000000000E+004, 1.000000000000000E+002, 1.002350000000000E+003,-1.070120000000000E-010, 9.220120000000000E-015
 9.127430000000000E-004, 2.639690000000000E-004, 3.895980000000000E-022, 1.224810000000000E+000, 3.516460000000000E+004, 1.000000000000000E+002, 1.002350000000000E+003,-1.121500000000000E-010, 4.965290000000000E-015
 9.230100000000000E-004, 2.661570000000000E-004, 7.548500000000000E-022, 1.224810000000000E+000, 3.516460000000000E+004, 1.000000000000000E+002, 1.002350000000000E+003,-1.096150000000000E-010, 8.324930000000000E-015
 9.332770000000000E-004, 2.683450000000000E-004, 3.324960000000000E-023, 1.224810000000000E+000, 3.516460000000000E+004, 1.000000000000000E+002, 1.002350000000000E+003,-9.911230000000000E-011, 5.097380000000000E-015
 9.435440000000000E-004, 2.705340000000000E-004, 1.021010000000000E-021, 1.224810000000000E+000, 3.516460000000000E+004, 1.000000000000000E+002, 1.002350000000000E+003,-9.313390000000000E-011, 7.550809999999999E-015
 9.538110000000000E-004, 2.727220000000000E-004,-2.717000000000000E-022, 1.224810000000000E+000, 3.516460000000000E+004, 1.000000000000000E+002, 1.002350000000000E+003,-9.270289999999999E-011, 5.224840000000000E-015
 9.640790000000000E-004, 2.749100000000000E-004, 8.635489999999999E-022, 1.224810000000000E+000, 3.516460000000000E+004, 1.000000000000000E+002, 1.002350000000000E+003, 2.187760000000000E-010, 1.459810000000000E-015
 9.743460000000000E-004, 2.770990000000000E-004,-1.872700000000000E-022, 1.224810000000000E+000, 3.516460000000000E+004, 1.000000000000000E+002, 1.002350000000000E+003,-6.750390000000000E-009, 1.396210000000000E-016
 9.846130000000001E-004, 2.792870000000000E-004, 2.295570000000000E-022, 1.224810000000000E+000, 3.516460000000000E+004, 1.000000000000000E+002, 1.002350000000000E+003, 1.126590000000000E-007,-5.479300000000000E-016
 9.948800000000001E-004, 2.814750000000000E-004, 3.018160000000000E-022, 1.224800000000000E+000, 3.516470000000000E+004, 1.000010000000000E+002, 1.002350000000000E+003,-4.688060000000000E-006,-6.049630000000000E-019
-1.002350000000000E-005, 6.501490000000001E-005,-2.171020000000000E-022, 3.382070000000000E+000, 2.770450000000000E+005, 2.853200000000000E+002, 7.651740000000000E+002, 3.605740000000000E+002, 1.311290000000000E-011
 2.284290000000000E-007, 6.708960000000000E-005,-8.143180000000000E-023, 2.593020000000000E+000, 1.977640000000000E+005, 2.656470000000000E+002, 8.211470000000000E+002, 3.088130000000000E+002, 8.933980000000000E-011
 1.048060000000000E-005, 6.916430000000000E-005, 6.639870000000000E-023, 1.903750000000000E+000, 1.290640000000000E+005, 2.361360000000000E+002, 8.543440000000001E+002, 2.473270000000000E+002, 8.602080000000000E-011
 2.073290000000000E-005, 7.123909999999999E-005,-3.537340000000000E-023, 1.682070000000000E+000, 1.021760000000000E+005, 2.115770000000000E+002, 9.436810000000000E+002, 1.686180000000000E+002,-3.644820000000000E-012
 3.098550000000000E-005, 7.331390000000000E-005, 4.021360000000000E-023, 1.700140000000000E+000, 9.263439999999999E+004, 1.897810000000000E+002, 9.661609999999999E+002, 1.545750000000000E+002,-2.544200000000000E-011
 4.123820000000000E-005, 7.538880000000001E-005, 1.739800000000000E-022, 1.796970000000000E+000, 8.833910000000001E+004, 1.712290000000000E+002, 9.922070000000000E+002, 1.540030000000000E+002,-2.837620000000000E-011
 5.149100000000000E-005, 7.746369999999999E-005, 6.507710000000000E-023, 1.981900000000000E+000, 8.891170000000000E+004, 1.562580000000000E+002, 1.008840000000000E+003, 1.577880000000000E+002,-1.769610000000000E-011
 6.174390000000000E-005, 7.953860000000000E-005,-6.609260000000000E-023, 2.068370000000000E+000, 8.544060000000001E+004, 1.438800000000000E+002, 1.014170000000000E+003, 1.484630000000000E+002,-9.352670000000000E-012
 7.199700000000000E-005, 8.161359999999999E-005,-7.048240000000000E-023, 1.974630000000000E+000, 7.354270000000000E+004, 1.297230000000000E+002, 1.015300000000000E+003, 1.235980000000000E+002,-4.525650000000000E-012
 8.225019999999999E-005, 8.368850000000000E-005, 2.676190000000000E-022, 1.624820000000000E+000, 5.338690000000000E+004, 1.144440000000000E+002, 1.010070000000000E+003, 6.692010000000001E+001,-5.273940000000000E-013
 9.250340000000001E-005, 8.576350000000001E-005, 1.128790000000000E-022, 1.289730000000000E+000, 3.797270000000000E+004, 1.025500000000000E+002, 1.004080000000000E+003, 1.192270000000000E+001,-9.495700000000000E-013
 1.027570000000000E-004, 8.783850000000000E-005,-6.148240000000000E-023, 1.226770000000000E+000, 3.525590000000000E+004, 1.001000000000000E+002, 1.002440000000000E+003, 4.191820000000000E-001, 7.122210000000000E-013
 1.130100000000000E-004, 8.991360000000001E-005,-1.988230000000000E-024, 1.224890000000000E+000, 3.516920000000000E+004, 1.000070000000000E+002, 1.002350000000000E+003, 3.646630000000000E-002,-3.733220000000000E-013
 1.232640000000000E-004, 9.198860000000000E-005, 2.425440000000000E-023, 1.224840000000000E+000, 3.516630000000000E+004, 1.000020000000000E+002, 1.002350000000000E+003, 1.692410000000000E-002, 6.326030000000000E-014
 1.335170000000000E-004, 9.406370000000001E-005, 1.002670000000000E-022, 1.224830000000000E+000, 3.516540000000000E+004, 1.000010000000000E+002, 1.002350000000000E+003, 9.346280000000000E-003, 1.678040000000000E-013
 1.437710000000000E-004, 9.613880000000000E-005,-3.865430000000000E-022, 1.224820000000000E+000, 3.516500000000000E+004, 1.000000000000000E+002, 1.002350000000000E+003, 5.015010000000000E-003,-3.188250000000000E-013
 1.540250000000000E-004, 9.821380000000000E-005,-2.045820000000000E-022, 1.224820000000000E+000, 3.516480000000000E+004, 1.000000000000000E+002, 1.002350000000000E+003, 2.528410000000000E-003, 3.872920000000000E-013
 1.642780000000000E-004, 1.002890000000000E-004,-1.004130000000000E-022, 1.224810000000000E+000, 3.516470000000000E+004, 1.000000000000000E+002, 1.002350000000000E+003, 1.199590000000000E-003,-4.267410000000000E-013
 1.745320000000000E-004, 1.023640000000000E-004, 9.425070000000000E-023, 1.224810000000000E+000, 3.516460000000000E+004, 1.000000000000000E+002, 1.002350000000000E+003, 5.502530000000000E-004, 3.788610000000000E-013
 1.847860000000000E-004, 1.044390000000000E-004, 1.514000000000000E-022, 1.224810000000000E+000, 3.516460000000000E+004, 1.000000000000000E+002, 1.002350000000000E+003, 2.529860000000000E-004,-2.596010000000000E-013
 1.950400000000000E-004, 1.065140000000000E-004, 2.605410000000000E-022, 1.224810000000000E+000, 3.516460000000000E+004, 1.000000000000000E+002, 1.002350000000000E+003, 1.190130000000000E-004, 1.709990000000000E-013
 2.052940000000000E-004, 1.085890000000000E-004,-1.771580000000000E-022, 1.224810000000000E+000, 3.516460000000000E+004, 1.000000000000000E+002, 1.002350000000000E+003, 5.800590000000000E-005,-1.259600000000000E-013
 2.155480000000000E-004, 1.106650000000000E-004,-2.923360000000000E-022, 1.224810000000000E+000, 3.516460000000000E+004, 1.000000000000000E+002, 1.002350000000000E+003, 2.948840000000000E-005, 6.440160000000000E-014
 2.258020000000000E-004, 1.127400000000000E-004, 7.730540000000000E-023, 1.224810000000000E+000, 3.516460000000000E+004, 1.000000000000000E+002, 1.002350000000000E+003, 1.566250000000000E-005, 5.295290000000000E-015
 2.360560000000000E-004, 1.148150000000000E-004,-3.215050000000000E-022, 1.224810000000000E+000, 3.516460000000000E+004, 1.000000000000000E+002, 1.002350000000000E+003, 8.696540000000000E-006,-6.906310000000000E-014
 2.463100000000000E-004, 1.168900000000000E-004, 1.353750000000000E-023, 1.224810000000000E+000, 3.516460000000000E+004, 1.000000000000000E+002, 1.002350000000000E+003, 5.026560000000000E-006, 1.270260000000000E-013
 2.565640000000000E-004, 1.189650000000000E-004, 4.465170000000000E-022, 1.224810000000000E+000, 3.516460000000000E+004, 1.000000000000000E+002, 1.002350000000000E+003, 2.997350000000000E-006,-1.345470000000000E-013
 2.668180000000000E-004, 1.210400000000000E-004, 2.332120000000000E-022, 1.224810000000000E+000, 3.516460000000000E+004, 1.000000000000000E+002, 1.002350000000000E+003, 1.824660000000000E-006, 9.128230000000001E-014
 2.770720000000000E-004, 1.231160000000000E-004, 1.849520000000000E-023, 1.224810000000000E+000, 3.516460000000000E+004, 1.000000000000000E+002, 1.002350000000000E+003, 1.124250000000000E-006,-4.893320000000000E-014
 2.873260000000000E-004, 1.251910000000000E-004, 1.267310000000000E-022, 1.224810000000000E+000, 3.516460000000000E+004, 1.000000000000000E+002, 1.002350000000000E+003, 6.968560000000000E-007, 3.945120000000000E-014
 2.975800000000000E-004, 1.272660000000000E-004, 1.296120000000000E-022, 1.224810000000000E+000, 3.516460000000000E+004, 1.000000000000000E+002, 1.002350000000000E+003, 4.329160000000000E-007,-6.424780000000000E-014
 3.078350000000000E-004, 1.293410000000000E-004, 3.724390000000000E-022, 1.224810000000000E+000, 3.516460000000000E+004, 1.000000000000000E+002, 1.002350000000000E+003, 2.691610000000000E-007, 5.492470000000000E-014
 3.180890000000000E-004, 1.314160000000000E-004,-3.120910000000000E-022, 1.224810000000000E+000, 3.516460000000000E+004, 1.000000000000000E+002, 1.002350000000000E+003, 1.675880000000000E-007,-4.201890000000000E-014
 3.283430000000000E-004, 1.334920000000000E-004, 1.381010000000000E-022, 1.224810000000000E+000, 3.516460000000000E+004, 1.000000000000000E+002, 1.002350000000000E+003, 1.046710000000000E-007, 2.911190000000000E-014
 3.385970000000000E-004, 1.355670000000000E-004, 1.797170000000000E-024, 1.224810000000000E+000, 3.516460000000000E+004, 1.000000000000000E+002, 1.002350000000000E+003, 6.571790000000000E-008,-1.336490000000000E-014
 3.488510000000000E-004, 1.376420000000000E-004, 2.541030000000000E-023, 1.224810000000000E+000, 3.516460000000000E+004, 1.000000000000000E+002, 1.002350000000000E+003, 4.156300000000000E-008, 1.774000000000000E-014
 3.591060000000000E-004, 1.397170000000000E-004,-2.548560000000000E-022, 1.224810000000000E+000, 3.516460000000000E+004, 1.000000000000000E+002, 1.002350000000000E+003, 2.650790000000000E-008,-5.270330000000000E-015
 3.693600000000000E-004, 1.417930000000000E-004,-4.234010000000000E-022, 1.224810000000000E+000, 3.516460000000000E+004, 1.000000000000000E+002, 1.002350000000000E+003, 1.703640000000000E-008, 1.086280000000000E-015
 3.796140000000000E-004, 1.438680000000000E-004,-1.065960000000000E-023, 1.224810000000000E+000, 3.516460000000000E+004, 1.000000000000000E+002, 1.002350000000000E+003, 1.103920000000000E-008, 4.315530000000000E-015
 3.898690000000000E-004, 1.459430000000000E-004, 2.427260000000000E-022, 1.224810000000000E+000, 3.516460000000000E+004, 1.000000000000000E+002, 1.002350000000000E+003, 7.192800000000000E-009,-1.364420000000000E-014
 4.001230000000000E-004, 1.480180000000000E-004,-1.164660000000000E-022, 1.224810000000000E+000, 3.516460000000000E+004, 1.000000000000000E+002, 1.002350000000000E+003, 4.718830000000000E-009, 1.693320000000000E-014
 4.103770000000000E-004, 1.500940000000000E-004,-1.708810000000000E-022, 1.224810000000000E+000, 3.516460000000000E+004, 1.000000000000000E+002, 1.002350000000000E+003, 3.104910000000000E-009,-6.961940000000000E-015
 4.206320000000000E-004, 1.521690000000000E-004, 5.603500000000000E-023, 1.224810000000000E+000, 3.516460000000000E+004, 1.000000000000000E+002, 1.002350000000000E+003, 2.070480000000000E-009, 8.790050000000000E-015
 4.308860000000000E-004, 1.542440000000000E-004, 5.266330000000000E-022, 1.224810000000000E+000, 3.516460000000000E+004, 1.000000000000000E+002, 1.002350000000000E+003, 1.378710000000000E-009,-1.082540000000000E-014
 4.411410000000000E-004, 1.563190000000000E-004, 2.857650000000000E-022, 1.224810000000000E+000, 3.516460000000000E+004, 1.000000000000000E+002, 1.002350000000000E+003, 8.951890000000000E-010, 1.131330000000000E-014
 4.513950000000000E-004, 1.583950000000000E-004, 1.993550000000000E-022, 1.224810000000000E+000, 3.516460000000000E+004, 1.000000000000000E+002, 1.002350000000000E+003, 5.742080000000000E-010,-4.115470000000000E-015
 4.616490000000000E-004, 1.604700000000000E-004, 2.092660000000000E-023, 1.224810000000000E+000, 3.516460000000000E+004, 1.000000000000000E+002, 1.002350000000000E+003, 3.544380000000000E-010, 1.084020000000000E-014
 4.719040000000000E-004, 1.625450000000000E-004, 1.130160000000000E-022, 1.224810000000000E+000, 3.516460000000000E+004, 1.000000000000000E+002, 1.002350000000000E+003, 1.940250000000000E-010,-5.376560000000000E-015
 4.821580000000000E-004, 1.646200000000000E-004, 1.313540000000000E-022, 1.224810000000000E+000, 3.516460000000000E+004, 1.000000000000000E+002, 1.002350000000000E+003, 8.756630000000000E-011, 8.154850000000000E-015
 4.924130000000000E-004, 1.666960000000000E-004, 3.697670000000000E-022, 1.224810000000000E+000, 3.516460000000000E+004, 1.000000000000000E+002, 1.002350000000000E+003, 2.680780000000000E-012,-4.237410000000000E-015
 5.026670000000000E-004, 1.687710000000000E-004, 1.596910000000000E-022, 1.224810000000000E+000, 3.516460000000000E+004, 1.000000000000000E+002, 1.002350000000000E+003,-5.906870000000000E-011, 3.175450000000000E-015
 5.129209999999999E-004, 1.708460000000000E-004,-4.556260000000000E-023, 1.224810000000000E+000, 3.516460000000000E+004, 1.000000000000000E+002, 1.002350000000000E+003,-1.051630000000000E-010,-9.306040000000000E-015
 5.231760000000000E-004, 1.729210000000000E-004, 2.715420000000000E-022, 1.224810000000000E+000, 3.516460000000000E+004, 1.000000000000000E+002, 1.002350000000000E+003,-1.312830000000000E-010,-1.883240000000000E-015
 5.334300000000000E-004, 1.749970000000000E-004,-5.882360000000000E-022, 1.224810000000000E+000, 3.516460000000000E+004, 1.000000000000000E+002, 1.002350000000000E+003,-1.519530000000000E-010,-1.860240000000000E-014
 5.436850000000000E-004, 1.770720000000000E-004, 2.042410000000000E-023, 1.224810000000000E+000, 3.516460000000000E+004, 1.000000000000000E+002, 1.002350000000000E+003,-1.677330000000000E-010,-2.419390000000000E-015
 5.539390000000000E-004, 1.791470000000000E-004, 3.414450000000000E-022, 1.224810000000000E+000, 3.516460000000000E+004, 1.000000000000000E+002, 1.002350000000000E+003,-1.717220000000000E-010,-1.523270000000000E-014
 5.641940000000000E-004, 1.812220000000000E-004,-6.254100000000000E-022, 1.224810000000000E+000, 3.516460000000000E+004, 1.000000000000000E+002, 1.002350000000000E+003,-1.847660000000000E-010,-1.124420000000000E-014
 5.744480000000000E-004, 1.832980000000000E-004, 6.993320000000000E-022, 1.224810000000000E+000, 3.516460000000000E+004, 1.000000000000000E+002, 1.002350000000000E+003,-1.964950000000000E-010,-4.326000000000000E-015
 5.847030000000000E-004, 1.853730000000000E-004, 3.328250000000000E-023, 1.224810000000000E+000, 3.516460000000000E+004, 1.000000000000000E+002, 1.002350000000000E+003,-2.079360000000000E-010,-8.042390000000000E-015
 5.949570000000000E-004, 1.874480000000000E-004,-2.600680000000000E-022, 1.224810000000000E+000, 3.516460000000000E+004, 1.000000000000000E+002, 1.002350000000000E+003,-2.139050000000000E-010,-2.646420000000000E-015
 6.052120000000000E-004, 1.895240000000000E-004,-2.909450000000000E-022, 1.224810000000000E+000, 3.516460000000000E+004, 1.000000000000000E+002, 1.002350000000000E+003,-2.058660000000000E-010,-1.267010000000000E-014
 6.154660000000000E-004, 1.915990000000000E-004, 1.179770000000000E-021, 1.224810000000000E+000, 3.516460000000000E+004, 1.000000000000000E+002, 1.002350000000000E+003,-2.025620000000000E-010, 3.753040000000000E-015
 6.257210000000000E-004, 1.936740000000000E-004,-6.068730000000000E-023, 1.224810000000000E+000, 3.516460000000000E+004, 1.000000000000000E+002, 1.002350000000000E+003,-2.162200000000000E-010,-6.571970000000000E-015
 6.359750000000000E-004, 1.957490000000000E-004, 1.402880000000000E-022, 1.224810000000000E+000, 3.516460000000000E+004, 1.000000000000000E+002, 1.002350000000000E+003,-2.261350000000000E-010,-6.652450000000000E-016
 6.462300000000000E-004, 1.978250000000000E-004, 1.482710000000000E-022, 1.224810000000000E+000, 3.516460000000000E+004, 1.000000000000000E+002, 1.002350000000000E+003,-2.259740000000000E-010,-5.327090000000000E-015
 6.564849999999999E-004, 1.999000000000000E-004,-1.156350000000000E-021, 1.224810000000000E+000, 3.516460000000000E+004, 1.000000000000000E+002, 1.002350000000000E+003,-2.244250000000000E-010, 2.255200000000000E-015
 6.667390000000000E-004, 2.019750000000000E-004,-3.171360000000000E-022, 1.224810000000000E+000, 3.516460000000000E+004, 1.000000000000000E+002, 1.002350000000000E+003,-2.134970000000000E-010,-6.114870000000000E-015
 6.769940000000000E-004, 2.040510000000000E-004,-3.209980000000000E-022, 1.224810000000000E+000, 3.516460000000000E+004, 1.000000000000000E+002, 1.002350000000000E+003,-1.888860000000000E-010, 7.739850000000001E-015
 6.872480000000000E-004, 2.061260000000000E-004, 1.339900000000000E-022, 1.224810000000000E+000, 3.516460000000000E+004, 1.000000000000000E+002, 1.002350000000000E+003,-1.788160000000000E-010,-4.900710000000000E-015
 6.975030000000000E-004, 2.082010000000000E-004, 4.887300000000000E-023, 1.224810000000000E+000, 3.516460000000000E+004, 1.000000000000000E+002, 1.002350000000000E+003,-1.872150000000000E-010, 8.573600000000000E-015
 7.077570000000000E-004, 2.102760000000000E-004,-2.228660000000000E-022, 1.224810000000000E+000, 3.516460000000000E+004, 1.000000000000000E+002, 1.002350000000000E+003,-1.903800000000000E-010,-8.280630000000001E-015
 7.180120000000000E-004, 2.123520000000000E-004, 1.364270000000000E-022, 1.224810000000000E+000, 3.516460000000000E+004, 1.000000000000000E+002, 1.002350000000000E+003,-1.800030000000000E-010, 1.494040000000000E-014
 7.282660000000000E-004, 2.144270000000000E-004, 3.653910000000000E-022, 1.224810000000000E+000, 3.516460000000000E+004, 1.000000000000000E+002, 1.002350000000000E+003,-1.830100000000000E-010, 3.841290000000000E-015
 7.385210000000000E-004, 2.165020000000000E-004, 3.284110000000000E-022, 1.224810000000000E+000, 3.516460000000000E+004, 1.000000000000000E+002, 1.002350000000000E+003,-1.771360000000000E-010, 1.091370000000000E-014
 7.487760000000000E-004, 2.185780000000000E-004,-4.639290000000000E-022, 1.224810000000000E+000, 3.516460000000000E+004, 1.000000000000000E+002, 1.002350000000000E+003,-1.580820000000000E-010, 1.768500000000000E-015
 7.590299999999999E-004, 2.206530000000000E-004, 4.579780000000000E-022, 1.224810000000000E+000, 3.516460000000000E+004, 1.000000000000000E+002, 1.002350000000000E+003,-1.345060000000000E-010, 4.570060000000000E-015
 7.692850000000000E-004, 2.227280000000000E-004, 1.017430000000000E-022, 1.224810000000000E+000, 3.516460000000000E+004, 1.000000000000000E+002, 1.002350000000000E+003,-1.324630000000000E-010,-4.039260000000000E-015
 7.795390000000000E-004, 2.248030000000000E-004, 6.046440000000000E-022, 1.224810000000000E+000, 3.516460000000000E+004, 1.000000000000000E+002, 1.002350000000000E+003,-1.311920000000000E-010, 3.958580000000000E-015
 7.897940000000000E-004, 2.268790000000000E-004,-1.015070000000000E-021, 1.224810000000000E+000, 3.516460000000000E+004, 1.000000000000000E+002, 1.002350000000000E+003,-1.310020000000000E-010,-4.391300000000000E-015
 8.000490000000001E-004, 2.289540000000000E-004,-3.869630000000000E-022, 1.224810000000000E+000, 3.516460000000000E+004, 1.000000000000000E+002, 1.002350000000000E+003,-1.470640000000000E-010,-4.275260000000000E-016
 8.103030000000000E-004, 2.310290000000000E-004, 1.319270000000000E-022, 1.224810000000000E+000, 3.516460000000000E+004, 1.000000000000000E+002, 1.002350000000000E+003,-1.484410000000000E-010,-1.186920000000000E-014
 8.205580000000000E-004, 2.331050000000000E-004, 1.417680000000000E-022, 1.224810000000000E+000, 3.516460000000000E+004, 1.000000000000000E+002, 1.002350000000000E+003,-1.361540000000000E-010, 4.047310000000000E-015
 8.308120000000000E-004, 2.351800000000000E-004, 4.918450000000000E-022, 1.224810000000000E+000, 3.516460000000000E+004, 1.000000000000000E+002, 1.002350000000000E+003,-1.345590000000000E-010,-1.340330000000000E-014
 8.410670000000000E-004, 2.372550000000000E-004,-5.629920000000000E-022, 1.224810000000000E+000, 3.516460000000000E+004, 1.000000000000000E+002, 1.002350000000000E+003,-1.320810000000000E-010, 6.940570000000000E-015
 8.513220000000000E-004, 2.393310000000000E-004,-4.716330000000000E-022, 1.224810000000000E+000, 3.516460000000000E+004, 1.000000000000000E+002, 1.002350000000000E+003,-1.320870000000000E-010,-8.546149999999999E-015
 8.615760000000000E-004, 2.414060000000000E-004,-7.275560000000000E-023, 1.224810000000000E+000, 3.516460000000000E+004, 1.000000000000000E+002, 1.002350000000000E+003,-1.258190000000000E-010, 1.299560000000000E-014
 8.718310000000000E-004, 2.434810000000000E-004,-1.108940000000000E-023, 1.224810000000000E+000, 3.516460000000000E+004, 1.000000000000000E+002, 1.002350000000000E+003,-1.209950000000000E-010,-7.458730000000000E-015
 8.820850000000000E-004, 2.455560000000000E-004,-3.662470000000000E-023, 1.224810000000000E+000, 3.516460000000000E+004, 1.000000000000000E+002, 1.002350000000000E+003,-1.044610000000000E-010, 1.577940000000000E-014
 8.923400000000000E-004, 2.476320000000000E-004,-1.535190000000000E-022, 1.224810000000000E+000, 3.516460000000000E+004, 1.000000000000000E+002, 1.002350000000000E+003,-8.890390000000000E-011, 3.419510000000000E-015
 9.025950000000000E-004, 2.497070000000000E-004, 7.250380000000001E-023, 1.224810000000000E+000, 3.516460000000000E+004, 1.000000000000000E+002, 1.002350000000000E+003,-7.304430000000000E-011, 2.301340000000000E-014
 9.128490000000000E-004, 2.517820000000000E-004,-7.877020000000000E-022, 1.224810000000000E+000, 3.516460000000000E+004, 1.000000000000000E+002, 1.002350000000000E+003,-6.476910000000000E-011, 2.906270000000000E-015
 9.231040000000000E-004, 2.538580000000000E-004, 6.344910000000000E-022, 1.224810000000000E+000, 3.516460000000000E+004, 1.000000000000000E+002, 1.002350000000000E+003,-8.521930000000000E-011, 2.117940000000000E-014
 9.333590000000000E-004, 2.559330000000000E-004, 5.891980000000000E-022, 1.224810000000000E+000, 3.516460000000000E+004, 1.000000000000000E+002, 1.002350000000000E+003,-7.895900000000000E-011, 6.062460000000000E-015
 9.436130000000000E-004, 2.580080000000000E-004,-4.899040000000000E-022, 1.224810000000000E+000, 3.516460000000000E+004, 1.000000000000000E+002, 1.002350000000000E+003,-6.292439999999999E-011, 1.015760000000000E-014
 9.538680000000000E-004, 2.600840000000000E-004,-2.672150000000000E-022, 1.224810000000000E+000, 3.516460000000000E+004, 1.000000000000000E+002, 1.002350000000000E+003,-5.926560000000000E-011, 9.025590000000001E-015
 9.641230000000000E-004, 2.621590000000000E-004, 7.825610000000000E-022, 1.224810000000000E+000, 3.516460000000000E+004, 1.000000000000000E+002, 1.002350000000000E+003, 2.410800000000000E-010, 5.088240000000000E-015
 9.743770000000000E-004, 2.642340000000000E-004,-6.810870000000000E-022, 1.224810000000000E+000, 3.516460000000000E+004, 1.000000000000000E+002, 1.002350000000000E+003,-6.536500000000000E-009, 3.655610000000000E-015
 9.846320000000000E-004, 2.663100000000000E-004, 1.988220000000000E-022, 1.224810000000000E+000, 3.516460000000000E+004, 1.000000000000000E+002, 1.002350000000000E+003, 1.160140000000000E-007, 7.105400000000000E-016
 9.948859999999999E-004, 2.683850000000000E-004,-6.113540000000000E-022, 1.224800000000000E+000, 3.516470000000000E+004, 1.000010000000000E+002, 1.002350000000000E+003,-4.676030000000000E-006, 1.255380000000000E-017
-8.847670000000000E-006, 6.309720000000000E-005,-3.503950000000000E-022, 2.848880000000000E+000, 2.410410000000000E+005, 2.947010000000000E+002, 7.614380000000000E+002, 3.363470000000000E+002, 5.373380000000000E-011
 1.392340000000000E-006, 6.506460000000000E-005,-2.343620000000000E-022, 2.085710000000000E+000, 1.620920000000000E+005, 2.706900000000000E+002, 8.302610000000000E+002, 2.631500000000000E+002, 2.402860000000000E-010
 1.163260000000000E-005, 6.703200000000000E-005,-4.511990000000000E-023, 1.490950000000000E+000, 1.034070000000000E+005, 2.415750000000000E+002, 8.669440000000000E+002, 2.137330000000000E+002, 1.575680000000000E-010
 2.187300000000000E-005, 6.899950000000000E-005,-1.450840000000000E-022, 1.356940000000000E+000, 8.463500000000000E+004, 2.172460000000000E+002, 9.424070000000000E+002, 1.733250000000000E+002, 7.314190000000000E-011
 3.211360000000000E-005, 7.096700000000000E-005, 1.726250000000000E-023, 1.369430000000000E+000, 7.637420000000000E+004, 1.942550000000000E+002, 9.585870000000000E+002, 1.652700000000000E+002, 5.823130000000000E-011
 4.235440000000000E-005, 7.293460000000000E-005, 4.099660000000000E-023, 1.435060000000000E+000, 7.113989999999999E+004, 1.726660000000000E+002, 9.833770000000000E+002, 1.567950000000000E+002, 3.256640000000000E-011
 5.259530000000000E-005, 7.490220000000000E-005,-9.130740000000000E-023, 1.619040000000000E+000, 7.208739999999999E+004, 1.550840000000000E+002, 1.006910000000000E+003, 1.463690000000000E+002,-7.333620000000000E-012
 6.283630000000000E-005, 7.686980000000000E-005, 2.777130000000000E-023, 1.853660000000000E+000, 7.561610000000001E+004, 1.420850000000000E+002, 1.018250000000000E+003, 1.356010000000000E+002,-1.489650000000000E-011
 7.307740000000001E-005, 7.883740000000001E-005,-5.923380000000000E-023, 1.928790000000000E+000, 7.327060000000001E+004, 1.323150000000000E+002, 1.016900000000000E+003, 1.219340000000000E+002,-1.041470000000000E-011
 8.331860000000001E-005, 8.080510000000000E-005, 6.436210000000000E-023, 1.881860000000000E+000, 6.674939999999999E+004, 1.235450000000000E+002, 1.013830000000000E+003, 1.040660000000000E+002,-4.737680000000000E-012
 9.356000000000001E-005, 8.277269999999999E-005,-7.378300000000000E-023, 1.634380000000000E+000, 5.339700000000000E+004, 1.137960000000000E+002, 1.006540000000000E+003, 6.420050000000001E+001,-2.679330000000000E-012
 1.038010000000000E-004, 8.474040000000001E-005, 6.333750000000000E-023, 1.353440000000000E+000, 4.077050000000000E+004, 1.049230000000000E+002, 1.002400000000000E+003, 2.181160000000000E+001, 1.096750000000000E-012
 1.140430000000000E-004, 8.670820000000000E-005,-2.651340000000000E-022, 1.251400000000000E+000, 3.634820000000000E+004, 1.011700000000000E+002, 1.001980000000000E+003, 4.895280000000000E+000,-1.008030000000000E-012
 1.242840000000000E-004, 8.867590000000000E-005, 2.063690000000000E-022, 1.232010000000000E+000, 3.549630000000000E+004, 1.003540000000000E+002, 1.002180000000000E+003, 1.460010000000000E+000, 2.550450000000000E-013
 1.345260000000000E-004, 9.064359999999999E-005,-1.105170000000000E-022, 1.227390000000000E+000, 3.529070000000000E+004, 1.001480000000000E+002, 1.002290000000000E+003, 5.779550000000000E-001, 4.091050000000000E-013
 1.447680000000000E-004, 9.261140000000000E-005,-1.269980000000000E-022, 1.225790000000000E+000, 3.521550000000000E+004, 1.000650000000000E+002, 1.002320000000000E+003, 2.492770000000000E-001,-1.049190000000000E-012
 1.550100000000000E-004, 9.457910000000000E-005, 1.204290000000000E-022, 1.225180000000000E+000, 3.518520000000000E+004, 1.000280000000000E+002, 1.002340000000000E+003, 1.134330000000000E-001, 1.495580000000000E-012
 1.652510000000000E-004, 9.654690000000000E-005,-1.800070000000000E-022, 1.224960000000000E+000, 3.517330000000000E+004, 1.000120000000000E+002, 1.002340000000000E+003, 5.571180000000000E-002,-1.595900000000000E-012
 1.754930000000000E-004, 9.851469999999999E-005,-1.196200000000000E-022, 1.224880000000000E+000, 3.516850000000000E+004, 1.000050000000000E+002, 1.002350000000000E+003, 2.981640000000000E-002, 1.259240000000000E-012
 1.857350000000000E-004, 1.004830000000000E-004,-5.251550000000000E-022, 1.224850000000000E+000, 3.516650000000000E+004, 1.000030000000000E+002, 1.002350000000000E+003, 1.702770000000000E-002,-8.847870000000000E-013
 1.959770000000000E-004, 1.024500000000000E-004,-3.484610000000000E-022, 1.224830000000000E+000, 3.516560000000000E+004, 1.000010000000000E+002, 1.002350000000000E+003, 1.004320000000000E-002, 6.697670000000000E-013
 2.062190000000000E-004, 1.044180000000000E-004,-1.496220000000000E-022, 1.224820000000000E+000, 3.516510000000000E+004, 1.000010000000000E+002, 1.002350000000000E+003, 5.953140000000000E-003,-6.045300000000001E-013
 2.164610000000000E-004, 1.063860000000000E-004, 3.419940000000000E-022, 1.224820000000000E+000, 3.516490000000000E+004, 1.000000000000000E+002, 1.002350000000000E+003, 3.482630000000000E-003, 4.929690000000000E-013
 2.267030000000000E-004, 1.083540000000000E-004,-7.732910000000001E-024, 1.224820000000000E+000, 3.516470000000000E+004, 1.000000000000000E+002, 1.002350000000000E+003, 1.993800000000000E-003,-3.381030000000000E-013
 2.369450000000000E-004, 1.103220000000000E-004,-3.492450000000000E-022, 1.224810000000000E+000, 3.516470000000000E+004, 1.000000000000000E+002, 1.002350000000000E+003, 1.118230000000000E-003, 1.921090000000000E-013
 2.471870000000000E-004, 1.122890000000000E-004,-3.640980000000000E-022, 1.224810000000000E+000, 3.516460000000000E+004, 1.000000000000000E+002, 1.002350000000000E+003, 6.198450000000001E-004,-5.921360000000000E-014
 2.574290000000000E-004, 1.142570000000000E-004,-4.572250000000000E-022, 1.224810000000000E+000, 3.516460000000000E+004, 1.000000000000000E+002, 1.002350000000000E+003, 3.438460000000000E-004, 4.055650000000000E-014
 2.676720000000000E-004, 1.162250000000000E-004, 8.723600000000000E-023, 1.224810000000000E+000, 3.516460000000000E+004, 1.000000000000000E+002, 1.002350000000000E+003, 1.926670000000000E-004,-1.180280000000000E-013
 2.779140000000000E-004, 1.181930000000000E-004,-4.290860000000000E-022, 1.224810000000000E+000, 3.516460000000000E+004, 1.000000000000000E+002, 1.002350000000000E+003, 1.094390000000000E-004, 2.312170000000000E-013
 2.881560000000000E-004, 1.201610000000000E-004,-1.088380000000000E-022, 1.224810000000000E+000, 3.516460000000000E+004, 1.000000000000000E+002, 1.002350000000000E+003, 6.323700000000000E-005,-2.129620000000000E-013
 2.983980000000000E-004, 1.221290000000000E-004,-3.610500000000000E-022, 1.224810000000000E+000, 3.516460000000000E+004, 1.000000000000000E+002, 1.002350000000000E+003, 3.733460000000000E-005, 1.215430000000000E-013
 3.086400000000000E-004, 1.240970000000000E-004,-1.407990000000000E-022, 1.224810000000000E+000, 3.516460000000000E+004, 1.000000000000000E+002, 1.002350000000000E+003, 2.255640000000000E-005,-5.508080000000000E-014
 3.188830000000000E-004, 1.260650000000000E-004,-2.284770000000000E-022, 1.224810000000000E+000, 3.516460000000000E+004, 1.000000000000000E+002, 1.002350000000000E+003, 1.397230000000000E-005, 2.824900000000000E-014
 3.291250000000000E-004, 1.280320000000000E-004, 2.900410000000000E-022, 1.224810000000000E+000, 3.516460000000000E+004, 1.000000000000000E+002, 1.002350000000000E+003, 8.883869999999999E-006,-2.230210000000000E-014
 3.393670000000000E-004, 1.300000000000000E-004, 5.329670000000000E-022, 1.224810000000000E+000, 3.516460000000000E+004, 1.000000000000000E+002, 1.002350000000000E+003, 5.792680000000000E-006, 4.118010000000000E-014
 3.496100000000000E-004, 1.319680000000000E-004,-1.482870000000000E-022, 1.224810000000000E+000, 3.516460000000000E+004, 1.000000000000000E+002, 1.002350000000000E+003, 3.862750000000000E-006,-6.866030000000000E-014
 3.598520000000000E-004, 1.339360000000000E-004,-1.757110000000000E-024, 1.224810000000000E+000, 3.516460000000000E+004, 1.000000000000000E+002, 1.002350000000000E+003, 2.624440000000000E-006, 9.092310000000000E-014
 3.700940000000000E-004, 1.359040000000000E-004, 9.845770000000000E-023, 1.224810000000000E+000, 3.516460000000000E+004, 1.000000000000000E+002, 1.002350000000000E+003, 1.810190000000000E-006,-7.547400000000000E-014
 3.803370000000000E-004, 1.378720000000000E-004,-2.866740000000000E-022, 1.224810000000000E+000, 3.516460000000000E+004, 1.000000000000000E+002, 1.002350000000000E+003, 1.263440000000000E-006, 1.602160000000000E-014
 3.905790000000000E-004, 1.398400000000000E-004,-7.798080000000001E-023, 1.224810000000000E+000, 3.516460000000000E+004, 1.000000000000000E+002, 1.002350000000000E+003, 8.898990000000000E-007,-2.960390000000000E-015
 4.008210000000000E-004, 1.418080000000000E-004,-5.918790000000000E-022, 1.224810000000000E+000, 3.516460000000000E+004, 1.000000000000000E+002, 1.002350000000000E+003, 6.313270000000000E-007,-2.113000000000000E-014
 4.110640000000000E-004, 1.437760000000000E-004,-3.552620000000000E-022, 1.224810000000000E+000, 3.516460000000000E+004, 1.000000000000000E+002, 1.002350000000000E+003, 4.502480000000000E-007, 4.518820000000000E-016
 4.213060000000000E-004, 1.457440000000000E-004, 1.731570000000000E-022, 1.224810000000000E+000, 3.516460000000000E+004, 1.000000000000000E+002, 1.002350000000000E+003, 3.226070000000000E-007, 6.993000000000000E-014
 4.315490000000000E-004, 1.477110000000000E-004,-3.571800000000000E-022, 1.224810000000000E+000, 3.516460000000000E+004, 1.000000000000000E+002, 1.002350000000000E+003, 2.318390000000000E-007,-9.994220000000000E-014
 4.417910000000000E-004, 1.496790000000000E-004, 1.432710000000000E-022, 1.224810000000000E+000, 3.516460000000000E+004, 1.000000000000000E+002, 1.002350000000000E+003, 1.671530000000000E-007, 9.068090000000000E-014
 4.520340000000000E-004, 1.516470000000000E-004, 1.127500000000000E-022, 1.224810000000000E+000, 3.516460000000000E+004, 1.000000000000000E+002, 1.002350000000000E+003, 1.208900000000000E-007,-7.733530000000000E-014
 4.622760000000000E-004, 1.536150000000000E-004,-2.302680000000000E-022, 1.224810000000000E+000, 3.516460000000000E+004, 1.000000000000000E+002, 1.002350000000000E+003, 8.763880000000000E-008, 3.361450000000000E-014
 4.725190000000000E-004, 1.555830000000000E-004,-5.075710000000000E-022, 1.224810000000000E+000, 3.516460000000000E+004, 1.000000000000000E+002, 1.002350000000000E+003, 6.374329999999999E-008,-3.382970000000000E-014
 4.827610000000000E-004, 1.575510000000000E-004, 3.022020000000000E-022, 1.224810000000000E+000, 3.516460000000000E+004, 1.000000000000000E+002, 1.002350000000000E+003, 4.649850000000000E-008, 2.006060000000000E-014
 4.930040000000000E-004, 1.595190000000000E-004,-5.410860000000000E-023, 1.224810000000000E+000, 3.516460000000000E+004, 1.000000000000000E+002, 1.002350000000000E+003, 3.403030000000000E-008,-1.613630000000000E-014
 5.032460000000001E-004, 1.614870000000000E-004,-3.207370000000000E-022, 1.224810000000000E+000, 3.516460000000000E+004, 1.000000000000000E+002, 1.002350000000000E+003, 2.502070000000000E-008, 9.650010000000000E-015
 5.134890000000000E-004, 1.634550000000000E-004, 2.418420000000000E-022, 1.224810000000000E+000, 3.516460000000000E+004, 1.000000000000000E+002, 1.002350000000000E+003, 1.849210000000000E-008, 3.408110000000000E-015
 5.237310000000000E-004, 1.654230000000000E-004, 2.123290000000000E-022, 1.224810000000000E+000, 3.516460000000000E+004, 1.000000000000000E+002, 1.002350000000000E+003, 1.374590000000000E-008,-1.282290000000000E-014
 5.339740000000000E-004, 1.673910000000000E-004,-2.553530000000000E-023, 1.224810000000000E+000, 3.516460000000000E+004, 1.000000000000000E+002, 1.002350000000000E+003, 1.026630000000000E-008,-6.671410000000000E-015
 5.442160000000000E-004, 1.693590000000000E-004, 1.482980000000000E-022, 1.224810000000000E+000, 3.516460000000000E+004, 1.000000000000000E+002, 1.002350000000000E+003, 7.730380000000001E-009,-4.000060000000000E-015
 5.544590000000000E-004, 1.713270000000000E-004, 3.263050000000000E-022, 1.224810000000000E+000, 3.516460000000000E+004, 1.000000000000000E+002, 1.002350000000000E+003, 5.835920000000000E-009,-2.026940000000000E-014
 5.647010000000000E-004, 1.732950000000000E-004,-3.372670000000000E-023, 1.224810000000000E+000, 3.516460000000000E+004, 1.000000000000000E+002, 1.002350000000000E+003, 4.439130000000000E-009,-3.805510000000000E-015
 5.749440000000000E-004, 1.752630000000000E-004, 1.053170000000000E-021, 1.224810000000000E+000, 3.516460000000000E+004, 1.000000000000000E+002, 1.002350000000000E+003, 3.413270000000000E-009,-1.370040000000000E-014
 5.851860000000000E-004, 1.772310000000000E-004,-2.645740000000000E-022, 1.224810000000000E+000, 3.516460000000000E+004, 1.000000000000000E+002, 1.002350000000000E+003, 2.639420000000000E-009,-1.084400000000000E-014
 5.954290000000000E-004, 1.791980000000000E-004,-8.843440000000000E-023, 1.224810000000000E+000, 3.516460000000000E+004, 1.000000000000000E+002, 1.002350000000000E+003, 2.060050000000000E-009, 2.185260000000000E-015
 6.056720000000000E-004, 1.811660000000000E-004,-1.877050000000000E-022, 1.224810000000000E+000, 3.516460000000000E+004, 1.000000000000000E+002, 1.002350000000000E+003, 1.607990000000000E-009,-7.520310000000000E-015
 6.159140000000000E-004, 1.831340000000000E-004, 2.399440000000000E-022, 1.224810000000000E+000, 3.516460000000000E+004, 1.000000000000000E+002, 1.002350000000000E+003, 1.272540000000000E-009, 2.470780000000000E-016
 6.261570000000000E-004, 1.851020000000000E-004,-5.281500000000000E-022, 1.224810000000000E+000, 3.516460000000000E+004, 1.000000000000000E+002, 1.002350000000000E+003, 1.000810000000000E-009,-4.196480000000000E-015
 6.363989999999999E-004, 1.870700000000000E-004, 5.266730000000000E-022, 1.224810000000000E+000, 3.516460000000000E+004, 1.000000000000000E+002, 1.002350000000000E+003, 7.878380000000000E-010,-8.734340000000000E-016
 6.466420000000000E-004, 1.890380000000000E-004,-1.891150000000000E-022, 1.224810000000000E+000, 3.516460000000000E+004, 1.000000000000000E+002, 1.002350000000000E+003, 6.286830000000000E-010,-4.500590000000000E-016
 6.568850000000000E-004, 1.910060000000000E-004,-3.309480000000000E-022, 1.224810000000000E+000, 3.516460000000000E+004, 1.000000000000000E+002, 1.002350000000000E+003, 5.041230000000000E-010,-1.629980000000000E-015
 6.671270000000000E-004, 1.929740000000000E-004, 6.827820000000000E-023, 1.224810000000000E+000, 3.516460000000000E+004, 1.000000000000000E+002, 1.002350000000000E+003, 4.003940000000000E-010,-2.747820000000000E-015
 6.773699999999999E-004, 1.949420000000000E-004, 4.443490000000000E-022, 1.224810000000000E+000, 3.516460000000000E+004, 1.000000000000000E+002, 1.002350000000000E+003, 3.166860000000000E-010,-2.095360000000000E-015
 6.876120000000000E-004, 1.969100000000000E-004, 4.073030000000000E-022, 1.224810000000000E+000, 3.516460000000000E+004, 1.000000000000000E+002, 1.002350000000000E+003, 2.467380000000000E-010,-3.684220000000000E-015
 6.978550000000000E-004, 1.988780000000000E-004,-3.378950000000000E-022, 1.224810000000000E+000, 3.516460000000000E+004, 1.000000000000000E+002, 1.002350000000000E+003, 1.879870000000000E-010,-1.152570000000000E-015
 7.080980000000000E-004, 2.008460000000000E-004,-2.564710000000000E-024, 1.224810000000000E+000, 3.516460000000000E+004, 1.000000000000000E+002, 1.002350000000000E+003, 1.400830000000000E-010,-3.445830000000000E-015
 7.183400000000000E-004, 2.028140000000000E-004, 1.449070000000000E-022, 1.224810000000000E+000, 3.516460000000000E+004, 1.000000000000000E+002, 1.002350000000000E+003, 1.006920000000000E-010,-4.250400000000000E-015
 7.285830000000000E-004, 2.047820000000000E-004,-2.756850000000000E-023, 1.224810000000000E+000, 3.516460000000000E+004, 1.000000000000000E+002, 1.002350000000000E+003, 7.173400000000000E-011, 2.592510000000000E-015
 7.388260000000000E-004, 2.067500000000000E-004, 7.034960000000000E-022, 1.224810000000000E+000, 3.516460000000000E+004, 1.000000000000000E+002, 1.002350000000000E+003, 4.513980000000000E-011, 1.200340000000000E-015
 7.490680000000000E-004, 2.087180000000000E-004,-3.658030000000000E-022, 1.224810000000000E+000, 3.516460000000000E+004, 1.000000000000000E+002, 1.002350000000000E+003, 1.668690000000000E-011, 4.319210000000000E-015
 7.593110000000000E-004, 2.106860000000000E-004,-1.546760000000000E-022, 1.224810000000000E+000, 3.516460000000000E+004, 1.000000000000000E+002, 1.002350000000000E+003,-1.331430000000000E-012,-5.049620000000000E-016
 7.695530000000000E-004, 2.126540000000000E-004,-5.237770000000000E-022, 1.224810000000000E+000, 3.516460000000000E+004, 1.000000000000000E+002, 1.002350000000000E+003,-1.772530000000000E-011, 3.506990000000000E-016
 7.797960000000000E-004, 2.146220000000000E-004, 5.634770000000000E-022, 1.224810000000000E+000, 3.516460000000000E+004, 1.000000000000000E+002, 1.002350000000000E+003,-3.158360000000000E-011, 1.536440000000000E-015
 7.900390000000000E-004, 2.165900000000000E-004, 2.596140000000000E-022, 1.224810000000000E+000, 3.516460000000000E+004, 1.000000000000000E+002, 1.002350000000000E+003,-4.571770000000000E-011, 9.931800000000001E-016
 8.002810000000000E-004, 2.185580000000000E-004,-1.940010000000000E-022, 1.224810000000000E+000, 3.516460000000000E+004, 1.000000000000000E+002, 1.002350000000000E+003,-6.089830000000001E-011, 7.614620000000000E-016
 8.105240000000000E-004, 2.205260000000000E-004, 1.334540000000000E-022, 1.224810000000000E+000, 3.516460000000000E+004, 1.000000000000000E+002, 1.002350000000000E+003,-7.130670000000001E-011,-1.809930000000000E-015
 8.207670000000000E-004, 2.224940000000000E-004,-4.119700000000000E-022, 1.224810000000000E+000, 3.516460000000000E+004, 1.000000000000000E+002, 1.002350000000000E+003,-7.910450000000000E-011,-1.812480000000000E-015
 8.310090000000000E-004, 2.244620000000000E-004, 8.151180000000000E-022, 1.224810000000000E+000, 3.516460000000000E+004, 1.000000000000000E+002, 1.002350000000000E+003,-7.031730000000000E-011, 2.899980000000000E-016
 8.412520000000000E-004, 2.264300000000000E-004, 1.097710000000000E-022, 1.224810000000000E+000, 3.516460000000000E+004, 1.000000000000000E+002, 1.002350000000000E+003,-7.927220000000000E-011,-5.761820000000000E-015
 8.514950000000000E-004, 2.283980000000000E-004,-4.999370000000000E-022, 1.224810000000000E+000, 3.516460000000000E+004, 1.000000000000000E+002, 1.002350000000000E+003,-8.730130000000000E-011,-1.783160000000000E-015
 8.617370000000000E-004, 2.303660000000000E-004, 3.793140000000000E-022, 1.224810000000000E+000, 3.516460000000000E+004, 1.000000000000000E+002, 1.002350000000000E+003,-9.533489999999999E-011, 2.693530000000000E-015
 8.719800000000000E-004, 2.323330000000000E-004,-1.280560000000000E-022, 1.224810000000000E+000, 3.516460000000000E+004, 1.000000000000000E+002, 1.002350000000000E+003,-8.606290000000000E-011,-1.434880000000000E-015
 8.822230000000000E-004, 2.343010000000000E-004,-5.981570000000000E-022, 1.224810000000000E+000, 3.516460000000000E+004, 1.000000000000000E+002, 1.002350000000000E+003,-9.849080000000000E-011, 1.937070000000000E-015
 8.924649999999999E-004, 2.362690000000000E-004,-9.884220000000000E-023, 1.224810000000000E+000, 3.516460000000000E+004, 1.000000000000000E+002, 1.002350000000000E+003,-9.899020000000000E-011, 5.117220000000000E-016
 9.027080000000000E-004, 2.382370000000000E-004,-2.869700000000000E-022, 1.224810000000000E+000, 3.516460000000000E+004, 1.000000000000000E+002, 1.002350000000000E+003,-9.480470000000000E-011, 3.919440000000000E-015
 9.129510000000000E-004, 2.402050000000000E-004,-3.990610000000000E-022, 1.224810000000000E+000, 3.516460000000000E+004, 1.000000000000000E+002, 1.002350000000000E+003,-1.061710000000000E-010, 2.303850000000000E-016
 9.231930000000000E-004, 2.421730000000000E-004, 7.956040000000000E-022, 1.224810000000000E+000, 3.516460000000000E+004, 1.000000000000000E+002, 1.002350000000000E+003,-1.088400000000000E-010, 6.104340000000000E-015
 9.334360000000001E-004, 2.441410000000000E-004,-4.924190000000000E-022, 1.224810000000000E+000, 3.516460000000000E+004, 1.000000000000000E+002, 1.002350000000000E+003,-1.363580000000000E-010, 6.254490000000000E-015
 9.436790000000000E-004, 2.461090000000000E-004,-3.035490000000000E-023, 1.224810000000000E+000, 3.516460000000000E+004, 1.000000000000000E+002, 1.002350000000000E+003,-1.388560000000000E-010, 4.998720000000000E-015
 9.539220000000000E-004, 2.480770000000000E-004, 3.093950000000000E-022, 1.224810000000000E+000, 3.516460000000000E+004, 1.000000000000000E+002, 1.002350000000000E+003,-1.235420000000000E-010, 3.771900000000000E-015
 9.641640000000000E-004, 2.500450000000000E-004, 4.685680000000000E-022, 1.224810000000000E+000, 3.516460000000000E+004, 1.000000000000000E+002, 1.002350000000000E+003, 1.727930000000000E-010, 2.812610000000000E-015
 9.744070000000001E-004, 2.520130000000000E-004, 3.495890000000000E-022, 1.224810000000000E+000, 3.516460000000000E+004, 1.000000000000000E+002, 1.002350000000000E+003,-6.256680000000000E-009, 1.719400000000000E-015
 9.846499999999999E-004, 2.539810000000000E-004,-1.655820000000000E-022, 1.224810000000000E+000, 3.516460000000000E+004, 1.000000000000000E+002, 1.002350000000000E+003, 1.088810000000000E-007,-3.703840000000000E-015
 9.948920000000000E-004, 2.559490000000000E-004,-4.610640000000000E-022, 1.224800000000000E+000, 3.516470000000000E+004, 1.000010000000000E+002, 1.002350000000000E+003,-4.779160000000000E-006,-7.862819999999999E-015
-7.730659999999999E-006, 6.127540000000000E-005, 2.505250000000000E-023, 2.313150000000000E+000, 1.992310000000000E+005, 2.999970000000000E+002, 7.809530000000000E+002, 2.935770000000000E+002, 9.028760000000000E-011
 2.498010000000000E-006, 6.314090000000000E-005,-7.564110000000000E-025, 1.679430000000000E+000, 1.340810000000000E+005, 2.780790000000000E+002, 8.389470000000000E+002, 2.366920000000000E+002, 3.976700000000000E-010
 1.272690000000000E-005, 6.500639999999999E-005,-7.442700000000000E-023, 1.277910000000000E+000, 9.294250000000000E+004, 2.533250000000000E+002, 9.028330000000000E+002, 1.810560000000000E+002,-5.622490000000000E-010
 2.295600000000000E-005, 6.687190000000000E-005,-9.085170000000000E-024, 1.200040000000000E+000, 7.875630000000000E+004, 2.285870000000000E+002, 9.570230000000000E+002, 1.346870000000000E+002,-7.615050000000000E-010
 3.318530000000000E-005, 6.873750000000000E-005,-7.700120000000000E-023, 1.205300000000000E+000, 7.029039999999999E+004, 2.031250000000000E+002, 9.716420000000001E+002, 1.285200000000000E+002,-6.604680000000000E-010
 4.341470000000000E-005, 7.060309999999999E-005, 1.656050000000000E-023, 1.299230000000000E+000, 6.742710000000001E+004, 1.807640000000000E+002, 9.951160000000000E+002, 1.238080000000000E+002,-4.619660000000000E-010
 5.364430000000000E-005, 7.246870000000001E-005, 1.386460000000000E-022, 1.489870000000000E+000, 6.880989999999999E+004, 1.608670000000000E+002, 1.013750000000000E+003, 1.177110000000000E+002,-2.327840000000000E-010
 6.387400000000001E-005, 7.433440000000000E-005,-3.707500000000000E-023, 1.710900000000000E+000, 7.085870000000000E+004, 1.442560000000000E+002, 1.020450000000000E+003, 1.194010000000000E+002,-1.082750000000000E-010
 7.410379999999999E-005, 7.620010000000000E-005,-9.052559999999999E-024, 1.895020000000000E+000, 7.258080000000000E+004, 1.334050000000000E+002, 1.017230000000000E+003, 1.205340000000000E+002,-4.458560000000000E-011
 8.433370000000000E-005, 7.806579999999999E-005, 1.577150000000000E-022, 1.957060000000000E+000, 7.119280000000000E+004, 1.267060000000000E+002, 1.009010000000000E+003, 1.155070000000000E+002,-1.476430000000000E-011
 9.456370000000000E-005, 7.993150000000000E-005,-2.057020000000000E-023, 1.942460000000000E+000, 6.841470000000000E+004, 1.226760000000000E+002, 1.004260000000000E+003, 1.082050000000000E+002,-8.878880000000001E-012
 1.047940000000000E-004, 8.179730000000000E-005, 6.074540000000000E-023, 1.836120000000000E+000, 6.272870000000000E+004, 1.189950000000000E+002, 9.972540000000000E+002, 9.059370000000000E+001,-2.136600000000000E-012
 1.150240000000000E-004, 8.366300000000000E-005,-8.955670000000000E-023, 1.667170000000000E+000, 5.498770000000000E+004, 1.148820000000000E+002, 9.951380000000000E+002, 6.740020000000000E+001,-9.212359999999999E-013
 1.252540000000000E-004, 8.552880000000000E-005,-5.087390000000000E-024, 1.524940000000000E+000, 4.857360000000000E+004, 1.109460000000000E+002, 9.965309999999999E+002, 4.718800000000000E+001,-3.273720000000000E-013
 1.354840000000000E-004, 8.739460000000000E-005,-8.164660000000000E-023, 1.427670000000000E+000, 4.417010000000000E+004, 1.077610000000000E+002, 9.982800000000000E+002, 3.276390000000000E+001, 1.056030000000000E-012
 1.457150000000000E-004, 8.926040000000000E-005, 4.675150000000000E-023, 1.357030000000000E+000, 4.099930000000000E+004, 1.052330000000000E+002, 9.997130000000000E+002, 2.193890000000000E+001,-2.214980000000000E-012
 1.559450000000000E-004, 9.112619999999999E-005, 8.854080000000000E-023, 1.303890000000000E+000, 3.864220000000000E+004, 1.032250000000000E+002, 1.000780000000000E+003, 1.350940000000000E+001, 3.517060000000000E-012
 1.661760000000000E-004, 9.299199999999999E-005, 1.379210000000000E-022, 1.267270000000000E+000, 3.703100000000000E+004, 1.017800000000000E+002, 1.001490000000000E+003, 7.491040000000000E+000,-4.513750000000000E-012
 1.764060000000000E-004, 9.485780000000001E-005, 8.051659999999999E-023, 1.245420000000000E+000, 3.607520000000000E+004, 1.008920000000000E+002, 1.001910000000000E+003, 3.779880000000000E+000, 4.891900000000000E-012
 1.866370000000000E-004, 9.672370000000000E-005,-4.307590000000000E-022, 1.234250000000000E+000, 3.558770000000000E+004, 1.004290000000000E+002, 1.002140000000000E+003, 1.818490000000000E+000,-5.015770000000000E-012
 1.968670000000000E-004, 9.858950000000000E-005,-1.062260000000000E-022, 1.229060000000000E+000, 3.536060000000000E+004, 1.002100000000000E+002, 1.002250000000000E+003, 8.695780000000000E-001, 5.095320000000000E-012
 2.070980000000000E-004, 1.004550000000000E-004, 1.044280000000000E-022, 1.226730000000000E+000, 3.525660000000000E+004, 1.001050000000000E+002, 1.002300000000000E+003, 4.191040000000000E-001,-5.019170000000000E-012
 2.173290000000000E-004, 1.023210000000000E-004, 2.062760000000000E-022, 1.225680000000000E+000, 3.520790000000000E+004, 1.000520000000000E+002, 1.002330000000000E+003, 2.092230000000000E-001, 4.426270000000000E-012
 2.275590000000000E-004, 1.041870000000000E-004,-5.146990000000000E-023, 1.225220000000000E+000, 3.518530000000000E+004, 1.000260000000000E+002, 1.002340000000000E+003, 1.091190000000000E-001,-3.466890000000000E-012
 2.377900000000000E-004, 1.060530000000000E-004,-8.730580000000000E-023, 1.225010000000000E+000, 3.517480000000000E+004, 1.000130000000000E+002, 1.002340000000000E+003, 6.016010000000000E-002, 2.481020000000000E-012
 2.480210000000000E-004, 1.079190000000000E-004,-2.001260000000000E-022, 1.224910000000000E+000, 3.516980000000000E+004, 1.000070000000000E+002, 1.002350000000000E+003, 3.526820000000000E-002,-1.893210000000000E-012
 2.582520000000000E-004, 1.097850000000000E-004, 7.087430000000000E-024, 1.224870000000000E+000, 3.516740000000000E+004, 1.000040000000000E+002, 1.002350000000000E+003, 2.184190000000000E-002, 1.977070000000000E-012
 2.684830000000000E-004, 1.116510000000000E-004, 7.193250000000000E-022, 1.224840000000000E+000, 3.516620000000000E+004, 1.000020000000000E+002, 1.002350000000000E+003, 1.406520000000000E-002,-2.480420000000000E-012
 2.787130000000000E-004, 1.135170000000000E-004,-3.018960000000000E-024, 1.224830000000000E+000, 3.516550000000000E+004, 1.000010000000000E+002, 1.002350000000000E+003, 9.269430000000000E-003, 2.915330000000000E-012
 2.889440000000000E-004, 1.153820000000000E-004, 5.563990000000000E-023, 1.224820000000000E+000, 3.516520000000000E+004, 1.000010000000000E+002, 1.002350000000000E+003, 6.175610000000000E-003,-2.855170000000000E-012
 2.991750000000000E-004, 1.172480000000000E-004, 2.437470000000000E-022, 1.224820000000000E+000, 3.516490000000000E+004, 1.000000000000000E+002, 1.002350000000000E+003, 4.123490000000000E-003, 2.420660000000000E-012
 3.094060000000000E-004, 1.191140000000000E-004, 2.925860000000000E-023, 1.224820000000000E+000, 3.516480000000000E+004, 1.000000000000000E+002, 1.002350000000000E+003, 2.744920000000000E-003,-1.812270000000000E-012
 3.196370000000000E-004, 1.209800000000000E-004, 5.959020000000000E-022, 1.224820000000000E+000, 3.516470000000000E+004, 1.000000000000000E+002, 1.002350000000000E+003, 1.818270000000000E-003, 1.040020000000000E-012
 3.298680000000000E-004, 1.228460000000000E-004,-1.732280000000000E-022, 1.224810000000000E+000, 3.516470000000000E+004, 1.000000000000000E+002, 1.002350000000000E+003, 1.199430000000000E-003,-1.310680000000000E-013
 3.400990000000000E-004, 1.247120000000000E-004, 1.937280000000000E-022, 1.224810000000000E+000, 3.516470000000000E+004, 1.000000000000000E+002, 1.002350000000000E+003, 7.895450000000000E-004,-7.042060000000000E-013
 3.503300000000000E-004, 1.265780000000000E-004, 2.804660000000000E-022, 1.224810000000000E+000, 3.516460000000000E+004, 1.000000000000000E+002, 1.002350000000000E+003, 5.199160000000000E-004, 1.114580000000000E-012
 3.605610000000000E-004, 1.284440000000000E-004,-4.231500000000000E-022, 1.224810000000000E+000, 3.516460000000000E+004, 1.000000000000000E+002, 1.002350000000000E+003, 3.433160000000000E-004,-9.657249999999999E-013
 3.707920000000000E-004, 1.303100000000000E-004, 8.195480000000000E-023, 1.224810000000000E+000, 3.516460000000000E+004, 1.000000000000000E+002, 1.002350000000000E+003, 2.278990000000000E-004, 4.237370000000000E-013
 3.810230000000000E-004, 1.321760000000000E-004,-1.575730000000000E-023, 1.224810000000000E+000, 3.516460000000000E+004, 1.000000000000000E+002, 1.002350000000000E+003, 1.523970000000000E-004, 2.811190000000000E-013
 3.912540000000000E-004, 1.340420000000000E-004, 4.432150000000000E-022, 1.224810000000000E+000, 3.516460000000000E+004, 1.000000000000000E+002, 1.002350000000000E+003, 1.027560000000000E-004,-8.126150000000000E-013
 4.014850000000000E-004, 1.359080000000000E-004,-1.561240000000000E-022, 1.224810000000000E+000, 3.516460000000000E+004, 1.000000000000000E+002, 1.002350000000000E+003, 6.989530000000000E-005, 8.297420000000000E-013
 4.117160000000000E-004, 1.377740000000000E-004,-4.915330000000000E-023, 1.224810000000000E+000, 3.516460000000000E+004, 1.000000000000000E+002, 1.002350000000000E+003, 4.799990000000000E-005,-4.983880000000000E-013
 4.219470000000000E-004, 1.396400000000000E-004,-4.427930000000000E-022, 1.224810000000000E+000, 3.516460000000000E+004, 1.000000000000000E+002, 1.002350000000000E+003, 3.330880000000000E-005, 2.140810000000000E-013
 4.321780000000000E-004, 1.415060000000000E-004, 3.351710000000000E-022, 1.224810000000000E+000, 3.516460000000000E+004, 1.000000000000000E+002, 1.002350000000000E+003, 2.335800000000000E-005,-1.481770000000000E-013
 4.424090000000000E-004, 1.433720000000000E-004, 2.588050000000000E-022, 1.224810000000000E+000, 3.516460000000000E+004, 1.000000000000000E+002, 1.002350000000000E+003, 1.655690000000000E-005, 1.774730000000000E-013
 4.526400000000000E-004, 1.452380000000000E-004,-4.020420000000000E-022, 1.224810000000000E+000, 3.516460000000000E+004, 1.000000000000000E+002, 1.002350000000000E+003, 1.186420000000000E-005,-9.009120000000000E-014
 4.628720000000000E-004, 1.471030000000000E-004, 3.633120000000000E-022, 1.224810000000000E+000, 3.516460000000000E+004, 1.000000000000000E+002, 1.002350000000000E+003, 8.594119999999999E-006,-1.162730000000000E-013
 4.731030000000000E-004, 1.489690000000000E-004,-2.530590000000000E-023, 1.224810000000000E+000, 3.516460000000000E+004, 1.000000000000000E+002, 1.002350000000000E+003, 6.295370000000000E-006, 2.627480000000000E-013
 4.833340000000000E-004, 1.508350000000000E-004,-4.922030000000000E-022, 1.224810000000000E+000, 3.516460000000000E+004, 1.000000000000000E+002, 1.002350000000000E+003, 4.659760000000000E-006,-3.443970000000000E-013
 4.935650000000000E-004, 1.527010000000000E-004,-1.724240000000000E-026, 1.224810000000000E+000, 3.516460000000000E+004, 1.000000000000000E+002, 1.002350000000000E+003, 3.488530000000000E-006, 3.159310000000000E-013
 5.037960000000000E-004, 1.545670000000000E-004,-4.808020000000000E-022, 1.224810000000000E+000, 3.516460000000000E+004, 1.000000000000000E+002, 1.002350000000000E+003, 2.638920000000000E-006,-2.850900000000000E-013
 5.140270000000000E-004, 1.564330000000000E-004, 1.290070000000000E-022, 1.224810000000000E+000, 3.516460000000000E+004, 1.000000000000000E+002, 1.002350000000000E+003, 2.015660000000000E-006, 1.792150000000000E-013
 5.242590000000000E-004, 1.582990000000000E-004, 4.338830000000000E-022, 1.224810000000000E+000, 3.516460000000000E+004, 1.000000000000000E+002, 1.002350000000000E+003, 1.555250000000000E-006,-5.802870000000000E-014
 5.344900000000000E-004, 1.601650000000000E-004, 4.928450000000000E-022, 1.224810000000000E+000, 3.516460000000000E+004, 1.000000000000000E+002, 1.002350000000000E+003, 1.208050000000000E-006,-7.364740000000000E-015
 5.447210000000000E-004, 1.620310000000000E-004,-1.701090000000000E-022, 1.224810000000000E+000, 3.516460000000000E+004, 1.000000000000000E+002, 1.002350000000000E+003, 9.482820000000000E-007,-4.069020000000000E-014
 5.549520000000000E-004, 1.638970000000000E-004,-2.454060000000000E-023, 1.224810000000000E+000, 3.516460000000000E+004, 1.000000000000000E+002, 1.002350000000000E+003, 7.477470000000000E-007, 6.122210000000000E-014
 5.651830000000000E-004, 1.657630000000000E-004, 5.729500000000000E-024, 1.224810000000000E+000, 3.516460000000000E+004, 1.000000000000000E+002, 1.002350000000000E+003, 5.947800000000000E-007,-6.639930000000000E-014
 5.754150000000000E-004, 1.676290000000000E-004,-8.403310000000000E-022, 1.224810000000000E+000, 3.516460000000000E+004, 1.000000000000000E+002, 1.002350000000000E+003, 4.761360000000000E-007, 2.930460000000000E-014
 5.856460000000000E-004, 1.694950000000000E-004,-1.668370000000000E-022, 1.224810000000000E+000, 3.516460000000000E+004, 1.000000000000000E+002, 1.002350000000000E+003, 3.828370000000000E-007,-8.036070000000000E-014
 5.958770000000000E-004, 1.713610000000000E-004,-5.648130000000000E-023, 1.224810000000000E+000, 3.516460000000000E+004, 1.000000000000000E+002, 1.002350000000000E+003, 3.105730000000000E-007, 9.321830000000000E-014
 6.061080000000000E-004, 1.732270000000000E-004,-1.822660000000000E-022, 1.224810000000000E+000, 3.516460000000000E+004, 1.000000000000000E+002, 1.002350000000000E+003, 2.522920000000000E-007,-4.446380000000000E-014
 6.163390000000000E-004, 1.750930000000000E-004, 5.449460000000000E-023, 1.224810000000000E+000, 3.516460000000000E+004, 1.000000000000000E+002, 1.002350000000000E+003, 2.071140000000000E-007,-4.914390000000000E-014
 6.265710000000000E-004, 1.769590000000000E-004,-9.062480000000000E-023, 1.224810000000000E+000, 3.516460000000000E+004, 1.000000000000000E+002, 1.002350000000000E+003, 1.702730000000000E-007, 9.483390000000000E-014
 6.368020000000000E-004, 1.788250000000000E-004,-2.387630000000000E-022, 1.224810000000000E+000, 3.516460000000000E+004, 1.000000000000000E+002, 1.002350000000000E+003, 1.408100000000000E-007,-9.789500000000000E-014
 6.470330000000000E-004, 1.806910000000000E-004, 2.694390000000000E-022, 1.224810000000000E+000, 3.516460000000000E+004, 1.000000000000000E+002, 1.002350000000000E+003, 1.171870000000000E-007, 1.023500000000000E-013
 6.572640000000000E-004, 1.825570000000000E-004,-6.493730000000000E-023, 1.224810000000000E+000, 3.516460000000000E+004, 1.000000000000000E+002, 1.002350000000000E+003, 9.781680000000000E-008,-6.815530000000000E-014
 6.674960000000000E-004, 1.844230000000000E-004,-1.204700000000000E-022, 1.224810000000000E+000, 3.516460000000000E+004, 1.000000000000000E+002, 1.002350000000000E+003, 8.200520000000000E-008, 4.979280000000000E-014
 6.777270000000000E-004, 1.862890000000000E-004, 1.900980000000000E-022, 1.224810000000000E+000, 3.516460000000000E+004, 1.000000000000000E+002, 1.002350000000000E+003, 6.912960000000000E-008,-2.098820000000000E-014
 6.879580000000000E-004, 1.881550000000000E-004, 9.357869999999999E-022, 1.224810000000000E+000, 3.516460000000000E+004, 1.000000000000000E+002, 1.002350000000000E+003, 5.835790000000000E-008, 1.730680000000000E-014
 6.981900000000000E-004, 1.900210000000000E-004,-1.154880000000000E-022, 1.224810000000000E+000, 3.516460000000000E+004, 1.000000000000000E+002, 1.002350000000000E+003, 4.951700000000000E-008,-4.714630000000000E-014
 7.084210000000000E-004, 1.918870000000000E-004, 8.022920000000000E-023, 1.224810000000000E+000, 3.516460000000000E+004, 1.000000000000000E+002, 1.002350000000000E+003, 4.214280000000000E-008, 6.738149999999999E-014
 7.186520000000000E-004, 1.937530000000000E-004,-1.756920000000000E-022, 1.224810000000000E+000, 3.516460000000000E+004, 1.000000000000000E+002, 1.002350000000000E+003, 3.600850000000000E-008,-6.702090000000000E-014
 7.288830000000000E-004, 1.956190000000000E-004, 1.865550000000000E-022, 1.224810000000000E+000, 3.516460000000000E+004, 1.000000000000000E+002, 1.002350000000000E+003, 3.082410000000000E-008, 4.823830000000000E-014
 7.391150000000000E-004, 1.974850000000000E-004,-6.238600000000000E-022, 1.224810000000000E+000, 3.516460000000000E+004, 1.000000000000000E+002, 1.002350000000000E+003, 2.653990000000000E-008,-1.420750000000000E-014
 7.493460000000000E-004, 1.993510000000000E-004, 1.196900000000000E-023, 1.224810000000000E+000, 3.516460000000000E+004, 1.000000000000000E+002, 1.002350000000000E+003, 2.278940000000000E-008,-1.445390000000000E-014
 7.595770000000000E-004, 2.012170000000000E-004, 3.341460000000000E-022, 1.224810000000000E+000, 3.516460000000000E+004, 1.000000000000000E+002, 1.002350000000000E+003, 1.980580000000000E-008, 3.904750000000000E-014
 7.698090000000000E-004, 2.030830000000000E-004, 9.564670000000001E-022, 1.224810000000000E+000, 3.516460000000000E+004, 1.000000000000000E+002, 1.002350000000000E+003, 1.697040000000000E-008,-4.101070000000000E-014
 7.800400000000000E-004, 2.049490000000000E-004,-1.288430000000000E-022, 1.224810000000000E+000, 3.516460000000000E+004, 1.000000000000000E+002, 1.002350000000000E+003, 1.498070000000000E-008, 3.062590000000000E-014
 7.902710000000001E-004, 2.068150000000000E-004, 8.078910000000000E-023, 1.224810000000000E+000, 3.516460000000000E+004, 1.000000000000000E+002, 1.002350000000000E+003, 1.279550000000000E-008,-1.450650000000000E-014
 8.005030000000000E-004, 2.086810000000000E-004, 4.532370000000000E-022, 1.224810000000000E+000, 3.516460000000000E+004, 1.000000000000000E+002, 1.002350000000000E+003, 1.128580000000000E-008,-1.532640000000000E-015
 8.107340000000000E-004, 2.105470000000000E-004, 5.049480000000000E-022, 1.224810000000000E+000, 3.516460000000000E+004, 1.000000000000000E+002, 1.002350000000000E+003, 1.005200000000000E-008,-3.768060000000000E-015
 8.209650000000000E-004, 2.124130000000000E-004,-3.786270000000000E-022, 1.224810000000000E+000, 3.516460000000000E+004, 1.000000000000000E+002, 1.002350000000000E+003, 8.046979999999999E-009,-2.770540000000000E-015
 8.311970000000000E-004, 2.142790000000000E-004,-3.745820000000000E-023, 1.224810000000000E+000, 3.516460000000000E+004, 1.000000000000000E+002, 1.002350000000000E+003, 8.264410000000000E-009,-3.252650000000000E-015
 8.414280000000000E-004, 2.161450000000000E-004,-3.864990000000000E-022, 1.224810000000000E+000, 3.516460000000000E+004, 1.000000000000000E+002, 1.002350000000000E+003, 6.088010000000000E-009,-2.877310000000000E-015
 8.516590000000001E-004, 2.180110000000000E-004, 6.495810000000000E-022, 1.224810000000000E+000, 3.516460000000000E+004, 1.000000000000000E+002, 1.002350000000000E+003, 6.392170000000000E-009,-3.907570000000000E-015
 8.618900000000000E-004, 2.198770000000000E-004, 9.766220000000000E-023, 1.224810000000000E+000, 3.516460000000000E+004, 1.000000000000000E+002, 1.002350000000000E+003, 4.768880000000000E-009,-2.874530000000000E-015
 8.721220000000000E-004, 2.217430000000000E-004,-1.050690000000000E-021, 1.224810000000000E+000, 3.516460000000000E+004, 1.000000000000000E+002, 1.002350000000000E+003, 5.031340000000000E-009,-5.044410000000000E-015
 8.823530000000000E-004, 2.236090000000000E-004, 5.884900000000000E-022, 1.224810000000000E+000, 3.516460000000000E+004, 1.000000000000000E+002, 1.002350000000000E+003, 3.736840000000000E-009,-3.227500000000000E-015
 8.925840000000000E-004, 2.254750000000000E-004, 8.635160000000001E-022, 1.224810000000000E+000, 3.516460000000000E+004, 1.000000000000000E+002, 1.002350000000000E+003, 3.937820000000000E-009,-3.483540000000000E-015
 9.028160000000000E-004, 2.273410000000000E-004,-1.054450000000000E-022, 1.224810000000000E+000, 3.516460000000000E+004, 1.000000000000000E+002, 1.002350000000000E+003, 2.941320000000000E-009,-1.079290000000000E-015
 9.130469999999999E-004, 2.292070000000000E-004, 1.341330000000000E-022, 1.224810000000000E+000, 3.516460000000000E+004, 1.000000000000000E+002, 1.002350000000000E+003, 3.111160000000000E-009,-3.411290000000000E-015
 9.232790000000000E-004, 2.310730000000000E-004, 1.065860000000000E-021, 1.224810000000000E+000, 3.516460000000000E+004, 1.000000000000000E+002, 1.002350000000000E+003, 2.341060000000000E-009,-1.569420000000000E-015
 9.335100000000000E-004, 2.329390000000000E-004,-7.920630000000000E-022, 1.224810000000000E+000, 3.516460000000000E+004, 1.000000000000000E+002, 1.002350000000000E+003, 2.476030000000000E-009, 1.967240000000000E-015
 9.437410000000000E-004, 2.348050000000000E-004,-4.395500000000000E-022, 1.224810000000000E+000, 3.516460000000000E+004, 1.000000000000000E+002, 1.002350000000000E+003, 1.880640000000000E-009, 6.579710000000000E-017
 9.539730000000000E-004, 2.366710000000000E-004,-1.120850000000000E-022, 1.224810000000000E+000, 3.516460000000000E+004, 1.000000000000000E+002, 1.002350000000000E+003, 1.791480000000000E-009,-1.398440000000000E-016
 9.642040000000000E-004, 2.385370000000000E-004, 1.208760000000000E-022, 1.224810000000000E+000, 3.516460000000000E+004, 1.000000000000000E+002, 1.002350000000000E+003, 1.861050000000000E-009, 3.601350000000000E-015
 9.744349999999999E-004, 2.404030000000000E-004, 1.648250000000000E-022, 1.224810000000000E+000, 3.516460000000000E+004, 1.000000000000000E+002, 1.002350000000000E+003,-5.766320000000000E-009, 3.471840000000000E-015
 9.846670000000001E-004, 2.422690000000000E-004,-3.913020000000000E-022, 1.224810000000000E+000, 3.516460000000000E+004, 1.000000000000000E+002, 1.002350000000000E+003, 1.022740000000000E-007, 6.433500000000000E-015
 9.948979999999999E-004, 2.441350000000000E-004, 5.772110000000000E-022, 1.224800000000000E+000, 3.516470000000000E+004, 1.000010000000000E+002, 1.002350000000000E+003,-4.598190000000000E-006, 8.444610000000000E-015
-6.669550000000000E-006, 5.954470000000000E-005,-6.628400000000000E-023, 1.945910000000000E+000, 1.733330000000000E+005, 3.102580000000000E+002, 8.018790000000000E+002, 2.689170000000000E+002, 5.242200000000000E-010
 3.548370000000000E-006, 6.131329999999999E-005, 4.856930000000000E-017, 1.305390000000000E+000, 1.063010000000000E+005, 2.836350000000000E+002, 8.573620000000000E+002, 2.409500000000000E+002,-7.784910000000000E-010
 1.376650000000000E-005, 6.308200000000000E-005, 6.703220000000000E-018, 1.077380000000000E+000, 8.100050000000000E+004, 2.618680000000000E+002, 9.343180000000000E+002, 1.858170000000000E+002,-2.416060000000000E-009
 2.398480000000000E-005, 6.485070000000000E-005, 7.107839999999999E-024, 1.066360000000000E+000, 7.323750000000000E+004, 2.392170000000000E+002, 9.623260000000000E+002, 1.443950000000000E+002,-1.825720000000000E-009
 3.420340000000000E-005, 6.661939999999999E-005,-3.092980000000000E-023, 1.080080000000000E+000, 6.628739999999999E+004, 2.137660000000000E+002, 9.805820000000000E+002, 1.287070000000000E+002,-1.593020000000000E-009
 4.442200000000000E-005, 6.838820000000000E-005,-1.180710000000000E-022, 1.188630000000000E+000, 6.538750000000000E+004, 1.916080000000000E+002, 1.000150000000000E+003, 1.217480000000000E+002,-1.217120000000000E-009
 5.464080000000000E-005, 7.015700000000000E-005, 1.338360000000000E-022, 1.401120000000000E+000, 6.842370000000000E+004, 1.700970000000000E+002, 1.014030000000000E+003, 1.221550000000000E+002,-6.950450000000000E-010
 6.485970000000001E-005, 7.192580000000000E-005, 3.531560000000000E-023, 1.636610000000000E+000, 7.008360000000001E+004, 1.491540000000000E+002, 1.019080000000000E+003, 1.201710000000000E+002,-3.214280000000000E-010
 7.507880000000000E-005, 7.369460000000000E-005, 1.336570000000000E-023, 1.852720000000000E+000, 7.165920000000000E+004, 1.347180000000000E+002, 1.015130000000000E+003, 1.217480000000000E+002,-1.315800000000000E-010
 8.529790000000000E-005, 7.546350000000000E-005, 2.396050000000000E-023, 1.994290000000000E+000, 7.304900000000000E+004, 1.275820000000000E+002, 1.006260000000000E+003, 1.196930000000000E+002,-4.080080000000000E-011
 9.551720000000000E-005, 7.723230000000000E-005, 2.706640000000000E-022, 2.033910000000000E+000, 7.291089999999999E+004, 1.248600000000000E+002, 9.967619999999999E+002, 1.133010000000000E+002,-1.290860000000000E-011
 1.057360000000000E-004, 7.900120000000000E-005,-2.043780000000000E-022, 2.036880000000000E+000, 7.264420000000000E+004, 1.242220000000000E+002, 9.944109999999999E+002, 1.104630000000000E+002,-7.823339999999999E-012
 1.159560000000000E-004, 8.077009999999999E-005, 4.961010000000000E-023, 2.023810000000000E+000, 7.194510000000001E+004, 1.238220000000000E+002, 9.914890000000000E+002, 1.064440000000000E+002,-3.357160000000000E-012
 1.261750000000000E-004, 8.253910000000000E-005, 3.145780000000000E-022, 1.975120000000000E+000, 6.959180000000000E+004, 1.227240000000000E+002, 9.894070000000000E+002, 1.024310000000000E+002,-1.461270000000000E-012
 1.363950000000000E-004, 8.430800000000001E-005, 1.701710000000000E-022, 1.914880000000000E+000, 6.664000000000000E+004, 1.212150000000000E+002, 9.896400000000000E+002, 9.726380000000000E+001, 1.099330000000000E-012
 1.466140000000000E-004, 8.607690000000000E-005, 5.023460000000000E-023, 1.855310000000000E+000, 6.373400000000000E+004, 1.196520000000000E+002, 9.905530000000000E+002, 9.100530000000001E+001,-2.172240000000000E-012
 1.568340000000000E-004, 8.784590000000001E-005, 2.463180000000000E-022, 1.788630000000000E+000, 6.056810000000000E+004, 1.179470000000000E+002, 9.916280000000000E+002, 8.317860000000000E+001, 3.190260000000000E-012
 1.670540000000000E-004, 8.961480000000000E-005, 2.280830000000000E-022, 1.711950000000000E+000, 5.701890000000000E+004, 1.160090000000000E+002, 9.929200000000000E+002, 7.350120000000000E+001,-4.177900000000000E-012
 1.772740000000000E-004, 9.138380000000000E-005, 7.034180000000000E-023, 1.627520000000000E+000, 5.316490000000000E+004, 1.137790000000000E+002, 9.944010000000000E+002, 6.212640000000000E+001, 4.811340000000000E-012
 1.874930000000000E-004, 9.315279999999999E-005, 2.060040000000000E-022, 1.539950000000000E+000, 4.918160000000000E+004, 1.112400000000000E+002, 9.960930000000000E+002, 4.959070000000000E+001,-5.336090000000000E-012
 1.977130000000000E-004, 9.492180000000000E-005,-1.959750000000000E-022, 1.460060000000000E+000, 4.556790000000000E+004, 1.087060000000000E+002, 9.977050000000000E+002, 3.776580000000000E+001, 5.514680000000000E-012
 2.079330000000000E-004, 9.669080000000000E-005,-2.655260000000000E-022, 1.393760000000000E+000, 4.259640000000000E+004, 1.064510000000000E+002, 9.989980000000000E+002, 2.768790000000000E+001,-4.987470000000000E-012
 2.181530000000000E-004, 9.845980000000000E-005,-5.465630000000000E-022, 1.340850000000000E+000, 4.024600000000000E+004, 1.045460000000000E+002, 1.000010000000000E+003, 1.940160000000000E+001, 3.434190000000000E-012
 2.283730000000000E-004, 1.002290000000000E-004, 9.458040000000001E-025, 1.300550000000000E+000, 3.846880000000000E+004, 1.030260000000000E+002, 1.000780000000000E+003, 1.290920000000000E+001,-1.450020000000000E-012
 2.385930000000000E-004, 1.019980000000000E-004,-2.342810000000000E-023, 1.271710000000000E+000, 3.720590000000000E+004, 1.019030000000000E+002, 1.001330000000000E+003, 8.150440000000000E+000, 8.852800000000000E-014
 2.488130000000000E-004, 1.037670000000000E-004,-1.130620000000000E-022, 1.252500000000000E+000, 3.636990000000000E+004, 1.011410000000000E+002, 1.001710000000000E+003, 4.915770000000000E+000,-4.499800000000000E-013
 2.590330000000000E-004, 1.055360000000000E-004, 1.821800000000000E-022, 1.240600000000000E+000, 3.585480000000000E+004, 1.006650000000000E+002, 1.001970000000000E+003, 2.876490000000000E+000, 2.662310000000000E-012
 2.692530000000000E-004, 1.073050000000000E-004,-6.199670000000000E-024, 1.233690000000000E+000, 3.555620000000000E+004, 1.003860000000000E+002, 1.002130000000000E+003, 1.668470000000000E+000,-5.806330000000000E-012
 2.794730000000000E-004, 1.090740000000000E-004,-4.952700000000000E-022, 1.229800000000000E+000, 3.538770000000000E+004, 1.002260000000000E+002, 1.002230000000000E+003, 9.701230000000000E-001, 8.953730000000000E-012
 2.896930000000000E-004, 1.108430000000000E-004,-7.997040000000000E-023, 1.227620000000000E+000, 3.529250000000000E+004, 1.001350000000000E+002, 1.002280000000000E+003, 5.652650000000000E-001,-1.173740000000000E-011
 2.999130000000000E-004, 1.126120000000000E-004,-1.362730000000000E-022, 1.226390000000000E+000, 3.523820000000000E+004, 1.000800000000000E+002, 1.002310000000000E+003, 3.327530000000000E-001, 1.450080000000000E-011
 3.101330000000000E-004, 1.143810000000000E-004, 1.257270000000000E-022, 1.225710000000000E+000, 3.520700000000000E+004, 1.000470000000000E+002, 1.002330000000000E+003, 1.995590000000000E-001,-1.710000000000000E-011
 3.203530000000000E-004, 1.161500000000000E-004,-2.585300000000000E-022, 1.225330000000000E+000, 3.518930000000000E+004, 1.000280000000000E+002, 1.002340000000000E+003, 1.223000000000000E-001, 1.844720000000000E-011
 3.305740000000000E-004, 1.179190000000000E-004,-1.297110000000000E-022, 1.225110000000000E+000, 3.517920000000000E+004, 1.000170000000000E+002, 1.002340000000000E+003, 7.706209999999999E-002,-1.774100000000000E-011
 3.407940000000000E-004, 1.196880000000000E-004, 1.069140000000000E-022, 1.224990000000000E+000, 3.517340000000000E+004, 1.000100000000000E+002, 1.002340000000000E+003, 5.013400000000000E-002, 1.593720000000000E-011
 3.510140000000000E-004, 1.214570000000000E-004, 1.142470000000000E-022, 1.224920000000000E+000, 3.517000000000000E+004, 1.000070000000000E+002, 1.002350000000000E+003, 3.369530000000000E-002,-1.514310000000000E-011
 3.612340000000000E-004, 1.232260000000000E-004, 4.312250000000000E-022, 1.224880000000000E+000, 3.516800000000000E+004, 1.000040000000000E+002, 1.002350000000000E+003, 2.333280000000000E-002, 1.598320000000000E-011
 3.714550000000000E-004, 1.249960000000000E-004, 1.717560000000000E-022, 1.224860000000000E+000, 3.516680000000000E+004, 1.000030000000000E+002, 1.002350000000000E+003, 1.656920000000000E-002,-1.680850000000000E-011
 3.816750000000000E-004, 1.267650000000000E-004, 2.584630000000000E-022, 1.224840000000000E+000, 3.516610000000000E+004, 1.000020000000000E+002, 1.002350000000000E+003, 1.200100000000000E-002, 1.518160000000000E-011
 3.918950000000000E-004, 1.285340000000000E-004, 1.196820000000000E-022, 1.224830000000000E+000, 3.516560000000000E+004, 1.000010000000000E+002, 1.002350000000000E+003, 8.821290000000001E-003,-9.770159999999999E-012
 4.021150000000000E-004, 1.303030000000000E-004, 2.501560000000000E-022, 1.224830000000000E+000, 3.516530000000000E+004, 1.000010000000000E+002, 1.002350000000000E+003, 6.553340000000000E-003, 9.778650000000001E-013
 4.123360000000000E-004, 1.320720000000000E-004, 2.009430000000000E-023, 1.224820000000000E+000, 3.516510000000000E+004, 1.000010000000000E+002, 1.002350000000000E+003, 4.903950000000000E-003, 9.301800000000000E-012
 4.225560000000000E-004, 1.338410000000000E-004,-3.514030000000000E-022, 1.224820000000000E+000, 3.516490000000000E+004, 1.000000000000000E+002, 1.002350000000000E+003, 3.686940000000000E-003,-1.922000000000000E-011
 4.327760000000000E-004, 1.356100000000000E-004, 2.479970000000000E-022, 1.224820000000000E+000, 3.516480000000000E+004, 1.000000000000000E+002, 1.002350000000000E+003, 2.780520000000000E-003, 2.776300000000000E-011
 4.429970000000000E-004, 1.373790000000000E-004,-2.982900000000000E-022, 1.224820000000000E+000, 3.516480000000000E+004, 1.000000000000000E+002, 1.002350000000000E+003, 2.101160000000000E-003,-3.415130000000000E-011
 4.532170000000000E-004, 1.391480000000000E-004,-3.610700000000000E-022, 1.224820000000000E+000, 3.516470000000000E+004, 1.000000000000000E+002, 1.002350000000000E+003, 1.589480000000000E-003, 3.704260000000000E-011
 4.634370000000000E-004, 1.409170000000000E-004, 5.220290000000000E-023, 1.224810000000000E+000, 3.516470000000000E+004, 1.000000000000000E+002, 1.002350000000000E+003, 1.202770000000000E-003,-3.530850000000000E-011
 4.736580000000000E-004, 1.426860000000000E-004,-2.905950000000000E-023, 1.224810000000000E+000, 3.516470000000000E+004, 1.000000000000000E+002, 1.002350000000000E+003, 9.099689999999999E-004, 2.922400000000000E-011
 4.838780000000000E-004, 1.444560000000000E-004,-3.443010000000000E-022, 1.224810000000000E+000, 3.516460000000000E+004, 1.000000000000000E+002, 1.002350000000000E+003, 6.883360000000000E-004,-1.995670000000000E-011
 4.940980000000000E-004, 1.462250000000000E-004,-1.144850000000000E-022, 1.224810000000000E+000, 3.516460000000000E+004, 1.000000000000000E+002, 1.002350000000000E+003, 5.207240000000000E-004, 8.926799999999999E-012
 5.043190000000000E-004, 1.479940000000000E-004, 5.835870000000000E-023, 1.224810000000000E+000, 3.516460000000000E+004, 1.000000000000000E+002, 1.002350000000000E+003, 3.943290000000000E-004, 1.857840000000000E-012
 5.145389999999999E-004, 1.497630000000000E-004, 2.855390000000000E-022, 1.224810000000000E+000, 3.516460000000000E+004, 1.000000000000000E+002, 1.002350000000000E+003, 2.990950000000000E-004,-9.757319999999999E-012
 5.247600000000000E-004, 1.515320000000000E-004, 1.083360000000000E-022, 1.224810000000000E+000, 3.516460000000000E+004, 1.000000000000000E+002, 1.002350000000000E+003, 2.272150000000000E-004, 1.254180000000000E-011
 5.349800000000000E-004, 1.533010000000000E-004,-6.204110000000000E-023, 1.224810000000000E+000, 3.516460000000000E+004, 1.000000000000000E+002, 1.002350000000000E+003, 1.731170000000000E-004,-9.848850000000000E-012
 5.452000000000000E-004, 1.550700000000000E-004, 1.877580000000000E-022, 1.224810000000000E+000, 3.516460000000000E+004, 1.000000000000000E+002, 1.002350000000000E+003, 1.322370000000000E-004, 3.689450000000000E-012
 5.554210000000000E-004, 1.568390000000000E-004,-1.706140000000000E-022, 1.224810000000000E+000, 3.516460000000000E+004, 1.000000000000000E+002, 1.002350000000000E+003, 1.014870000000000E-004, 2.374000000000000E-012
 5.656410000000000E-004, 1.586080000000000E-004,-2.772270000000000E-023, 1.224810000000000E+000, 3.516460000000000E+004, 1.000000000000000E+002, 1.002350000000000E+003, 7.818090000000000E-005,-4.691810000000000E-012
 5.758620000000000E-004, 1.603780000000000E-004, 1.075890000000000E-023, 1.224810000000000E+000, 3.516460000000000E+004, 1.000000000000000E+002, 1.002350000000000E+003, 6.063510000000000E-005, 1.756000000000000E-012
 5.860820000000000E-004, 1.621470000000000E-004,-2.260200000000000E-022, 1.224810000000000E+000, 3.516460000000000E+004, 1.000000000000000E+002, 1.002350000000000E+003, 4.728290000000000E-005, 5.149090000000000E-012
 5.963030000000000E-004, 1.639160000000000E-004, 1.175160000000000E-022, 1.224810000000000E+000, 3.516460000000000E+004, 1.000000000000000E+002, 1.002350000000000E+003, 3.719820000000000E-005,-1.324100000000000E-011
 6.065230000000000E-004, 1.656850000000000E-004, 2.809670000000000E-022, 1.224810000000000E+000, 3.516460000000000E+004, 1.000000000000000E+002, 1.002350000000000E+003, 2.949990000000000E-005, 1.989210000000000E-011
 6.167440000000000E-004, 1.674540000000000E-004,-3.502640000000000E-022, 1.224810000000000E+000, 3.516460000000000E+004, 1.000000000000000E+002, 1.002350000000000E+003, 2.361990000000000E-005,-2.336920000000000E-011
 6.269640000000000E-004, 1.692230000000000E-004, 6.507510000000000E-022, 1.224810000000000E+000, 3.516460000000000E+004, 1.000000000000000E+002, 1.002350000000000E+003, 1.908780000000000E-005, 2.299890000000000E-011
 6.371839999999999E-004, 1.709920000000000E-004,-2.784040000000000E-022, 1.224810000000000E+000, 3.516460000000000E+004, 1.000000000000000E+002, 1.002350000000000E+003, 1.556550000000000E-005,-1.953200000000000E-011
 6.474050000000000E-004, 1.727610000000000E-004,-8.363279999999999E-024, 1.224810000000000E+000, 3.516460000000000E+004, 1.000000000000000E+002, 1.002350000000000E+003, 1.278180000000000E-005, 1.467800000000000E-011
 6.576250000000000E-004, 1.745310000000000E-004, 3.475860000000000E-022, 1.224810000000000E+000, 3.516460000000000E+004, 1.000000000000000E+002, 1.002350000000000E+003, 1.060920000000000E-005,-1.015590000000000E-011
 6.678460000000000E-004, 1.763000000000000E-004,-1.819670000000000E-022, 1.224810000000000E+000, 3.516460000000000E+004, 1.000000000000000E+002, 1.002350000000000E+003, 8.826039999999999E-006, 6.967020000000000E-012
 6.780660000000000E-004, 1.780690000000000E-004, 7.907400000000000E-023, 1.224810000000000E+000, 3.516460000000000E+004, 1.000000000000000E+002, 1.002350000000000E+003, 7.418160000000000E-006,-5.177840000000000E-012
 6.882870000000000E-004, 1.798380000000000E-004,-7.966080000000000E-024, 1.224810000000000E+000, 3.516460000000000E+004, 1.000000000000000E+002, 1.002350000000000E+003, 6.263580000000000E-006, 4.388640000000000E-012
 6.985070000000000E-004, 1.816070000000000E-004,-1.637160000000000E-022, 1.224810000000000E+000, 3.516460000000000E+004, 1.000000000000000E+002, 1.002350000000000E+003, 5.302820000000000E-006,-4.116120000000000E-012
 7.087280000000000E-004, 1.833760000000000E-004,-2.743960000000000E-022, 1.224810000000000E+000, 3.516460000000000E+004, 1.000000000000000E+002, 1.002350000000000E+003, 4.538160000000000E-006, 3.692050000000000E-012
 7.189480000000000E-004, 1.851450000000000E-004,-2.716430000000000E-022, 1.224810000000000E+000, 3.516460000000000E+004, 1.000000000000000E+002, 1.002350000000000E+003, 3.877280000000000E-006,-2.540410000000000E-012
 7.291690000000000E-004, 1.869140000000000E-004,-3.758130000000000E-022, 1.224810000000000E+000, 3.516460000000000E+004, 1.000000000000000E+002, 1.002350000000000E+003, 3.339290000000000E-006, 8.059720000000000E-013
 7.393890000000000E-004, 1.886840000000000E-004,-9.405340000000000E-023, 1.224810000000000E+000, 3.516460000000000E+004, 1.000000000000000E+002, 1.002350000000000E+003, 2.896100000000000E-006, 5.212700000000000E-013
 7.496099999999999E-004, 1.904530000000000E-004, 2.177140000000000E-022, 1.224810000000000E+000, 3.516460000000000E+004, 1.000000000000000E+002, 1.002350000000000E+003, 2.490690000000000E-006,-4.722670000000000E-013
 7.598310000000000E-004, 1.922220000000000E-004,-4.408450000000000E-022, 1.224810000000000E+000, 3.516460000000000E+004, 1.000000000000000E+002, 1.002350000000000E+003, 2.202160000000000E-006,-1.032860000000000E-012
 7.700510000000000E-004, 1.939910000000000E-004,-1.074550000000000E-022, 1.224810000000000E+000, 3.516460000000000E+004, 1.000000000000000E+002, 1.002350000000000E+003, 1.882530000000000E-006, 3.024270000000000E-012
 7.802720000000000E-004, 1.957600000000000E-004, 4.137130000000000E-022, 1.224810000000000E+000, 3.516460000000000E+004, 1.000000000000000E+002, 1.002350000000000E+003, 1.698850000000000E-006,-4.128770000000000E-012
 7.904920000000000E-004, 1.975290000000000E-004,-7.232250000000000E-022, 1.224810000000000E+000, 3.516460000000000E+004, 1.000000000000000E+002, 1.002350000000000E+003, 1.446130000000000E-006, 3.480770000000000E-012
 8.007130000000000E-004, 1.992980000000000E-004, 4.394430000000000E-022, 1.224810000000000E+000, 3.516460000000000E+004, 1.000000000000000E+002, 1.002350000000000E+003, 1.308360000000000E-006,-1.838760000000000E-012
 8.109330000000000E-004, 2.010670000000000E-004, 3.276280000000000E-022, 1.224810000000000E+000, 3.516460000000000E+004, 1.000000000000000E+002, 1.002350000000000E+003, 1.167780000000000E-006, 3.600610000000000E-013
 8.211540000000000E-004, 2.028370000000000E-004, 2.682220000000000E-022, 1.224810000000000E+000, 3.516460000000000E+004, 1.000000000000000E+002, 1.002350000000000E+003, 9.499650000000000E-007, 1.682830000000000E-013
 8.313740000000000E-004, 2.046060000000000E-004, 4.181230000000000E-023, 1.224810000000000E+000, 3.516460000000000E+004, 1.000000000000000E+002, 1.002350000000000E+003, 9.832449999999999E-007,-6.291609999999999E-014
 8.415950000000000E-004, 2.063750000000000E-004,-7.788590000000000E-022, 1.224810000000000E+000, 3.516460000000000E+004, 1.000000000000000E+002, 1.002350000000000E+003, 7.433720000000000E-007, 2.473380000000000E-015
 8.518150000000000E-004, 2.081440000000000E-004,-2.510300000000000E-022, 1.224810000000000E+000, 3.516460000000000E+004, 1.000000000000000E+002, 1.002350000000000E+003, 7.788860000000000E-007, 9.917340000000000E-015
 8.620360000000001E-004, 2.099130000000000E-004,-8.920880000000000E-022, 1.224810000000000E+000, 3.516460000000000E+004, 1.000000000000000E+002, 1.002350000000000E+003, 5.960760000000000E-007, 3.103420000000000E-015
 8.722560000000000E-004, 2.116820000000000E-004,-4.487870000000000E-023, 1.224810000000000E+000, 3.516460000000000E+004, 1.000000000000000E+002, 1.002350000000000E+003, 6.264780000000000E-007, 2.875170000000000E-015
 8.824770000000000E-004, 2.134510000000000E-004, 2.221340000000000E-023, 1.224810000000000E+000, 3.516460000000000E+004, 1.000000000000000E+002, 1.002350000000000E+003, 4.804410000000000E-007, 2.685490000000000E-015
 8.926980000000000E-004, 2.152210000000000E-004, 1.533530000000000E-022, 1.224810000000000E+000, 3.516460000000000E+004, 1.000000000000000E+002, 1.002350000000000E+003, 5.054190000000000E-007,-1.945480000000000E-016
 9.029179999999999E-004, 2.169900000000000E-004, 1.521330000000000E-022, 1.224810000000000E+000, 3.516460000000000E+004, 1.000000000000000E+002, 1.002350000000000E+003, 3.908100000000000E-007, 4.149120000000000E-015
 9.131390000000000E-004, 2.187590000000000E-004,-5.558980000000000E-022, 1.224810000000000E+000, 3.516460000000000E+004, 1.000000000000000E+002, 1.002350000000000E+003, 4.122380000000000E-007, 3.921480000000000E-015
 9.233590000000000E-004, 2.205280000000000E-004, 2.528550000000000E-022, 1.224810000000000E+000, 3.516460000000000E+004, 1.000000000000000E+002, 1.002350000000000E+003, 3.202010000000000E-007,-1.204500000000000E-016
 9.335800000000000E-004, 2.222970000000000E-004, 2.341750000000000E-022, 1.224810000000000E+000, 3.516460000000000E+004, 1.000000000000000E+002, 1.002350000000000E+003, 3.331750000000000E-007,-1.016680000000000E-015
 9.438000000000000E-004, 2.240660000000000E-004, 9.142880000000001E-022, 1.224810000000000E+000, 3.516460000000000E+004, 1.000000000000000E+002, 1.002350000000000E+003, 2.715910000000000E-007,-1.727490000000000E-016
 9.540210000000000E-004, 2.258350000000000E-004, 4.225150000000000E-023, 1.224810000000000E+000, 3.516460000000000E+004, 1.000000000000000E+002, 1.002350000000000E+003, 2.597000000000000E-007,-4.663750000000000E-018
 9.642420000000000E-004, 2.276050000000000E-004, 3.172930000000000E-023, 1.224810000000000E+000, 3.516460000000000E+004, 1.000000000000000E+002, 1.002350000000000E+003, 2.280890000000000E-007,-1.204250000000000E-016
 9.744620000000000E-004, 2.293740000000000E-004, 1.118020000000000E-022, 1.224810000000000E+000, 3.516460000000000E+004, 1.000000000000000E+002, 1.002350000000000E+003, 2.040220000000000E-007, 1.749630000000000E-015
 9.846830000000001E-004, 2.311430000000000E-004, 2.100900000000000E-022, 1.224810000000000E+000, 3.516460000000000E+004, 1.000000000000000E+002, 1.002350000000000E+003, 3.871160000000000E-007, 1.534210000000000E-015
 9.949030000000001E-004, 2.329120000000000E-004,-1.312580000000000E-022, 1.224800000000000E+000, 3.516470000000000E+004, 1.000010000000000E+002, 1.002350000000000E+003,-5.526770000000000E-006, 3.001220000000000E-015
-5.661520000000000E-006, 5.790060000000000E-005,-6.464070000000000E-023, 1.661480000000000E+000, 1.546250000000000E+005, 3.241520000000000E+002, 8.331820000000000E+002, 2.396280000000000E+002,-1.062020000000000E-010
 4.546170000000000E-006, 5.957720000000000E-005,-8.363940000000000E-018, 1.050020000000000E+000, 8.743270000000000E+004, 2.900270000000000E+002, 8.972750000000000E+002, 2.134250000000000E+002,-3.915980000000000E-010
 1.475410000000000E-005, 6.125390000000000E-005,-4.757940000000000E-017, 9.564150000000000E-001, 7.375889999999999E+004, 2.686160000000000E+002, 9.633450000000000E+002, 1.555990000000000E+002,-1.940840000000000E-009
 2.496220000000000E-005, 6.293060000000000E-005, 3.391210000000000E-024, 9.844600000000000E-001, 7.044760000000001E+004, 2.492480000000000E+002, 9.842150000000000E+002, 1.264950000000000E+002,-2.101580000000000E-009
 3.517050000000000E-005, 6.460729999999999E-005,-2.743450000000000E-022, 1.024340000000000E+000, 6.636210000000001E+004, 2.256520000000000E+002, 1.000160000000000E+003, 1.095610000000000E+002,-2.012570000000000E-009
 4.537890000000000E-005, 6.628400000000000E-005,-1.669910000000000E-022, 1.098950000000000E+000, 6.324950000000000E+004, 2.004680000000000E+002, 1.013860000000000E+003, 1.028520000000000E+002,-1.678110000000000E-009
 5.558750000000000E-005, 6.796079999999999E-005, 1.890580000000000E-023, 1.268720000000000E+000, 6.414660000000000E+004, 1.761050000000000E+002, 1.019040000000000E+003, 1.149170000000000E+002,-1.147310000000000E-009
 6.579620000000001E-005, 6.963760000000000E-005, 4.728990000000000E-023, 1.553380000000000E+000, 6.879620000000000E+004, 1.542590000000000E+002, 1.019640000000000E+003, 1.293360000000000E+002,-5.661990000000000E-010
 7.600500000000000E-005, 7.131440000000000E-005,-3.071890000000000E-023, 1.823810000000000E+000, 7.182610000000001E+004, 1.371730000000000E+002, 1.015790000000000E+003, 1.277400000000000E+002,-2.071650000000000E-010
 8.621390000000000E-005, 7.299130000000000E-005,-4.268140000000000E-023, 2.000880000000000E+000, 7.390030000000000E+004, 1.286440000000000E+002, 1.002520000000000E+003, 1.219740000000000E+002,-4.912800000000000E-011
 9.642290000000000E-005, 7.466820000000000E-005, 2.666160000000000E-022, 2.040800000000000E+000, 7.372800000000000E+004, 1.258330000000000E+002, 9.923560000000000E+002, 1.195660000000000E+002,-1.006900000000000E-011
 1.066320000000000E-004, 7.634500000000000E-005, 2.807490000000000E-023, 2.039890000000000E+000, 7.325820000000000E+004, 1.250870000000000E+002, 9.909080000000000E+002, 1.192470000000000E+002,-6.303040000000000E-012
 1.168410000000000E-004, 7.802190000000000E-005, 2.421260000000000E-022, 2.022670000000000E+000, 7.231600000000000E+004, 1.245300000000000E+002, 9.886710000000000E+002, 1.190170000000000E+002,-2.100250000000000E-012
 1.270500000000000E-004, 7.969880000000000E-005,-2.683950000000000E-023, 2.014910000000000E+000, 7.192950000000000E+004, 1.243410000000000E+002, 9.878190000000000E+002, 1.172710000000000E+002,-8.479120000000000E-013
 1.372600000000000E-004, 8.137569999999999E-005,-9.327870000000000E-023, 2.016070000000000E+000, 7.195870000000000E+004, 1.243200000000000E+002, 9.880970000000000E+002, 1.158160000000000E+002, 1.296140000000000E-013
 1.474690000000000E-004, 8.305270000000000E-005, 2.548910000000000E-022, 2.019840000000000E+000, 7.209500000000000E+004, 1.243230000000000E+002, 9.886319999999999E+002, 1.140590000000000E+002,-1.605040000000000E-012
 1.576790000000000E-004, 8.472960000000000E-005, 1.184270000000000E-022, 2.024870000000000E+000, 7.228120000000000E+004, 1.243350000000000E+002, 9.892870000000000E+002, 1.120520000000000E+002, 9.296340000000000E-013
 1.678880000000000E-004, 8.640660000000000E-005,-3.306520000000000E-022, 2.027930000000000E+000, 7.236880000000000E+004, 1.242970000000000E+002, 9.899130000000000E+002, 1.096350000000000E+002,-1.818430000000000E-012
 1.780970000000000E-004, 8.808350000000000E-005,-3.650500000000000E-022, 2.027820000000000E+000, 7.228370000000000E+004, 1.241580000000000E+002, 9.905020000000000E+002, 1.070940000000000E+002, 1.629990000000000E-012
 1.883070000000000E-004, 8.976050000000000E-005,-1.052540000000000E-024, 2.013080000000000E+000, 7.142060000000001E+004, 1.235740000000000E+002, 9.909040000000000E+002, 1.046640000000000E+002,-2.371550000000000E-012
 1.985170000000000E-004, 9.143750000000001E-005, 4.170360000000000E-023, 1.970970000000000E+000, 6.922980000000000E+004, 1.223420000000000E+002, 9.908650000000000E+002, 1.015190000000000E+002, 2.482650000000000E-012
 2.087260000000000E-004, 9.311440000000000E-005, 2.495330000000000E-022, 1.920610000000000E+000, 6.670520000000000E+004, 1.209720000000000E+002, 9.910570000000000E+002, 9.688420000000001E+001,-1.675100000000000E-012
 2.189360000000000E-004, 9.479140000000000E-005,-4.251700000000000E-022, 1.865440000000000E+000, 6.401620000000000E+004, 1.195290000000000E+002, 9.915359999999999E+002, 9.110730000000000E+001, 1.684830000000000E-013
 2.291460000000000E-004, 9.646840000000000E-005, 3.277550000000000E-022, 1.804660000000000E+000, 6.113210000000000E+004, 1.179880000000000E+002, 9.921820000000000E+002, 8.423909999999999E+001, 1.296880000000000E-012
 2.393550000000000E-004, 9.814540000000000E-005, 2.577050000000000E-023, 1.738900000000000E+000, 5.807830000000000E+004, 1.163330000000000E+002, 9.929160000000001E+002, 7.634080000000000E+001,-2.108970000000000E-012
 2.495650000000000E-004, 9.982239999999999E-005, 5.245310000000000E-022, 1.669650000000000E+000, 5.491130000000000E+004, 1.145510000000000E+002, 9.936810000000000E+002, 6.751730000000001E+001, 2.055240000000000E-012
 2.597750000000000E-004, 1.014990000000000E-004,-5.799700000000000E-023, 1.599310000000000E+000, 5.172380000000000E+004, 1.126480000000000E+002, 9.945309999999999E+002, 5.798930000000000E+001,-1.838750000000000E-012
 2.699850000000000E-004, 1.031760000000000E-004,-5.717330000000000E-022, 1.530930000000000E+000, 4.864350000000000E+004, 1.106710000000000E+002, 9.956750000000000E+002, 4.816110000000000E+001, 2.089870000000000E-012
 2.801950000000000E-004, 1.048530000000000E-004, 2.653100000000000E-022, 1.468670000000000E+000, 4.585420000000000E+004, 1.087470000000000E+002, 9.971580000000000E+002, 3.894220000000000E+001,-2.449930000000000E-012
 2.904040000000000E-004, 1.065310000000000E-004,-3.597970000000000E-023, 1.415490000000000E+000, 4.348600000000000E+004, 1.070050000000000E+002, 9.983470000000000E+002, 3.088490000000000E+001, 1.578510000000000E-012
 3.006140000000000E-004, 1.082080000000000E-004,-9.820420000000000E-023, 1.370850000000000E+000, 4.151070000000000E+004, 1.054710000000000E+002, 9.992880000000000E+002, 2.397120000000000E+001, 2.044710000000000E-012
 3.108240000000000E-004, 1.098850000000000E-004,-7.307910000000000E-025, 1.334150000000000E+000, 3.989640000000000E+004, 1.041580000000000E+002, 1.000040000000000E+003, 1.816650000000000E+001,-8.446770000000000E-012
 3.210340000000000E-004, 1.115620000000000E-004, 2.591820000000000E-022, 1.304810000000000E+000, 3.861340000000000E+004, 1.030750000000000E+002, 1.000630000000000E+003, 1.344140000000000E+001, 1.553380000000000E-011
 3.312440000000000E-004, 1.132390000000000E-004, 2.385150000000000E-022, 1.282090000000000E+000, 3.762590000000000E+004, 1.022190000000000E+002, 1.001090000000000E+003, 9.728000000000000E+000,-2.083930000000000E-011
 3.414540000000000E-004, 1.149160000000000E-004,-3.051660000000000E-023, 1.265040000000000E+000, 3.688980000000000E+004, 1.015700000000000E+002, 1.001440000000000E+003, 6.910200000000000E+000, 2.414740000000000E-011
 3.516640000000000E-004, 1.165930000000000E-004,-1.201300000000000E-022, 1.252630000000000E+000, 3.635680000000000E+004, 1.010940000000000E+002, 1.001700000000000E+003, 4.837720000000000E+000,-2.658540000000000E-011
 3.618740000000000E-004, 1.182700000000000E-004, 3.043660000000000E-023, 1.243820000000000E+000, 3.598000000000000E+004, 1.007550000000000E+002, 1.001890000000000E+003, 3.351910000000000E+000, 2.570370000000000E-011
 3.720840000000000E-004, 1.199470000000000E-004,-2.932970000000000E-022, 1.237690000000000E+000, 3.571870000000000E+004, 1.005190000000000E+002, 1.002030000000000E+003, 2.307500000000000E+000,-1.388440000000000E-011
 3.822940000000000E-004, 1.216240000000000E-004,-8.063089999999999E-024, 1.233520000000000E+000, 3.554080000000000E+004, 1.003570000000000E+002, 1.002140000000000E+003, 1.587380000000000E+000,-1.679510000000000E-011
 3.925040000000000E-004, 1.233010000000000E-004, 3.050130000000000E-023, 1.230710000000000E+000, 3.542110000000000E+004, 1.002470000000000E+002, 1.002210000000000E+003, 1.096080000000000E+000, 6.694170000000000E-011
 4.027140000000000E-004, 1.249780000000000E-004,-6.920180000000000E-023, 1.228820000000000E+000, 3.534050000000000E+004, 1.001720000000000E+002, 1.002260000000000E+003, 7.598910000000000E-001,-1.270310000000000E-010
 4.129240000000000E-004, 1.266550000000000E-004, 2.712180000000000E-022, 1.227550000000000E+000, 3.528590000000000E+004, 1.001210000000000E+002, 1.002290000000000E+003, 5.286890000000000E-001, 1.814600000000000E-010
 4.231340000000000E-004, 1.283320000000000E-004,-7.303800000000000E-023, 1.226690000000000E+000, 3.524860000000000E+004, 1.000850000000000E+002, 1.002310000000000E+003, 3.701490000000000E-001,-2.171290000000000E-010
 4.333440000000000E-004, 1.300090000000000E-004, 2.773270000000000E-023, 1.226110000000000E+000, 3.522290000000000E+004, 1.000600000000000E+002, 1.002320000000000E+003, 2.617180000000000E-001, 2.273630000000000E-010
 4.435540000000000E-004, 1.316860000000000E-004,-9.957610000000000E-023, 1.225710000000000E+000, 3.520530000000000E+004, 1.000430000000000E+002, 1.002330000000000E+003, 1.867100000000000E-001,-2.094170000000000E-010
 4.537650000000000E-004, 1.333630000000000E-004,-4.614880000000000E-022, 1.225440000000000E+000, 3.519310000000000E+004, 1.000300000000000E+002, 1.002340000000000E+003, 1.344410000000000E-001, 1.616500000000000E-010
 4.639750000000000E-004, 1.350400000000000E-004,-3.430120000000000E-022, 1.225250000000000E+000, 3.518470000000000E+004, 1.000220000000000E+002, 1.002340000000000E+003, 9.773960000000000E-002,-8.674860000000000E-011
 4.741850000000000E-004, 1.367180000000000E-004,-1.192200000000000E-022, 1.225120000000000E+000, 3.517890000000000E+004, 1.000150000000000E+002, 1.002340000000000E+003, 7.178300000000000E-002,-4.161020000000000E-012
 4.843950000000000E-004, 1.383950000000000E-004,-7.674690000000000E-022, 1.225030000000000E+000, 3.517480000000000E+004, 1.000110000000000E+002, 1.002350000000000E+003, 5.330330000000000E-002, 9.369500000000001E-011
 4.946050000000000E-004, 1.400720000000000E-004,-1.251460000000000E-022, 1.224970000000000E+000, 3.517190000000000E+004, 1.000080000000000E+002, 1.002350000000000E+003, 4.004710000000000E-002,-1.637970000000000E-010
 5.048150000000000E-004, 1.417490000000000E-004, 4.691800000000000E-022, 1.224920000000000E+000, 3.516990000000000E+004, 1.000060000000000E+002, 1.002350000000000E+003, 3.047250000000000E-002, 1.994760000000000E-010
 5.150250000000000E-004, 1.434260000000000E-004,-2.837290000000000E-022, 1.224890000000000E+000, 3.516850000000000E+004, 1.000040000000000E+002, 1.002350000000000E+003, 2.347730000000000E-002,-1.923890000000000E-010
 5.252360000000000E-004, 1.451030000000000E-004, 1.303240000000000E-022, 1.224870000000000E+000, 3.516740000000000E+004, 1.000030000000000E+002, 1.002350000000000E+003, 1.830310000000000E-002, 1.468210000000000E-010
 5.354460000000000E-004, 1.467800000000000E-004,-5.763160000000000E-022, 1.224860000000000E+000, 3.516670000000000E+004, 1.000020000000000E+002, 1.002350000000000E+003, 1.442790000000000E-002,-8.070470000000000E-011
 5.456560000000000E-004, 1.484570000000000E-004,-3.866210000000000E-022, 1.224850000000000E+000, 3.516620000000000E+004, 1.000020000000000E+002, 1.002350000000000E+003, 1.148790000000000E-002, 1.674980000000000E-011
 5.558660000000000E-004, 1.501340000000000E-004,-4.142420000000000E-022, 1.224840000000000E+000, 3.516580000000000E+004, 1.000010000000000E+002, 1.002350000000000E+003, 9.228820000000000E-003, 3.053310000000000E-011
 5.660760000000000E-004, 1.518110000000000E-004,-8.013660000000000E-023, 1.224830000000000E+000, 3.516550000000000E+004, 1.000010000000000E+002, 1.002350000000000E+003, 7.472220000000000E-003,-6.000900000000000E-011
 5.762870000000000E-004, 1.534880000000000E-004, 2.448820000000000E-022, 1.224830000000000E+000, 3.516530000000000E+004, 1.000010000000000E+002, 1.002350000000000E+003, 6.090850000000000E-003, 7.963860000000000E-011
 5.864970000000000E-004, 1.551660000000000E-004, 4.753990000000000E-025, 1.224820000000000E+000, 3.516520000000000E+004, 1.000010000000000E+002, 1.002350000000000E+003, 4.993570000000000E-003,-9.720760000000000E-011
 5.967070000000000E-004, 1.568430000000000E-004,-3.334440000000000E-022, 1.224820000000000E+000, 3.516500000000000E+004, 1.000000000000000E+002, 1.002350000000000E+003, 4.114940000000000E-003, 1.147930000000000E-010
 6.069170000000000E-004, 1.585200000000000E-004,-2.694800000000000E-025, 1.224820000000000E+000, 3.516500000000000E+004, 1.000000000000000E+002, 1.002350000000000E+003, 3.406700000000000E-003,-1.286300000000000E-010
 6.171270000000000E-004, 1.601970000000000E-004,-5.847850000000000E-023, 1.224820000000000E+000, 3.516490000000000E+004, 1.000000000000000E+002, 1.002350000000000E+003, 2.832510000000000E-003, 1.315520000000000E-010
 6.273380000000000E-004, 1.618740000000000E-004,-2.013950000000000E-022, 1.224820000000000E+000, 3.516480000000000E+004, 1.000000000000000E+002, 1.002350000000000E+003, 2.365140000000000E-003,-1.161500000000000E-010
 6.375480000000000E-004, 1.635510000000000E-004, 9.763180000000000E-023, 1.224820000000000E+000, 3.516480000000000E+004, 1.000000000000000E+002, 1.002350000000000E+003, 1.983480000000000E-003, 7.713850000000000E-011
 6.477580000000000E-004, 1.652280000000000E-004,-1.453510000000000E-022, 1.224820000000000E+000, 3.516480000000000E+004, 1.000000000000000E+002, 1.002350000000000E+003, 1.670910000000000E-003,-1.373230000000000E-011
 6.579680000000000E-004, 1.669050000000000E-004,-5.604120000000000E-022, 1.224820000000000E+000, 3.516470000000000E+004, 1.000000000000000E+002, 1.002350000000000E+003, 1.413970000000000E-003,-6.921300000000000E-011
 6.681790000000000E-004, 1.685820000000000E-004, 2.765240000000000E-022, 1.224820000000000E+000, 3.516470000000000E+004, 1.000000000000000E+002, 1.002350000000000E+003, 1.201670000000000E-003, 1.607250000000000E-010
 6.783890000000001E-004, 1.702590000000000E-004, 2.543900000000000E-022, 1.224810000000000E+000, 3.516470000000000E+004, 1.000000000000000E+002, 1.002350000000000E+003, 1.025870000000000E-003,-2.447920000000000E-010
 6.885990000000000E-004, 1.719370000000000E-004, 1.764350000000000E-024, 1.224810000000000E+000, 3.516470000000000E+004, 1.000000000000000E+002, 1.002350000000000E+003, 8.784310000000000E-004, 3.037810000000000E-010
 6.988090000000000E-004, 1.736140000000000E-004,-1.558020000000000E-022, 1.224810000000000E+000, 3.516470000000000E+004, 1.000000000000000E+002, 1.002350000000000E+003, 7.557920000000000E-004,-3.238900000000000E-010
 7.090200000000000E-004, 1.752910000000000E-004, 1.059160000000000E-021, 1.224810000000000E+000, 3.516470000000000E+004, 1.000000000000000E+002, 1.002350000000000E+003, 6.513120000000000E-004, 2.986560000000000E-010
 7.192300000000000E-004, 1.769680000000000E-004,-1.773720000000000E-022, 1.224810000000000E+000, 3.516460000000000E+004, 1.000000000000000E+002, 1.002350000000000E+003, 5.642600000000000E-004,-2.339070000000000E-010
 7.294400000000000E-004, 1.786450000000000E-004,-2.399760000000000E-022, 1.224810000000000E+000, 3.516460000000000E+004, 1.000000000000000E+002, 1.002350000000000E+003, 4.890790000000000E-004, 1.504030000000000E-010
 7.396500000000000E-004, 1.803220000000000E-004,-5.768520000000000E-022, 1.224810000000000E+000, 3.516460000000000E+004, 1.000000000000000E+002, 1.002350000000000E+003, 4.264360000000000E-004,-8.097910000000000E-011
 7.498610000000000E-004, 1.819990000000000E-004,-7.626390000000000E-022, 1.224810000000000E+000, 3.516460000000000E+004, 1.000000000000000E+002, 1.002350000000000E+003, 3.714020000000000E-004, 5.572690000000000E-011
 7.600710000000000E-004, 1.836760000000000E-004,-2.485170000000000E-022, 1.224810000000000E+000, 3.516460000000000E+004, 1.000000000000000E+002, 1.002350000000000E+003, 3.261090000000000E-004,-8.268960000000000E-011
 7.702810000000000E-004, 1.853530000000000E-004, 1.755000000000000E-022, 1.224810000000000E+000, 3.516460000000000E+004, 1.000000000000000E+002, 1.002350000000000E+003, 2.848060000000000E-004, 1.391580000000000E-010
 7.804920000000000E-004, 1.870310000000000E-004, 1.390190000000000E-022, 1.224810000000000E+000, 3.516460000000000E+004, 1.000000000000000E+002, 1.002350000000000E+003, 2.522210000000000E-004,-1.882730000000000E-010
 7.907020000000000E-004, 1.887080000000000E-004,-1.228510000000000E-021, 1.224810000000000E+000, 3.516460000000000E+004, 1.000000000000000E+002, 1.002350000000000E+003, 2.206910000000000E-004, 1.920350000000000E-010
 8.009120000000000E-004, 1.903850000000000E-004,-2.117330000000000E-022, 1.224810000000000E+000, 3.516460000000000E+004, 1.000000000000000E+002, 1.002350000000000E+003, 1.953930000000000E-004,-1.515080000000000E-010
 8.111230000000000E-004, 1.920620000000000E-004, 2.669120000000000E-022, 1.224810000000000E+000, 3.516460000000000E+004, 1.000000000000000E+002, 1.002350000000000E+003, 1.766450000000000E-004, 7.609340000000000E-011
 8.213330000000000E-004, 1.937390000000000E-004, 4.635860000000000E-022, 1.224810000000000E+000, 3.516460000000000E+004, 1.000000000000000E+002, 1.002350000000000E+003, 1.457830000000000E-004,-5.500890000000000E-012
 8.315430000000000E-004, 1.954160000000000E-004, 1.931880000000000E-022, 1.224810000000000E+000, 3.516460000000000E+004, 1.000000000000000E+002, 1.002350000000000E+003, 1.452900000000000E-004,-8.703860000000000E-012
 8.417530000000000E-004, 1.970930000000000E-004, 3.565720000000000E-023, 1.224810000000000E+000, 3.516460000000000E+004, 1.000000000000000E+002, 1.002350000000000E+003, 1.153950000000000E-004, 5.990690000000000E-014
 8.519640000000000E-004, 1.987700000000000E-004, 4.367890000000000E-022, 1.224810000000000E+000, 3.516460000000000E+004, 1.000000000000000E+002, 1.002350000000000E+003, 1.158610000000000E-004, 1.522590000000000E-013
 8.621739999999999E-004, 2.004470000000000E-004,-6.780920000000000E-022, 1.224810000000000E+000, 3.516460000000000E+004, 1.000000000000000E+002, 1.002350000000000E+003, 9.203850000000000E-005, 6.488530000000000E-015
 8.723840000000000E-004, 2.021250000000000E-004,-1.202360000000000E-021, 1.224810000000000E+000, 3.516460000000000E+004, 1.000000000000000E+002, 1.002350000000000E+003, 9.337320000000000E-005, 1.739610000000000E-013
 8.825950000000000E-004, 2.038020000000000E-004, 2.728600000000000E-022, 1.224810000000000E+000, 3.516460000000000E+004, 1.000000000000000E+002, 1.002350000000000E+003, 7.394080000000000E-005, 1.285800000000000E-013
 8.928050000000000E-004, 2.054790000000000E-004, 1.352580000000000E-022, 1.224810000000000E+000, 3.516460000000000E+004, 1.000000000000000E+002, 1.002350000000000E+003, 7.529540000000000E-005, 1.510400000000000E-013
 9.030150000000000E-004, 2.071560000000000E-004,-9.950530000000001E-023, 1.224810000000000E+000, 3.516460000000000E+004, 1.000000000000000E+002, 1.002350000000000E+003, 5.997570000000000E-005, 6.218660000000000E-014
 9.132259999999999E-004, 2.088330000000000E-004, 2.899090000000000E-022, 1.224810000000000E+000, 3.516460000000000E+004, 1.000000000000000E+002, 1.002350000000000E+003, 6.150890000000000E-005, 6.715170000000001E-014
 9.234360000000000E-004, 2.105100000000000E-004,-5.999650000000000E-022, 1.224810000000000E+000, 3.516460000000000E+004, 1.000000000000000E+002, 1.002350000000000E+003, 4.899060000000000E-005, 2.220140000000000E-014
 9.336460000000000E-004, 2.121870000000000E-004,-5.332940000000000E-023, 1.224810000000000E+000, 3.516460000000000E+004, 1.000000000000000E+002, 1.002350000000000E+003, 5.014090000000000E-005, 2.435170000000000E-014
 9.438570000000000E-004, 2.138640000000000E-004, 1.789890000000000E-022, 1.224810000000000E+000, 3.516460000000000E+004, 1.000000000000000E+002, 1.002350000000000E+003, 4.102050000000000E-005, 1.470140000000000E-014
 9.540670000000000E-004, 2.155420000000000E-004,-2.012660000000000E-022, 1.224810000000000E+000, 3.516460000000000E+004, 1.000000000000000E+002, 1.002350000000000E+003, 3.913690000000000E-005,-9.041090000000000E-015
 9.642770000000000E-004, 2.172190000000000E-004,-5.172180000000000E-022, 1.224810000000000E+000, 3.516460000000000E+004, 1.000000000000000E+002, 1.002350000000000E+003, 3.580570000000000E-005,-7.645480000000001E-015
 9.744880000000000E-004, 2.188960000000000E-004,-7.251770000000000E-024, 1.224810000000000E+000, 3.516460000000000E+004, 1.000000000000000E+002, 1.002350000000000E+003, 3.162080000000000E-005,-1.812200000000000E-015
 9.846980000000000E-004, 2.205730000000000E-004, 3.897280000000000E-022, 1.224810000000000E+000, 3.516460000000000E+004, 1.000000000000000E+002, 1.002350000000000E+003, 2.937080000000000E-005,-1.040000000000000E-015
 9.949080000000001E-004, 2.222500000000000E-004, 2.684410000000000E-022, 1.224810000000000E+000, 3.516470000000000E+004, 1.000010000000000E+002, 1.002350000000000E+003, 2.339590000000000E-005,-1.771220000000000E-015
-4.703930000000000E-006, 5.633870000000000E-005, 4.814880000000000E-018, 1.380760000000000E+000, 1.325510000000000E+005, 3.343710000000000E+002, 8.490180000000000E+002, 2.283360000000000E+002,-2.363400000000000E-010
 5.494050000000000E-006, 5.792790000000000E-005, 9.174080000000000E-019, 9.054010000000000E-001, 7.764910000000001E+004, 2.987160000000000E+002, 9.139740000000000E+002, 1.919490000000000E+002,-4.977500000000000E-010
 1.569230000000000E-005, 5.951710000000000E-005, 1.241770000000000E-022, 8.723550000000000E-001, 6.860400000000000E+004, 2.739180000000000E+002, 9.551760000000000E+002, 1.594290000000000E+002,-5.776570000000000E-010
 2.589070000000000E-005, 6.110639999999999E-005,-2.357880000000000E-023, 9.166830000000000E-001, 6.698200000000000E+004, 2.545090000000000E+002, 9.827780000000000E+002, 1.345450000000000E+002,-8.448120000000000E-010
 3.608920000000000E-005, 6.269580000000000E-005,-1.083830000000000E-022, 9.932000000000000E-001, 6.660760000000001E+004, 2.335880000000000E+002, 1.001160000000000E+003, 1.258260000000000E+002,-1.188650000000000E-009
 4.628800000000000E-005, 6.428510000000001E-005,-2.627520000000000E-023, 1.051180000000000E+000, 6.268130000000000E+004, 2.076960000000000E+002, 1.012340000000000E+003, 1.227360000000000E+002,-1.132740000000000E-009
 5.648680000000000E-005, 6.587449999999999E-005,-1.758900000000000E-024, 1.158090000000000E+000, 6.016380000000000E+004, 1.809500000000000E+002, 1.022850000000000E+003, 1.223920000000000E+002,-7.884630000000000E-010
 6.668580000000000E-005, 6.746390000000000E-005,-1.365710000000000E-022, 1.436400000000000E+000, 6.562130000000000E+004, 1.591230000000000E+002, 1.026090000000000E+003, 1.348340000000000E+002,-4.234970000000000E-010
 7.688490000000000E-005, 6.905330000000000E-005, 2.444260000000000E-023, 1.806830000000000E+000, 7.398360000000001E+004, 1.426200000000000E+002, 1.020930000000000E+003, 1.356570000000000E+002,-1.837530000000000E-010
 8.708410000000000E-005, 7.064270000000000E-005, 3.498400000000000E-022, 2.000460000000000E+000, 7.605700000000000E+004, 1.324260000000000E+002, 1.001330000000000E+003, 1.256870000000000E+002,-2.945840000000000E-011
 9.728340000000000E-005, 7.223220000000000E-005,-1.899360000000000E-023, 2.020740000000000E+000, 7.458289999999999E+004, 1.285560000000000E+002, 9.927850000000000E+002, 1.226080000000000E+002,-1.162630000000000E-011
 1.074830000000000E-004, 7.382160000000000E-005, 9.391890000000000E-023, 2.012570000000000E+000, 7.361520000000000E+004, 1.274030000000000E+002, 9.907520000000000E+002, 1.215190000000000E+002,-4.294160000000000E-012
 1.176820000000000E-004, 7.541109999999999E-005,-3.713700000000000E-024, 1.994150000000000E+000, 7.272320000000000E+004, 1.270220000000000E+002, 9.897760000000000E+002, 1.201120000000000E+002, 7.123050000000000E-013
 1.278820000000000E-004, 7.700060000000000E-005,-2.798000000000000E-023, 1.988790000000000E+000, 7.256710000000001E+004, 1.270910000000000E+002, 9.899490000000000E+002, 1.187190000000000E+002, 4.906010000000000E-013
 1.380810000000000E-004, 7.859010000000000E-005,-1.587370000000000E-022, 1.990910000000000E+000, 7.274210000000001E+004, 1.272620000000000E+002, 9.906530000000000E+002, 1.180610000000000E+002,-4.926830000000000E-013
 1.482810000000000E-004, 8.017959999999999E-005,-7.954469999999999E-023, 2.002050000000000E+000, 7.327400000000000E+004, 1.274790000000000E+002, 9.918990000000000E+002, 1.181590000000000E+002,-3.195520000000000E-012
 1.584810000000000E-004, 8.176920000000000E-005, 1.544570000000000E-022, 2.012330000000000E+000, 7.367160000000001E+004, 1.275160000000000E+002, 9.922710000000000E+002, 1.189960000000000E+002,-1.702330000000000E-012
 1.686800000000000E-004, 8.335870000000001E-005, 2.507550000000000E-023, 2.017040000000000E+000, 7.372720000000000E+004, 1.273150000000000E+002, 9.920100000000000E+002, 1.205810000000000E+002,-2.981010000000000E-012
 1.788800000000000E-004, 8.494820000000000E-005,-2.963580000000000E-022, 2.016730000000000E+000, 7.345730000000000E+004, 1.268680000000000E+002, 9.915690000000000E+002, 1.229180000000000E+002,-4.568710000000000E-013
 1.890800000000000E-004, 8.653780000000000E-005,-9.704030000000000E-024, 2.022350000000000E+000, 7.351150000000000E+004, 1.266090000000000E+002, 9.910460000000000E+002, 1.246050000000000E+002,-1.763340000000000E-012
 1.992800000000000E-004, 8.812730000000000E-005,-4.402590000000000E-022, 2.039040000000000E+000, 7.412870000000000E+004, 1.266260000000000E+002, 9.904080000000000E+002, 1.241670000000000E+002, 4.148860000000000E-013
 2.094800000000000E-004, 8.971690000000000E-005,-4.670790000000000E-023, 2.049370000000000E+000, 7.447080000000000E+004, 1.265700000000000E+002, 9.899540000000000E+002, 1.228890000000000E+002,-2.327180000000000E-013
 2.196800000000000E-004, 9.130650000000000E-005,-2.764220000000000E-022, 2.055530000000000E+000, 7.460580000000000E+004, 1.264190000000000E+002, 9.897130000000000E+002, 1.211810000000000E+002,-5.769990000000000E-013
 2.298800000000000E-004, 9.289610000000001E-005, 4.243130000000000E-022, 2.060410000000000E+000, 7.467380000000000E+004, 1.262340000000000E+002, 9.897900000000000E+002, 1.191820000000000E+002, 8.510580000000000E-013
 2.400800000000000E-004, 9.448560000000000E-005, 1.582930000000000E-022, 2.064500000000000E+000, 7.470900000000000E+004, 1.260440000000000E+002, 9.901900000000001E+002, 1.169140000000000E+002,-9.233349999999999E-013
 2.502800000000000E-004, 9.607520000000000E-005, 1.291660000000000E-022, 2.065810000000000E+000, 7.461210000000001E+004, 1.258010000000000E+002, 9.908750000000000E+002, 1.142980000000000E+002, 8.133550000000000E-013
 2.604800000000000E-004, 9.766479999999999E-005, 3.658970000000000E-022, 2.061560000000000E+000, 7.422010000000001E+004, 1.253980000000000E+002, 9.917290000000000E+002, 1.108870000000000E+002,-1.236340000000000E-012
 2.706800000000000E-004, 9.925440000000000E-005,-2.315970000000000E-022, 2.044780000000000E+000, 7.319230000000000E+004, 1.246760000000000E+002, 9.923640000000000E+002, 1.072010000000000E+002, 2.505720000000000E-012
 2.808800000000000E-004, 1.008440000000000E-004,-4.201780000000000E-023, 2.006920000000000E+000, 7.115339999999999E+004, 1.234900000000000E+002, 9.922390000000000E+002, 1.041860000000000E+002,-3.753020000000000E-012
 2.910800000000000E-004, 1.024340000000000E-004, 6.373240000000000E-023, 1.963660000000000E+000, 6.890100000000000E+004, 1.222140000000000E+002, 9.921609999999999E+002, 1.005430000000000E+002, 3.731600000000000E-012
 3.012800000000000E-004, 1.040230000000000E-004, 3.406320000000000E-023, 1.918410000000000E+000, 6.660780000000000E+004, 1.209340000000000E+002, 9.923099999999999E+002, 9.625390000000000E+001,-1.792150000000000E-012
 3.114810000000000E-004, 1.056130000000000E-004,-4.263840000000000E-022, 1.870860000000000E+000, 6.426120000000000E+004, 1.196380000000000E+002, 9.926050000000000E+002, 9.135860000000000E+001,-1.761850000000000E-012
 3.216810000000000E-004, 1.072020000000000E-004,-2.187920000000000E-022, 1.821230000000000E+000, 6.186820000000000E+004, 1.183220000000000E+002, 9.929900000000000E+002, 8.591430000000000E+001, 5.438600000000000E-012
 3.318810000000000E-004, 1.087920000000000E-004, 1.324820000000000E-022, 1.769940000000000E+000, 5.944320000000000E+004, 1.169790000000000E+002, 9.934290000000000E+002, 7.997610000000000E+001,-7.672500000000000E-012
 3.420810000000000E-004, 1.103820000000000E-004,-1.223380000000000E-022, 1.717730000000000E+000, 5.701290000000000E+004, 1.156070000000000E+002, 9.939340000000000E+002, 7.363630000000001E+001, 8.311290000000000E-012
 3.522820000000000E-004, 1.119710000000000E-004,-3.052810000000000E-022, 1.665450000000000E+000, 5.461030000000000E+004, 1.142110000000000E+002, 9.944950000000000E+002, 6.699710000000000E+001,-7.980500000000001E-012
 3.624820000000000E-004, 1.135610000000000E-004, 3.057830000000000E-023, 1.614280000000000E+000, 5.228420000000000E+004, 1.128120000000000E+002, 9.951100000000000E+002, 6.019210000000000E+001, 5.151080000000000E-012
 3.726820000000000E-004, 1.151510000000000E-004, 2.938300000000000E-022, 1.565260000000000E+000, 5.007600000000000E+004, 1.114310000000000E+002, 9.957600000000000E+002, 5.334910000000000E+001, 4.494330000000000E-012
 3.828820000000000E-004, 1.167400000000000E-004,-1.998800000000000E-022, 1.518630000000000E+000, 4.798840000000000E+004, 1.100650000000000E+002, 9.964580000000000E+002, 4.654010000000000E+001,-2.497020000000000E-011
 3.930830000000000E-004, 1.183300000000000E-004, 2.870070000000000E-022, 1.474980000000000E+000, 4.604530000000000E+004, 1.087340000000000E+002, 9.974750000000000E+002, 4.001260000000000E+001, 5.554700000000000E-011
 4.032830000000000E-004, 1.199200000000000E-004,-2.757820000000000E-022, 1.435960000000000E+000, 4.431630000000000E+004, 1.074940000000000E+002, 9.984050000000000E+002, 3.407070000000000E+001,-8.914240000000000E-011
 4.134830000000000E-004, 1.215090000000000E-004, 3.891460000000000E-022, 1.401670000000000E+000, 4.280440000000000E+004, 1.063670000000000E+002, 9.991690000000000E+002, 2.877570000000000E+001, 1.155130000000000E-010
 4.236840000000000E-004, 1.230990000000000E-004, 1.086660000000000E-022, 1.371840000000000E+000, 4.149490000000000E+004, 1.053550000000000E+002, 9.998099999999999E+002, 2.410850000000000E+001,-1.274480000000000E-010
 4.338840000000000E-004, 1.246890000000000E-004,-5.432400000000000E-023, 1.346160000000000E+000, 4.037420000000000E+004, 1.044650000000000E+002, 1.000350000000000E+003, 2.004710000000000E+001, 1.233530000000000E-010
 4.440840000000000E-004, 1.262780000000000E-004, 3.479100000000000E-022, 1.324340000000000E+000, 3.942640000000000E+004, 1.036930000000000E+002, 1.000800000000000E+003, 1.656060000000000E+001,-1.047620000000000E-010
 4.542850000000000E-004, 1.278680000000000E-004, 2.558700000000000E-022, 1.305960000000000E+000, 3.863170000000000E+004, 1.030330000000000E+002, 1.001160000000000E+003, 1.359800000000000E+001, 7.190870000000000E-011
 4.644850000000000E-004, 1.294570000000000E-004,-4.865660000000000E-022, 1.290570000000000E+000, 3.796920000000000E+004, 1.024740000000000E+002, 1.001470000000000E+003, 1.109740000000000E+001,-2.445700000000000E-011
 4.746860000000000E-004, 1.310470000000000E-004,-1.639370000000000E-022, 1.277750000000000E+000, 3.741960000000000E+004, 1.020040000000000E+002, 1.001710000000000E+003, 8.999160000000000E+000,-3.367980000000000E-011
 4.848860000000000E-004, 1.326370000000000E-004, 2.763600000000000E-022, 1.267160000000000E+000, 3.696670000000000E+004, 1.016120000000000E+002, 1.001900000000000E+003, 7.251390000000000E+000, 9.171950000000000E-011
 4.950860000000001E-004, 1.342260000000000E-004, 4.928570000000000E-023, 1.258470000000000E+000, 3.659610000000000E+004, 1.012880000000000E+002, 1.002040000000000E+003, 5.807390000000000E+000,-1.344170000000000E-010
 5.052870000000000E-004, 1.358160000000000E-004, 2.811360000000000E-022, 1.251410000000000E+000, 3.629600000000000E+004, 1.010240000000000E+002, 1.002150000000000E+003, 4.626930000000000E+000, 1.464480000000000E-010
 5.154870000000000E-004, 1.374060000000000E-004, 3.239490000000000E-024, 1.245730000000000E+000, 3.605500000000000E+004, 1.008100000000000E+002, 1.002230000000000E+003, 3.670180000000000E+000,-1.195480000000000E-010
 5.256880000000000E-004, 1.389950000000000E-004, 3.346250000000000E-022, 1.241200000000000E+000, 3.586290000000000E+004, 1.006390000000000E+002, 1.002280000000000E+003, 2.900660000000000E+000, 6.201780000000001E-011
 5.358880000000000E-004, 1.405850000000000E-004, 3.033430000000000E-022, 1.237610000000000E+000, 3.571080000000000E+004, 1.005030000000000E+002, 1.002320000000000E+003, 2.285900000000000E+000,-2.173520000000000E-012
 5.460890000000000E-004, 1.421750000000000E-004,-1.060520000000000E-022, 1.234780000000000E+000, 3.559100000000000E+004, 1.003960000000000E+002, 1.002330000000000E+003, 1.797490000000000E+000,-2.378780000000000E-011
 5.562890000000000E-004, 1.437640000000000E-004,-7.902010000000000E-023, 1.232560000000000E+000, 3.549700000000000E+004, 1.003110000000000E+002, 1.002340000000000E+003, 1.411240000000000E+000,-4.631130000000000E-012
 5.664900000000000E-004, 1.453540000000000E-004,-4.510140000000000E-022, 1.230830000000000E+000, 3.542360000000000E+004, 1.002440000000000E+002, 1.002350000000000E+003, 1.106690000000000E+000, 7.838640000000000E-011
 5.766900000000000E-004, 1.469440000000000E-004, 4.190490000000000E-023, 1.229490000000000E+000, 3.536640000000000E+004, 1.001910000000000E+002, 1.002350000000000E+003, 8.670200000000000E-001,-1.688320000000000E-010
 5.868910000000000E-004, 1.485330000000000E-004,-8.031490000000000E-023, 1.228440000000000E+000, 3.532190000000000E+004, 1.001500000000000E+002, 1.002340000000000E+003, 6.787380000000000E-001, 2.543080000000000E-010
 5.970910000000000E-004, 1.501230000000000E-004, 2.042810000000000E-022, 1.227640000000000E+000, 3.528730000000000E+004, 1.001180000000000E+002, 1.002340000000000E+003, 5.312880000000000E-001,-3.370560000000000E-010
 6.072920000000001E-004, 1.517130000000000E-004,-6.704100000000000E-023, 1.227010000000000E+000, 3.526060000000000E+004, 1.000930000000000E+002, 1.002340000000000E+003, 4.169380000000000E-001, 4.359590000000000E-010
 6.174920000000000E-004, 1.533030000000000E-004, 3.589730000000000E-022, 1.226540000000000E+000, 3.523990000000000E+004, 1.000730000000000E+002, 1.002340000000000E+003, 3.290620000000000E-001,-5.616720000000000E-010
 6.276930000000000E-004, 1.548920000000000E-004, 2.677570000000000E-022, 1.226170000000000E+000, 3.522410000000000E+004, 1.000580000000000E+002, 1.002340000000000E+003, 2.616200000000000E-001, 6.965440000000000E-010
 6.378930000000001E-004, 1.564820000000000E-004, 1.020240000000000E-022, 1.225890000000000E+000, 3.521190000000000E+004, 1.000460000000000E+002, 1.002340000000000E+003, 2.099360000000000E-001,-7.997170000000000E-010
 6.480940000000000E-004, 1.580720000000000E-004,-4.279020000000000E-022, 1.225680000000000E+000, 3.520270000000000E+004, 1.000380000000000E+002, 1.002340000000000E+003, 1.701530000000000E-001, 8.356540000000000E-010
 6.582940000000000E-004, 1.596610000000000E-004,-2.386790000000000E-022, 1.225510000000000E+000, 3.519550000000000E+004, 1.000310000000000E+002, 1.002340000000000E+003, 1.393070000000000E-001,-8.000790000000000E-010
 6.684950000000000E-004, 1.612510000000000E-004,-1.746540000000000E-022, 1.225390000000000E+000, 3.518990000000000E+004, 1.000250000000000E+002, 1.002340000000000E+003, 1.151270000000000E-001, 7.171690000000000E-010
 6.786950000000000E-004, 1.628410000000000E-004,-1.580840000000000E-022, 1.225290000000000E+000, 3.518550000000000E+004, 1.000210000000000E+002, 1.002340000000000E+003, 9.594279999999999E-002,-6.139120000000000E-010
 6.888960000000000E-004, 1.644300000000000E-004,-8.059330000000000E-025, 1.225200000000000E+000, 3.518200000000000E+004, 1.000170000000000E+002, 1.002340000000000E+003, 8.053580000000000E-002, 5.024540000000000E-010
 6.990960000000000E-004, 1.660200000000000E-004, 1.515970000000000E-022, 1.225140000000000E+000, 3.517910000000000E+004, 1.000150000000000E+002, 1.002340000000000E+003, 6.806530000000000E-002,-3.885070000000000E-010
 7.092970000000000E-004, 1.676100000000000E-004,-1.562220000000000E-022, 1.225090000000000E+000, 3.517680000000000E+004, 1.000120000000000E+002, 1.002350000000000E+003, 5.788440000000000E-002, 2.853720000000000E-010
 7.194970000000000E-004, 1.691990000000000E-004, 5.118160000000000E-022, 1.225040000000000E+000, 3.517490000000000E+004, 1.000100000000000E+002, 1.002350000000000E+003, 4.951840000000000E-002,-2.076580000000000E-010
 7.296980000000000E-004, 1.707890000000000E-004,-1.095960000000000E-022, 1.225010000000000E+000, 3.517340000000000E+004, 1.000090000000000E+002, 1.002350000000000E+003, 4.259500000000000E-002, 1.558310000000000E-010
 7.398980000000000E-004, 1.723790000000000E-004, 7.072800000000000E-023, 1.224980000000000E+000, 3.517210000000000E+004, 1.000080000000000E+002, 1.002350000000000E+003, 3.683740000000000E-002,-1.182470000000000E-010
 7.500989999999999E-004, 1.739680000000000E-004,-2.501020000000000E-022, 1.224960000000000E+000, 3.517100000000000E+004, 1.000070000000000E+002, 1.002350000000000E+003, 3.199990000000000E-002, 9.118350000000001E-011
 7.603000000000000E-004, 1.755580000000000E-004, 3.222170000000000E-022, 1.224940000000000E+000, 3.517010000000000E+004, 1.000060000000000E+002, 1.002350000000000E+003, 2.796560000000000E-002,-9.041080000000000E-011
 7.705000000000000E-004, 1.771480000000000E-004,-1.652480000000000E-022, 1.224920000000000E+000, 3.516940000000000E+004, 1.000050000000000E+002, 1.002350000000000E+003, 2.447150000000000E-002, 1.397750000000000E-010
 7.807010000000000E-004, 1.787370000000000E-004,-1.076950000000000E-023, 1.224910000000000E+000, 3.516870000000000E+004, 1.000040000000000E+002, 1.002350000000000E+003, 2.163220000000000E-002,-2.554230000000000E-010
 7.909010000000000E-004, 1.803270000000000E-004, 5.491000000000000E-022, 1.224890000000000E+000, 3.516830000000000E+004, 1.000040000000000E+002, 1.002350000000000E+003, 1.903400000000000E-002, 4.071270000000000E-010
 8.011020000000000E-004, 1.819170000000000E-004, 9.336730000000000E-022, 1.224880000000000E+000, 3.516770000000000E+004, 1.000030000000000E+002, 1.002350000000000E+003, 1.688490000000000E-002,-5.426140000000000E-010
 8.113020000000000E-004, 1.835070000000000E-004,-1.136760000000000E-023, 1.224880000000000E+000, 3.516750000000000E+004, 1.000030000000000E+002, 1.002350000000000E+003, 1.534550000000000E-002, 4.488730000000000E-010
 8.215030000000000E-004, 1.850960000000000E-004,-2.434120000000000E-022, 1.224860000000000E+000, 3.516690000000000E+004, 1.000020000000000E+002, 1.002350000000000E+003, 1.278800000000000E-002,-1.026100000000000E-010
 8.317040000000000E-004, 1.866860000000000E-004,-2.863030000000000E-022, 1.224860000000000E+000, 3.516690000000000E+004, 1.000020000000000E+002, 1.002350000000000E+003, 1.280940000000000E-002,-2.736470000000000E-011
 8.419040000000000E-004, 1.882760000000000E-004,-1.926650000000000E-022, 1.224850000000000E+000, 3.516640000000000E+004, 1.000020000000000E+002, 1.002350000000000E+003, 1.023520000000000E-002,-2.070530000000000E-012
 8.521050000000000E-004, 1.898650000000000E-004, 3.223610000000000E-022, 1.224850000000000E+000, 3.516640000000000E+004, 1.000020000000000E+002, 1.002350000000000E+003, 1.037790000000000E-002,-5.631950000000000E-012
 8.623050000000000E-004, 1.914550000000000E-004,-8.331010000000000E-022, 1.224840000000000E+000, 3.516600000000000E+004, 1.000010000000000E+002, 1.002350000000000E+003, 8.316030000000000E-003,-2.577040000000000E-012
 8.725060000000000E-004, 1.930450000000000E-004, 2.035920000000000E-022, 1.224850000000000E+000, 3.516610000000000E+004, 1.000020000000000E+002, 1.002350000000000E+003, 8.506379999999999E-003,-3.188410000000000E-012
 8.827070000000000E-004, 1.946340000000000E-004,-3.115530000000000E-022, 1.224840000000000E+000, 3.516570000000000E+004, 1.000010000000000E+002, 1.002350000000000E+003, 6.827630000000000E-003,-8.403690000000000E-013
 8.929070000000000E-004, 1.962240000000000E-004, 4.510400000000000E-023, 1.224840000000000E+000, 3.516580000000000E+004, 1.000010000000000E+002, 1.002350000000000E+003, 7.013420000000000E-003,-1.070460000000000E-012
 9.031080000000000E-004, 1.978140000000000E-004,-4.714210000000000E-022, 1.224830000000000E+000, 3.516550000000000E+004, 1.000010000000000E+002, 1.002350000000000E+003, 5.670100000000000E-003,-3.298700000000000E-013
 9.133080000000000E-004, 1.994040000000000E-004, 4.510760000000000E-023, 1.224830000000000E+000, 3.516560000000000E+004, 1.000010000000000E+002, 1.002350000000000E+003, 5.852910000000000E-003,-3.895050000000000E-013
 9.235090000000000E-004, 2.009930000000000E-004, 6.952670000000000E-022, 1.224830000000000E+000, 3.516540000000000E+004, 1.000010000000000E+002, 1.002350000000000E+003, 4.734570000000000E-003,-9.086840000000001E-014
 9.337100000000000E-004, 2.025830000000000E-004,-9.882139999999999E-022, 1.224830000000000E+000, 3.516540000000000E+004, 1.000010000000000E+002, 1.002350000000000E+003, 4.785820000000000E-003,-1.395910000000000E-013
 9.439100000000000E-004, 2.041730000000000E-004,-7.644760000000000E-022, 1.224830000000000E+000, 3.516530000000000E+004, 1.000010000000000E+002, 1.002350000000000E+003, 4.332030000000000E-003,-2.919180000000000E-014
 9.541110000000000E-004, 2.057620000000000E-004, 2.968370000000000E-022, 1.224830000000000E+000, 3.516520000000000E+004, 1.000010000000000E+002, 1.002350000000000E+003, 3.767140000000000E-003,-1.478530000000000E-014
 9.643110000000000E-004, 2.073520000000000E-004,-2.590620000000000E-022, 1.224830000000000E+000, 3.516510000000000E+004, 1.000010000000000E+002, 1.002350000000000E+003, 3.658680000000000E-003,-2.192250000000000E-014
 9.745120000000000E-004, 2.089420000000000E-004, 4.525780000000000E-022, 1.224820000000000E+000, 3.516510000000000E+004, 1.000010000000000E+002, 1.002350000000000E+003, 3.242700000000000E-003,-1.164460000000000E-014
 9.847129999999999E-004, 2.105310000000000E-004, 3.352870000000000E-022, 1.224830000000000E+000, 3.516510000000000E+004, 1.000000000000000E+002, 1.002350000000000E+003, 3.043890000000000E-003,-7.097120000000000E-015
 9.949130000000000E-004, 2.121210000000000E-004, 4.137480000000000E-022, 1.224820000000000E+000, 3.516510000000000E+004, 1.000010000000000E+002, 1.002350000000000E+003, 2.924610000000000E-003,-5.069220000000000E-015
-3.794250000000000E-006, 5.485490000000000E-005,-1.099210000000000E-018, 1.167680000000000E+000, 1.154760000000000E+005, 3.444520000000000E+002, 8.604220000000000E+002, 1.747320000000000E+002,-1.137980000000000E-010
 6.394500000000000E-006, 5.636100000000000E-005,-4.701390000000000E-018, 8.360560000000000E-001, 7.429339999999999E+004, 3.095130000000000E+002, 9.023610000000000E+002, 1.479320000000000E+002,-2.695340000000000E-010
 1.658350000000000E-005, 5.786730000000000E-005, 1.426730000000000E-022, 8.175140000000000E-001, 6.555489999999999E+004, 2.793020000000000E+002, 9.270400000000000E+002, 1.280480000000000E+002,-2.389100000000000E-010
 2.677270000000000E-005, 5.937350000000000E-005, 3.987050000000000E-023, 8.539770000000000E-001, 6.254290000000000E+004, 2.550910000000000E+002, 9.529000000000000E+002, 1.136880000000000E+002,-3.310390000000000E-010
 3.696200000000000E-005, 6.087980000000000E-005,-3.344100000000000E-022, 9.384230000000000E-001, 6.353190000000000E+004, 2.358070000000000E+002, 9.741350000000000E+002, 1.226600000000000E+002,-3.575320000000000E-010
 4.715150000000000E-005, 6.238610000000000E-005,-1.511880000000000E-022, 1.029080000000000E+000, 6.346830000000000E+004, 2.148180000000000E+002, 9.866200000000000E+002, 1.314450000000000E+002,-3.851950000000000E-010
 5.734120000000000E-005, 6.389250000000000E-005, 7.919550000000001E-023, 1.121340000000000E+000, 6.105710000000000E+004, 1.896540000000000E+002, 1.011020000000000E+003, 1.255620000000000E+002,-4.084570000000000E-010
 6.753089999999999E-005, 6.539880000000000E-005, 1.600990000000000E-022, 1.295480000000000E+000, 6.130770000000000E+004, 1.648340000000000E+002, 1.035080000000000E+003, 1.229590000000000E+002,-2.843740000000000E-010
 7.772080000000000E-005, 6.690520000000000E-005,-2.753920000000000E-022, 1.633910000000000E+000, 7.007370000000000E+004, 1.493790000000000E+002, 1.038920000000000E+003, 1.277950000000000E+002,-1.217890000000000E-010
 8.791080000000001E-005, 6.841159999999999E-005,-9.086470000000000E-023, 1.913720000000000E+000, 7.816610000000001E+004, 1.422670000000000E+002, 1.021280000000000E+003, 1.385440000000000E+002,-2.527510000000000E-011
 9.810080000000000E-005, 6.991800000000000E-005, 6.657730000000000E-023, 1.969820000000000E+000, 7.849510000000001E+004, 1.387970000000000E+002, 1.009540000000000E+003, 1.397150000000000E+002,-5.784100000000000E-012
 1.082910000000000E-004, 7.142440000000000E-005, 2.315010000000000E-022, 1.972980000000000E+000, 7.771920000000000E+004, 1.372050000000000E+002, 1.005380000000000E+003, 1.364030000000000E+002,-8.823350000000000E-013
 1.184810000000000E-004, 7.293090000000000E-005, 7.298250000000000E-023, 1.955930000000000E+000, 7.624810000000001E+004, 1.357810000000000E+002, 1.000190000000000E+003, 1.290330000000000E+002, 4.504670000000000E-012
 1.286710000000000E-004, 7.443730000000000E-005, 3.616530000000000E-022, 1.933090000000000E+000, 7.464539999999999E+004, 1.344980000000000E+002, 1.001110000000000E+003, 1.233440000000000E+002, 2.456930000000000E-012
 1.388620000000000E-004, 7.594380000000000E-005,-8.420200000000000E-023, 1.911400000000000E+000, 7.308139999999999E+004, 1.331740000000000E+002, 1.004360000000000E+003, 1.184730000000000E+002,-1.171450000000000E-012
 1.490520000000000E-004, 7.745020000000000E-005, 1.274150000000000E-022, 1.889750000000000E+000, 7.156500000000000E+004, 1.319040000000000E+002, 1.007300000000000E+003, 1.152950000000000E+002,-4.369760000000000E-012
 1.592430000000000E-004, 7.895670000000000E-005,-1.572630000000000E-022, 1.868160000000000E+000, 7.018530000000000E+004, 1.308570000000000E+002, 1.008850000000000E+003, 1.159700000000000E+002,-4.394450000000000E-012
 1.694330000000000E-004, 8.046320000000001E-005,-1.441460000000000E-022, 1.854830000000000E+000, 6.933839999999999E+004, 1.302060000000000E+002, 1.009110000000000E+003, 1.175710000000000E+002,-4.692660000000000E-012
 1.796240000000000E-004, 8.196970000000000E-005,-1.286480000000000E-022, 1.856550000000000E+000, 6.936610000000001E+004, 1.301380000000000E+002, 1.008900000000000E+003, 1.186440000000000E+002,-2.844600000000000E-012
 1.898140000000000E-004, 8.347620000000000E-005, 9.251710000000000E-023, 1.878800000000000E+000, 7.049980000000000E+004, 1.306990000000000E+002, 1.008780000000000E+003, 1.197280000000000E+002,-2.407700000000000E-012
 2.000050000000000E-004, 8.498270000000000E-005, 1.832960000000000E-023, 1.914070000000000E+000, 7.237380000000000E+004, 1.317010000000000E+002, 1.009070000000000E+003, 1.214070000000000E+002,-7.680870000000000E-013
 2.101960000000000E-004, 8.648930000000000E-005, 2.536030000000000E-022, 1.949870000000000E+000, 7.423710000000001E+004, 1.326110000000000E+002, 1.008650000000000E+003, 1.234900000000000E+002,-2.839560000000000E-013
 2.203860000000000E-004, 8.799580000000000E-005, 1.737180000000000E-022, 1.981540000000000E+000, 7.580560000000001E+004, 1.332480000000000E+002, 1.007470000000000E+003, 1.257570000000000E+002,-6.155280000000000E-013
 2.305770000000000E-004, 8.950230000000001E-005, 3.646200000000000E-023, 2.006360000000000E+000, 7.692639999999999E+004, 1.335460000000000E+002, 1.005690000000000E+003, 1.280360000000000E+002, 4.651600000000000E-013
 2.407680000000000E-004, 9.100890000000000E-005, 2.962040000000000E-022, 2.022310000000000E+000, 7.752589999999999E+004, 1.335250000000000E+002, 1.003430000000000E+003, 1.302340000000000E+002,-5.047280000000000E-013
 2.509590000000000E-004, 9.251540000000001E-005, 2.032140000000000E-022, 2.030100000000000E+000, 7.763620000000000E+004, 1.332020000000000E+002, 1.000970000000000E+003, 1.324130000000000E+002, 4.334150000000000E-013
 2.611500000000000E-004, 9.402190000000000E-005,-2.537810000000000E-022, 2.032600000000000E+000, 7.739760000000001E+004, 1.326290000000000E+002, 9.986060000000000E+002, 1.350590000000000E+002,-6.061670000000000E-013
 2.713400000000000E-004, 9.552850000000001E-005,-1.529330000000000E-022, 2.035540000000000E+000, 7.712480000000000E+004, 1.319710000000000E+002, 9.963590000000000E+002, 1.367100000000000E+002, 1.078550000000000E-012
 2.815310000000000E-004, 9.703510000000000E-005,-1.699830000000000E-023, 2.048670000000000E+000, 7.736310000000001E+004, 1.315300000000000E+002, 9.943310000000000E+002, 1.354180000000000E+002,-1.589390000000000E-012
 2.917220000000000E-004, 9.854160000000001E-005,-4.182670000000000E-023, 2.058750000000000E+000, 7.745750000000000E+004, 1.310460000000000E+002, 9.931410000000000E+002, 1.333630000000000E+002, 1.517520000000000E-012
 3.019130000000000E-004, 1.000480000000000E-004,-4.392420000000000E-023, 2.065110000000000E+000, 7.737070000000000E+004, 1.304960000000000E+002, 9.924100000000000E+002, 1.311170000000000E+002,-8.443490000000000E-013
 3.121040000000000E-004, 1.015550000000000E-004,-1.526920000000000E-022, 2.069750000000000E+000, 7.721510000000001E+004, 1.299420000000000E+002, 9.921079999999999E+002, 1.287530000000000E+002,-1.392640000000000E-013
 3.222950000000000E-004, 1.030610000000000E-004, 6.801059999999999E-024, 2.073640000000000E+000, 7.705320000000000E+004, 1.294260000000000E+002, 9.921330000000000E+002, 1.263500000000000E+002, 9.700800000000000E-013
 3.324860000000000E-004, 1.045680000000000E-004,-2.332880000000000E-022, 2.076530000000000E+000, 7.687830000000000E+004, 1.289530000000000E+002, 9.924140000000000E+002, 1.239080000000000E+002,-1.228720000000000E-012
 3.426770000000000E-004, 1.060740000000000E-004,-9.945890000000000E-023, 2.077270000000000E+000, 7.662610000000001E+004, 1.284830000000000E+002, 9.928550000000000E+002, 1.213260000000000E+002, 1.040520000000000E-012
 3.528680000000000E-004, 1.075810000000000E-004, 2.550400000000000E-022, 2.075040000000000E+000, 7.623760000000001E+004, 1.279690000000000E+002, 9.933600000000000E+002, 1.183850000000000E+002,-7.405950000000000E-013
 3.630590000000000E-004, 1.090880000000000E-004,-2.932230000000000E-022, 2.068040000000000E+000, 7.561439999999999E+004, 1.273530000000000E+002, 9.941090000000000E+002, 1.146510000000000E+002,-2.257970000000000E-013
 3.732500000000000E-004, 1.105940000000000E-004,-5.032350000000000E-023, 2.057380000000000E+000, 7.482989999999999E+004, 1.266850000000000E+002, 9.950839999999999E+002, 1.106100000000000E+002, 3.185580000000000E-012
 3.834410000000000E-004, 1.121010000000000E-004, 1.748060000000000E-022, 2.042110000000000E+000, 7.382950000000000E+004, 1.259260000000000E+002, 9.958710000000000E+002, 1.069170000000000E+002,-9.808180000000001E-012
 3.936320000000000E-004, 1.136070000000000E-004, 8.193540000000000E-023, 2.015790000000000E+000, 7.229650000000000E+004, 1.249210000000000E+002, 9.959990000000000E+002, 1.040780000000000E+002, 1.997110000000000E-011
 4.038230000000000E-004, 1.151140000000000E-004,-6.372240000000000E-022, 1.983400000000000E+000, 7.050430000000000E+004, 1.238140000000000E+002, 9.959410000000000E+002, 1.013710000000000E+002,-3.032940000000000E-011
 4.140150000000000E-004, 1.166210000000000E-004,-1.929500000000000E-022, 1.949470000000000E+000, 6.868260000000001E+004, 1.227140000000000E+002, 9.959860000000000E+002, 9.846010000000000E+001, 3.666830000000000E-011
 4.242060000000000E-004, 1.181270000000000E-004,-1.760740000000000E-022, 1.914820000000000E+000, 6.686889999999999E+004, 1.216350000000000E+002, 9.961440000000000E+002, 9.527460000000001E+001,-3.724100000000000E-011
 4.343970000000000E-004, 1.196340000000000E-004,-3.038260000000000E-022, 1.879700000000000E+000, 6.507340000000000E+004, 1.205810000000000E+002, 9.963910000000000E+002, 9.182930000000000E+001, 3.276610000000000E-011
 4.445880000000000E-004, 1.211400000000000E-004,-1.246520000000000E-022, 1.844410000000000E+000, 6.330790000000000E+004, 1.195540000000000E+002, 9.967220000000000E+002, 8.818010000000000E+001,-2.500210000000000E-011
 4.547790000000000E-004, 1.226470000000000E-004,-2.451640000000000E-023, 1.809330000000000E+000, 6.158760000000000E+004, 1.185600000000000E+002, 9.971740000000000E+002, 8.440250000000000E+001, 1.469500000000000E-011
 4.649700000000000E-004, 1.241540000000000E-004,-3.078160000000000E-023, 1.774480000000000E+000, 5.990770000000000E+004, 1.175920000000000E+002, 9.977190000000001E+002, 8.051630000000000E+001,-1.423910000000000E-012
 4.751610000000000E-004, 1.256600000000000E-004, 5.796940000000000E-022, 1.739890000000000E+000, 5.826540000000000E+004, 1.166420000000000E+002, 9.983470000000000E+002, 7.654840000000000E+001,-1.425670000000000E-011
 4.853530000000000E-004, 1.271670000000000E-004,-1.105910000000000E-022, 1.705660000000000E+000, 5.666110000000000E+004, 1.157060000000000E+002, 9.990500000000000E+002, 7.252020000000000E+001, 2.963810000000000E-011
 4.955440000000000E-004, 1.286730000000000E-004,-7.325010000000000E-023, 1.671870000000000E+000, 5.509460000000000E+004, 1.147810000000000E+002, 9.998140000000000E+002, 6.845460000000000E+001,-4.068880000000000E-011
 5.057350000000000E-004, 1.301800000000000E-004,-1.989680000000000E-022, 1.638680000000000E+000, 5.356960000000000E+004, 1.138640000000000E+002, 1.000640000000000E+003, 6.435050000000000E+001, 4.311000000000000E-011
 5.159260000000000E-004, 1.316870000000000E-004, 2.655740000000000E-023, 1.606200000000000E+000, 5.208840000000000E+004, 1.129550000000000E+002, 1.001530000000000E+003, 6.023530000000000E+001,-3.423440000000000E-011
 5.261170000000000E-004, 1.331930000000000E-004, 3.769660000000000E-022, 1.574670000000000E+000, 5.065980000000000E+004, 1.120570000000000E+002, 1.002440000000000E+003, 5.614590000000000E+001, 1.610930000000000E-011
 5.363090000000000E-004, 1.347000000000000E-004,-3.431960000000000E-022, 1.544500000000000E+000, 4.929890000000000E+004, 1.111770000000000E+002, 1.003190000000000E+003, 5.211870000000000E+001, 2.446040000000000E-012
 5.465000000000000E-004, 1.362070000000000E-004, 1.508360000000000E-022, 1.515780000000000E+000, 4.800790000000000E+004, 1.103170000000000E+002, 1.003790000000000E+003, 4.816510000000000E+001,-9.409970000000000E-012
 5.566910000000000E-004, 1.377130000000000E-004,-4.288800000000000E-022, 1.488590000000000E+000, 4.678910000000000E+004, 1.094790000000000E+002, 1.004230000000000E+003, 4.430190000000000E+001,-1.949740000000000E-012
 5.668820000000000E-004, 1.392200000000000E-004, 3.299130000000000E-022, 1.463080000000000E+000, 4.564800000000000E+004, 1.086720000000000E+002, 1.004530000000000E+003, 4.056130000000000E+001, 2.808680000000000E-011
 5.770730000000000E-004, 1.407260000000000E-004,-3.310110000000000E-023, 1.439250000000000E+000, 4.458380000000000E+004, 1.078960000000000E+002, 1.004700000000000E+003, 3.695920000000000E+001,-5.930060000000000E-011
 5.872650000000000E-004, 1.422330000000000E-004,-4.439600000000000E-022, 1.417040000000000E+000, 4.359340000000000E+004, 1.071530000000000E+002, 1.004750000000000E+003, 3.350350000000000E+001, 8.959079999999999E-011
 5.974560000000000E-004, 1.437400000000000E-004, 2.474900000000000E-022, 1.396410000000000E+000, 4.267380000000000E+004, 1.064420000000000E+002, 1.004680000000000E+003, 3.020120000000000E+001,-1.216900000000000E-010
 6.076470000000000E-004, 1.452460000000000E-004,-2.099770000000000E-022, 1.377280000000000E+000, 4.182160000000000E+004, 1.057650000000000E+002, 1.004520000000000E+003, 2.705510000000000E+001, 1.625880000000000E-010
 6.178380000000000E-004, 1.467530000000000E-004,-1.567930000000000E-022, 1.359570000000000E+000, 4.103200000000000E+004, 1.051200000000000E+002, 1.004280000000000E+003, 2.406150000000000E+001,-2.136130000000000E-010
 6.280300000000000E-004, 1.482600000000000E-004,-3.786710000000000E-023, 1.343230000000000E+000, 4.030270000000000E+004, 1.045080000000000E+002, 1.003980000000000E+003, 2.122970000000000E+001, 2.636270000000000E-010
 6.382210000000000E-004, 1.497660000000000E-004,-4.583860000000000E-023, 1.328380000000000E+000, 3.964110000000000E+004, 1.039410000000000E+002, 1.003670000000000E+003, 1.860870000000000E+001,-2.932950000000000E-010
 6.484120000000000E-004, 1.512730000000000E-004,-5.247990000000000E-022, 1.315120000000000E+000, 3.905160000000000E+004, 1.034280000000000E+002, 1.003370000000000E+003, 1.623720000000000E+001, 2.898530000000000E-010
 6.586040000000000E-004, 1.527790000000000E-004,-2.143080000000000E-022, 1.303480000000000E+000, 3.853610000000000E+004, 1.029740000000000E+002, 1.003110000000000E+003, 1.413870000000000E+001,-2.583310000000000E-010
 6.687950000000000E-004, 1.542860000000000E-004,-3.500880000000000E-022, 1.293400000000000E+000, 3.809270000000000E+004, 1.025830000000000E+002, 1.002890000000000E+003, 1.231620000000000E+001, 2.161700000000000E-010
 6.789860000000000E-004, 1.557930000000000E-004,-6.016130000000000E-023, 1.284780000000000E+000, 3.771640000000000E+004, 1.022500000000000E+002, 1.002720000000000E+003, 1.075670000000000E+001,-1.763730000000000E-010
 6.891770000000000E-004, 1.572990000000000E-004,-2.869180000000000E-022, 1.277410000000000E+000, 3.739660000000000E+004, 1.019680000000000E+002, 1.002600000000000E+003, 9.423400000000001E+000, 1.391330000000000E-010
 6.993690000000000E-004, 1.588060000000000E-004,-2.230370000000000E-024, 1.271070000000000E+000, 3.712290000000000E+004, 1.017270000000000E+002, 1.002500000000000E+003, 8.277049999999999E+000,-1.015640000000000E-010
 7.095600000000000E-004, 1.603130000000000E-004,-1.885330000000000E-022, 1.265580000000000E+000, 3.688740000000000E+004, 1.015200000000000E+002, 1.002430000000000E+003, 7.287200000000000E+000, 7.049170000000001E-011
 7.197510000000000E-004, 1.618190000000000E-004,-1.496720000000000E-022, 1.260820000000000E+000, 3.668370000000000E+004, 1.013410000000000E+002, 1.002390000000000E+003, 6.429540000000000E+000,-5.832399999999999E-011
 7.299430000000000E-004, 1.633260000000000E-004,-5.250570000000000E-022, 1.256670000000000E+000, 3.650710000000000E+004, 1.011860000000000E+002, 1.002350000000000E+003, 5.684550000000000E+000, 6.775870000000001E-011
 7.401340000000000E-004, 1.648330000000000E-004, 2.226930000000000E-022, 1.253060000000000E+000, 3.635360000000000E+004, 1.010510000000000E+002, 1.002320000000000E+003, 5.035940000000000E+000,-8.752290000000001E-011
 7.503250000000000E-004, 1.663390000000000E-004, 2.097990000000000E-025, 1.249900000000000E+000, 3.621980000000000E+004, 1.009330000000000E+002, 1.002310000000000E+003, 4.470040000000000E+000, 1.041350000000000E-010
 7.605170000000001E-004, 1.678460000000000E-004,-6.858860000000000E-024, 1.247130000000000E+000, 3.610290000000000E+004, 1.008310000000000E+002, 1.002290000000000E+003, 3.975480000000000E+000,-1.155720000000000E-010
 7.707080000000000E-004, 1.693520000000000E-004,-2.023830000000000E-022, 1.244710000000000E+000, 3.600060000000000E+004, 1.007410000000000E+002, 1.002290000000000E+003, 3.541990000000000E+000, 1.349770000000000E-010
 7.808990000000000E-004, 1.708590000000000E-004,-5.533600000000000E-022, 1.242580000000000E+000, 3.591080000000000E+004, 1.006620000000000E+002, 1.002280000000000E+003, 3.162720000000000E+000,-1.842800000000000E-010
 7.910910000000000E-004, 1.723660000000000E-004, 2.778860000000000E-022, 1.240710000000000E+000, 3.583200000000000E+004, 1.005930000000000E+002, 1.002280000000000E+003, 2.827020000000000E+000, 2.791620000000000E-010
 8.012819999999999E-004, 1.738720000000000E-004, 6.270290000000000E-022, 1.239050000000000E+000, 3.576250000000000E+004, 1.005320000000000E+002, 1.002280000000000E+003, 2.536000000000000E+000,-4.124040000000000E-010
 8.114729999999999E-004, 1.753790000000000E-004,-6.575970000000000E-022, 1.237600000000000E+000, 3.570150000000000E+004, 1.004780000000000E+002, 1.002280000000000E+003, 2.271480000000000E+000, 5.281060000000000E-010
 8.216650000000000E-004, 1.768860000000000E-004, 2.744340000000000E-022, 1.236300000000000E+000, 3.564680000000000E+004, 1.004300000000000E+002, 1.002280000000000E+003, 2.049060000000000E+000,-5.714510000000000E-010
 8.318560000000000E-004, 1.783920000000000E-004,-1.014960000000000E-022, 1.235180000000000E+000, 3.559990000000000E+004, 1.003880000000000E+002, 1.002290000000000E+003, 1.839000000000000E+000, 5.150540000000000E-010
 8.420470000000000E-004, 1.798990000000000E-004, 4.867740000000000E-022, 1.234120000000000E+000, 3.555570000000000E+004, 1.003500000000000E+002, 1.002280000000000E+003, 1.663030000000000E+000,-4.026980000000000E-010
 8.522390000000000E-004, 1.814060000000000E-004, 3.088550000000000E-024, 1.233280000000000E+000, 3.552050000000000E+004, 1.003190000000000E+002, 1.002290000000000E+003, 1.505780000000000E+000, 2.155600000000000E-010
 8.624300000000000E-004, 1.829120000000000E-004,-3.682320000000000E-022, 1.232390000000000E+000, 3.548320000000000E+004, 1.002860000000000E+002, 1.002290000000000E+003, 1.351120000000000E+000,-6.307730000000000E-011
 8.726210000000000E-004, 1.844190000000000E-004,-2.242720000000000E-022, 1.231780000000000E+000, 3.545750000000000E+004, 1.002630000000000E+002, 1.002290000000000E+003, 1.242900000000000E+000,-1.129320000000000E-011
 8.828130000000000E-004, 1.859260000000000E-004,-5.264500000000000E-022, 1.231020000000000E+000, 3.542610000000000E+004, 1.002350000000000E+002, 1.002300000000000E+003, 1.107510000000000E+000, 3.228540000000000E-011
 8.930040000000000E-004, 1.874320000000000E-004,-1.555840000000000E-022, 1.230560000000000E+000, 3.540680000000000E+004, 1.002180000000000E+002, 1.002300000000000E+003, 1.029250000000000E+000, 2.506870000000000E-012
 9.031950000000000E-004, 1.889390000000000E-004,-1.206860000000000E-022, 1.229950000000000E+000, 3.538110000000000E+004, 1.001950000000000E+002, 1.002300000000000E+003, 9.137700000000000E-001,-1.745640000000000E-012
 9.133870000000000E-004, 1.904450000000000E-004,-5.950860000000000E-022, 1.229580000000000E+000, 3.536570000000000E+004, 1.001820000000000E+002, 1.002300000000000E+003, 8.622320000000000E-001,-1.176850000000000E-012
 9.235780000000000E-004, 1.919520000000000E-004, 1.043290000000000E-022, 1.229120000000000E+000, 3.534590000000000E+004, 1.001630000000000E+002, 1.002310000000000E+003, 7.576640000000000E-001, 3.352930000000000E-013
 9.337700000000000E-004, 1.934590000000000E-004, 2.170920000000000E-023, 1.228760000000000E+000, 3.533180000000000E+004, 1.001530000000000E+002, 1.002300000000000E+003, 7.244450000000000E-001,-7.644180000000000E-013
 9.439610000000000E-004, 1.949650000000000E-004, 2.541930000000000E-022, 1.228420000000000E+000, 3.531630000000000E+004, 1.001370000000000E+002, 1.002320000000000E+003, 6.333780000000000E-001, 2.901210000000000E-013
 9.541520000000000E-004, 1.964720000000000E-004,-1.542440000000000E-023, 1.228170000000000E+000, 3.530690000000000E+004, 1.001300000000000E+002, 1.002310000000000E+003, 6.134350000000000E-001,-8.045750000000000E-014
 9.643440000000000E-004, 1.979790000000000E-004,-9.415610000000001E-022, 1.227730000000000E+000, 3.528810000000000E+004, 1.001130000000000E+002, 1.002320000000000E+003, 5.199530000000000E-001,-7.034460000000000E-014
 9.745350000000000E-004, 1.994850000000000E-004, 1.432250000000000E-022, 1.227690000000000E+000, 3.528650000000000E+004, 1.001110000000000E+002, 1.002320000000000E+003, 5.204590000000000E-001, 2.557620000000000E-014
 9.847260000000000E-004, 2.009920000000000E-004,-1.314980000000000E-023, 1.227260000000000E+000, 3.526820000000000E+004, 1.000950000000000E+002, 1.002320000000000E+003, 4.422940000000000E-001, 3.263090000000000E-015
 9.949180000000000E-004, 2.024990000000000E-004,-6.321470000000000E-022, 1.227920000000000E+000, 3.528710000000000E+004, 1.000940000000000E+002, 1.002350000000000E+003, 4.576030000000000E-001,-3.214240000000000E-016
-2.930090000000000E-006, 5.344520000000000E-005,-3.397570000000000E-023, 9.671090000000000E-001, 9.869960000000001E+004, 3.554710000000000E+002, 7.855410000000001E+002, 1.707970000000000E+002,-6.212510000000000E-012
 7.249900000000000E-006, 5.487250000000000E-005, 1.322810000000000E-022, 7.831080000000000E-001, 7.265530000000000E+004, 3.231540000000000E+002, 8.144490000000000E+002, 1.339920000000000E+002, 9.015120000000000E-013
 1.743010000000000E-005, 5.629990000000000E-005, 1.154610000000000E-022, 7.911830000000000E-001, 6.606550000000000E+004, 2.908450000000000E+002, 8.271410000000000E+002, 1.301320000000000E+002,-3.367290000000000E-011
 2.761050000000000E-005, 5.772730000000000E-005, 1.507210000000000E-022, 8.287080000000000E-001, 6.286770000000000E+004, 2.642350000000000E+002, 8.602380000000001E+002, 1.226360000000000E+002, 6.055970000000000E-011
 3.779110000000000E-005, 5.915470000000000E-005,-1.635190000000000E-022, 8.853030000000000E-001, 6.195730000000000E+004, 2.437610000000000E+002, 9.047650000000000E+002, 1.263330000000000E+002,-1.019310000000000E-010
 4.797190000000000E-005, 6.058210000000000E-005, 2.024560000000000E-022, 9.926000000000000E-001, 6.485710000000000E+004, 2.275870000000000E+002, 9.422590000000000E+002, 1.482320000000000E+002,-2.105530000000000E-010
 5.815270000000000E-005, 6.200960000000000E-005, 1.645340000000000E-023, 1.116570000000000E+000, 6.661880000000000E+004, 2.078150000000000E+002, 9.705770000000000E+002, 1.472000000000000E+002,-1.361310000000000E-011
 6.833370000000001E-005, 6.343700000000000E-005,-2.339400000000000E-022, 1.233210000000000E+000, 6.474520000000000E+004, 1.828670000000000E+002, 1.008910000000000E+003, 1.191480000000000E+002,-3.947540000000000E-011
 7.851480000000000E-005, 6.486450000000000E-005, 1.607850000000000E-022, 1.401670000000000E+000, 6.544740000000000E+004, 1.626330000000000E+002, 1.045830000000000E+003, 1.032240000000000E+002,-7.609880000000001E-011
 8.869610000000000E-005, 6.629199999999999E-005, 1.157330000000000E-023, 1.560410000000000E+000, 6.974450000000000E+004, 1.556810000000000E+002, 1.058780000000000E+003, 1.175230000000000E+002,-4.257540000000000E-011
 9.887740000000000E-005, 6.771950000000000E-005,-2.018980000000000E-022, 1.679870000000000E+000, 7.510580000000000E+004, 1.557260000000000E+002, 1.058600000000000E+003, 1.355980000000000E+002, 2.320050000000000E-011
 1.090590000000000E-004, 6.914710000000000E-005,-6.041820000000000E-023, 1.767220000000000E+000, 7.927330000000000E+004, 1.562430000000000E+002, 1.053660000000000E+003, 1.478080000000000E+002, 4.702790000000000E-011
 1.192400000000000E-004, 7.057459999999999E-005, 1.731760000000000E-022, 1.817830000000000E+000, 8.128810000000001E+004, 1.557530000000000E+002, 1.047060000000000E+003, 1.538790000000000E+002, 2.765570000000000E-011
 1.294220000000000E-004, 7.200220000000001E-005, 1.586650000000000E-022, 1.839370000000000E+000, 8.144770000000000E+004, 1.542310000000000E+002, 1.040560000000000E+003, 1.536750000000000E+002, 5.836010000000000E-012
 1.396030000000000E-004, 7.342980000000001E-005, 6.695540000000000E-023, 1.842950000000000E+000, 8.054630000000000E+004, 1.522290000000000E+002, 1.035180000000000E+003, 1.515850000000000E+002,-5.228640000000000E-012
 1.497850000000000E-004, 7.485730000000000E-005,-6.709990000000000E-024, 1.817670000000000E+000, 7.800210000000001E+004, 1.494700000000000E+002, 1.029030000000000E+003, 1.447510000000000E+002,-1.033440000000000E-011
 1.599670000000000E-004, 7.628490000000000E-005, 3.549200000000000E-023, 1.789000000000000E+000, 7.544939999999999E+004, 1.468960000000000E+002, 1.027370000000000E+003, 1.335520000000000E+002,-8.717960000000000E-012
 1.701480000000000E-004, 7.771250000000000E-005,-1.796650000000000E-023, 1.772540000000000E+000, 7.371520000000000E+004, 1.448520000000000E+002, 1.029230000000000E+003, 1.243950000000000E+002,-7.021030000000000E-012
 1.803300000000000E-004, 7.914010000000000E-005,-1.901280000000000E-022, 1.764550000000000E+000, 7.255589999999999E+004, 1.432200000000000E+002, 1.033070000000000E+003, 1.174140000000000E+002,-4.391500000000000E-012
 1.905120000000000E-004, 8.056780000000000E-005, 9.313210000000000E-023, 1.760640000000000E+000, 7.171820000000000E+004, 1.418810000000000E+002, 1.037570000000000E+003, 1.118220000000000E+002,-2.801450000000000E-012
 2.006940000000000E-004, 8.199540000000000E-005,-2.005930000000000E-022, 1.755300000000000E+000, 7.090600000000000E+004, 1.407010000000000E+002, 1.042120000000000E+003, 1.087900000000000E+002,-1.426170000000000E-012
 2.108760000000000E-004, 8.342300000000000E-005,-2.913840000000000E-022, 1.748750000000000E+000, 7.015630000000000E+004, 1.397350000000000E+002, 1.046160000000000E+003, 1.084980000000000E+002,-7.827840000000000E-013
 2.210580000000000E-004, 8.485060000000000E-005,-1.227870000000000E-023, 1.743700000000000E+000, 6.963839999999999E+004, 1.391040000000000E+002, 1.049040000000000E+003, 1.096880000000000E+002,-5.438880000000000E-013
 2.312400000000000E-004, 8.627830000000000E-005, 1.944390000000000E-023, 1.743130000000000E+000, 6.950280000000000E+004, 1.388790000000000E+002, 1.050470000000000E+003, 1.120180000000000E+002,-2.499560000000000E-014
 2.414220000000000E-004, 8.770590000000000E-005, 2.548440000000000E-022, 1.751200000000000E+000, 6.988180000000000E+004, 1.389930000000000E+002, 1.050490000000000E+003, 1.150320000000000E+002,-2.248850000000000E-013
 2.516040000000000E-004, 8.913360000000000E-005,-1.102850000000000E-022, 1.769480000000000E+000, 7.079330000000000E+004, 1.393510000000000E+002, 1.048140000000000E+003, 1.180770000000000E+002, 2.214580000000000E-013
 2.617860000000000E-004, 9.056120000000000E-005,-3.310900000000000E-022, 1.797740000000000E+000, 7.222689999999999E+004, 1.399380000000000E+002, 1.044910000000000E+003, 1.209560000000000E+002,-3.847710000000000E-013
 2.719680000000000E-004, 9.198890000000000E-005,-3.872090000000000E-023, 1.835740000000000E+000, 7.413489999999999E+004, 1.406620000000000E+002, 1.041260000000000E+003, 1.237740000000000E+002, 6.018990000000000E-013
 2.821500000000000E-004, 9.341650000000000E-005, 1.044490000000000E-022, 1.876430000000000E+000, 7.611100000000000E+004, 1.412800000000000E+002, 1.037720000000000E+003, 1.268980000000000E+002,-6.720270000000000E-013
 2.923320000000000E-004, 9.484420000000000E-005, 1.548280000000000E-022, 1.915240000000000E+000, 7.792739999999999E+004, 1.417200000000000E+002, 1.033770000000000E+003, 1.300050000000000E+002, 5.766430000000000E-013
 3.025140000000000E-004, 9.627190000000000E-005,-7.044250000000000E-023, 1.949870000000000E+000, 7.946800000000000E+004, 1.419550000000000E+002, 1.029480000000000E+003, 1.328770000000000E+002,-2.989150000000000E-013
 3.126970000000000E-004, 9.769950000000000E-005,-2.832540000000000E-023, 1.978700000000000E+000, 8.066760000000001E+004, 1.419980000000000E+002, 1.025010000000000E+003, 1.353860000000000E+002,-4.655580000000000E-014
 3.228790000000000E-004, 9.912720000000000E-005,-4.127150000000000E-022, 2.000460000000000E+000, 8.148500000000000E+004, 1.418770000000000E+002, 1.020520000000000E+003, 1.374810000000000E+002, 3.019880000000000E-013
 3.330610000000000E-004, 1.005550000000000E-004, 1.187020000000000E-022, 2.014980000000000E+000, 8.189850000000000E+004, 1.415690000000000E+002, 1.016100000000000E+003, 1.391710000000000E+002,-3.163430000000000E-013
 3.432430000000000E-004, 1.019830000000000E-004, 1.636100000000000E-022, 2.023700000000000E+000, 8.200200000000000E+004, 1.411370000000000E+002, 1.011990000000000E+003, 1.405280000000000E+002, 2.119640000000000E-013
 3.534250000000000E-004, 1.034100000000000E-004,-1.195300000000000E-022, 2.028150000000000E+000, 8.188070000000000E+004, 1.406200000000000E+002, 1.008290000000000E+003, 1.419280000000000E+002,-7.684320000000000E-014
 3.636080000000000E-004, 1.048380000000000E-004,-3.197950000000000E-022, 2.029360000000000E+000, 8.156789999999999E+004, 1.399990000000000E+002, 1.004700000000000E+003, 1.436690000000000E+002,-2.220470000000000E-013
 3.737900000000000E-004, 1.062660000000000E-004,-1.550980000000000E-022, 2.025990000000000E+000, 8.095420000000000E+004, 1.391770000000000E+002, 1.001360000000000E+003, 1.451930000000000E+002, 8.275400000000000E-013
 3.839720000000000E-004, 1.076930000000000E-004, 3.747010000000000E-022, 2.021340000000000E+000, 8.021650000000000E+004, 1.382260000000000E+002, 9.991210000000000E+002, 1.458940000000000E+002,-1.479190000000000E-012
 3.941550000000000E-004, 1.091210000000000E-004, 1.617610000000000E-022, 2.024270000000000E+000, 7.987520000000000E+004, 1.374380000000000E+002, 9.974660000000000E+002, 1.447980000000000E+002, 2.844620000000000E-012
 4.043370000000000E-004, 1.105490000000000E-004, 7.748730000000000E-023, 2.029620000000000E+000, 7.966839999999999E+004, 1.367210000000000E+002, 9.962809999999999E+002, 1.425510000000000E+002,-4.506760000000000E-012
 4.145190000000000E-004, 1.119760000000000E-004, 4.299210000000000E-022, 2.034530000000000E+000, 7.945239999999999E+004, 1.360210000000000E+002, 9.957270000000000E+002, 1.401280000000000E+002, 5.128000000000000E-012
 4.247010000000000E-004, 1.134040000000000E-004,-2.638510000000000E-022, 2.038610000000000E+000, 7.919980000000000E+004, 1.353180000000000E+002, 9.954810000000000E+002, 1.376790000000000E+002,-4.577060000000000E-012
 4.348840000000000E-004, 1.148320000000000E-004,-8.285400000000000E-023, 2.041960000000000E+000, 7.891830000000000E+004, 1.346160000000000E+002, 9.954510000000000E+002, 1.352310000000000E+002, 3.350080000000000E-012
 4.450660000000000E-004, 1.162600000000000E-004,-6.193000000000000E-022, 2.044590000000000E+000, 7.861450000000000E+004, 1.339240000000000E+002, 9.955560000000000E+002, 1.327980000000000E+002,-1.976980000000000E-012
 4.552490000000000E-004, 1.176870000000000E-004, 2.852070000000000E-022, 2.046150000000000E+000, 7.827320000000000E+004, 1.332420000000000E+002, 9.957080000000000E+002, 1.303830000000000E+002, 7.045860000000000E-013
 4.654310000000000E-004, 1.191150000000000E-004,-2.018750000000000E-022, 2.045830000000000E+000, 7.784410000000001E+004, 1.325320000000000E+002, 9.958099999999999E+002, 1.280850000000000E+002, 6.709410000000000E-013
 4.756130000000000E-004, 1.205430000000000E-004,-1.293890000000000E-022, 2.043690000000000E+000, 7.733010000000001E+004, 1.317940000000000E+002, 9.959109999999999E+002, 1.258200000000000E+002,-2.312820000000000E-012
 4.857960000000000E-004, 1.219700000000000E-004, 1.485390000000000E-022, 2.039790000000000E+000, 7.676489999999999E+004, 1.310820000000000E+002, 9.960810000000000E+002, 1.235790000000000E+002, 4.096100000000000E-012
 4.959780000000000E-004, 1.233980000000000E-004,-1.736000000000000E-022, 2.034540000000000E+000, 7.617560000000001E+004, 1.304110000000000E+002, 9.963620000000000E+002, 1.213160000000000E+002,-5.569220000000000E-012
 5.061610000000000E-004, 1.248260000000000E-004, 2.052600000000000E-022, 2.028140000000000E+000, 7.555650000000000E+004, 1.297590000000000E+002, 9.966440000000000E+002, 1.190170000000000E+002, 6.303350000000000E-012
 5.163430000000001E-004, 1.262540000000000E-004,-2.790170000000000E-022, 2.020620000000000E+000, 7.490689999999999E+004, 1.291220000000000E+002, 9.969550000000000E+002, 1.166370000000000E+002,-5.510840000000000E-012
 5.265250000000000E-004, 1.276810000000000E-004,-1.757370000000000E-022, 2.012270000000000E+000, 7.424530000000000E+004, 1.285130000000000E+002, 9.973290000000000E+002, 1.141480000000000E+002, 2.934050000000000E-012
 5.367080000000000E-004, 1.291090000000000E-004, 5.393820000000000E-023, 2.003170000000000E+000, 7.357570000000000E+004, 1.279320000000000E+002, 9.978780000000000E+002, 1.115150000000000E+002, 1.745560000000000E-013
 5.468900000000000E-004, 1.305370000000000E-004, 1.790150000000000E-023, 1.993390000000000E+000, 7.289320000000000E+004, 1.273680000000000E+002, 9.986120000000000E+002, 1.086580000000000E+002,-1.597110000000000E-012
 5.570730000000001E-004, 1.319640000000000E-004,-2.750630000000000E-022, 1.982470000000000E+000, 7.216780000000000E+004, 1.267940000000000E+002, 9.995330000000000E+002, 1.055090000000000E+002,-1.404990000000000E-013
 5.672550000000000E-004, 1.333920000000000E-004,-2.310960000000000E-022, 1.970230000000000E+000, 7.139050000000000E+004, 1.262080000000000E+002, 1.000580000000000E+003, 1.021910000000000E+002, 4.629030000000000E-012
 5.774380000000000E-004, 1.348200000000000E-004, 3.807230000000000E-022, 1.957130000000000E+000, 7.058639999999999E+004, 1.256220000000000E+002, 1.001720000000000E+003, 9.879830000000000E+001,-1.018930000000000E-011
 5.876200000000000E-004, 1.362480000000000E-004, 3.314890000000000E-022, 1.943300000000000E+000, 6.976110000000001E+004, 1.250370000000000E+002, 1.002930000000000E+003, 9.532850000000001E+001, 1.587950000000000E-011
 5.978030000000000E-004, 1.376750000000000E-004,-3.904990000000000E-022, 1.928900000000000E+000, 6.892080000000000E+004, 1.244530000000000E+002, 1.004200000000000E+003, 9.178050000000000E+001,-2.246240000000000E-011
 6.079850000000000E-004, 1.391030000000000E-004, 4.808150000000000E-022, 1.914190000000000E+000, 6.807770000000000E+004, 1.238750000000000E+002, 1.005520000000000E+003, 8.813690000000000E+001, 3.125820000000000E-011
 6.181680000000000E-004, 1.405310000000000E-004,-3.647230000000000E-022, 1.899870000000000E+000, 6.726560000000001E+004, 1.233200000000000E+002, 1.006800000000000E+003, 8.435660000000000E+001,-4.199950000000000E-011
 6.283500000000000E-004, 1.419590000000000E-004,-1.699170000000000E-022, 1.885460000000000E+000, 6.645680000000000E+004, 1.227680000000000E+002, 1.007720000000000E+003, 8.052700000000000E+001, 5.228290000000000E-011
 6.385330000000000E-004, 1.433860000000000E-004,-7.809900000000001E-024, 1.867840000000000E+000, 6.549140000000000E+004, 1.221260000000000E+002, 1.008320000000000E+003, 7.687670000000000E+001,-5.772610000000000E-011
 6.487150000000000E-004, 1.448140000000000E-004,-1.308540000000000E-022, 1.846370000000000E+000, 6.434320000000000E+004, 1.213800000000000E+002, 1.008600000000000E+003, 7.345110000000000E+001, 5.508860000000000E-011
 6.588980000000000E-004, 1.462420000000000E-004, 4.835590000000000E-022, 1.821760000000000E+000, 6.304950000000000E+004, 1.205470000000000E+002, 1.008580000000000E+003, 7.017130000000000E+001,-4.626530000000000E-011
 6.690800000000000E-004, 1.476690000000000E-004, 5.154890000000000E-022, 1.795020000000000E+000, 6.165960000000000E+004, 1.196450000000000E+002, 1.008280000000000E+003, 6.692319999999999E+001, 3.677140000000000E-011
 6.792630000000000E-004, 1.490970000000000E-004, 3.174460000000000E-022, 1.767380000000000E+000, 6.023510000000000E+004, 1.187090000000000E+002, 1.007770000000000E+003, 6.370850000000000E+001,-2.963610000000000E-011
 6.894450000000000E-004, 1.505250000000000E-004, 1.150050000000000E-022, 1.741050000000000E+000, 5.890280000000000E+004, 1.178390000000000E+002, 1.007220000000000E+003, 6.082000000000000E+001, 2.347570000000000E-011
 6.996280000000000E-004, 1.519530000000000E-004, 5.632770000000000E-023, 1.716190000000000E+000, 5.766390000000000E+004, 1.170320000000000E+002, 1.006700000000000E+003, 5.819910000000000E+001,-1.642780000000000E-011
 7.098100000000000E-004, 1.533800000000000E-004, 4.902630000000000E-023, 1.692590000000000E+000, 5.650260000000000E+004, 1.162730000000000E+002, 1.006230000000000E+003, 5.576600000000000E+001, 1.040970000000000E-011
 7.199930000000000E-004, 1.548080000000000E-004,-5.599400000000000E-023, 1.670160000000000E+000, 5.540960000000000E+004, 1.155560000000000E+002, 1.005800000000000E+003, 5.347460000000000E+001,-9.340790000000001E-012
 7.301750000000000E-004, 1.562360000000000E-004, 2.034570000000000E-022, 1.648810000000000E+000, 5.437840000000000E+004, 1.148730000000000E+002, 1.005410000000000E+003, 5.129830000000000E+001, 1.416310000000000E-011
 7.403580000000000E-004, 1.576640000000000E-004, 1.241750000000000E-022, 1.628500000000000E+000, 5.340410000000000E+004, 1.142230000000000E+002, 1.005060000000000E+003, 4.922060000000000E+001,-2.151460000000000E-011
 7.505400000000000E-004, 1.590910000000000E-004, 1.285360000000000E-022, 1.609150000000000E+000, 5.248240000000000E+004, 1.136010000000000E+002, 1.004740000000000E+003, 4.722840000000000E+001, 2.705240000000000E-011
 7.607230000000000E-004, 1.605190000000000E-004,-1.917800000000000E-022, 1.590730000000000E+000, 5.160990000000000E+004, 1.130060000000000E+002, 1.004450000000000E+003, 4.531480000000000E+001,-2.921220000000000E-011
 7.709050000000000E-004, 1.619470000000000E-004,-3.728960000000000E-022, 1.573200000000000E+000, 5.078400000000000E+004, 1.124370000000000E+002, 1.004200000000000E+003, 4.347520000000000E+001, 3.063540000000000E-011
 7.810880000000000E-004, 1.633750000000000E-004,-3.769340000000000E-022, 1.556510000000000E+000, 5.000180000000000E+004, 1.118920000000000E+002, 1.003970000000000E+003, 4.170590000000000E+001,-3.699180000000000E-011
 7.912700000000000E-004, 1.648020000000000E-004, 3.416150000000000E-022, 1.540640000000000E+000, 4.926110000000000E+004, 1.113700000000000E+002, 1.003760000000000E+003, 4.000200000000000E+001, 5.333040000000000E-011
 8.014530000000000E-004, 1.662300000000000E-004,-3.547650000000000E-022, 1.525540000000000E+000, 4.855950000000000E+004, 1.108700000000000E+002, 1.003570000000000E+003, 3.836550000000000E+001,-7.979340000000000E-011
 8.116360000000000E-004, 1.676580000000000E-004,-6.925420000000000E-022, 1.511190000000000E+000, 4.789500000000000E+004, 1.103910000000000E+002, 1.003410000000000E+003, 3.678690000000000E+001, 1.079230000000000E-010
 8.218180000000000E-004, 1.690860000000000E-004, 1.768150000000000E-022, 1.497550000000000E+000, 4.726600000000000E+004, 1.099340000000000E+002, 1.003250000000000E+003, 3.527780000000000E+001,-1.242720000000000E-010
 8.320010000000000E-004, 1.705130000000000E-004,-8.065850000000000E-022, 1.484570000000000E+000, 4.666940000000000E+004, 1.094950000000000E+002, 1.003120000000000E+003, 3.381380000000000E+001, 1.160730000000000E-010
 8.421830000000000E-004, 1.719410000000000E-004,-1.283930000000000E-022, 1.472270000000000E+000, 4.610610000000000E+004, 1.090770000000000E+002, 1.003000000000000E+003, 3.242780000000000E+001,-8.730190000000000E-011
 8.523660000000000E-004, 1.733690000000000E-004, 2.375740000000000E-022, 1.460530000000000E+000, 4.556970000000000E+004, 1.086750000000000E+002, 1.002890000000000E+003, 3.107090000000000E+001, 4.174010000000000E-011
 8.625480000000000E-004, 1.747970000000000E-004, 3.364070000000000E-022, 1.449460000000000E+000, 4.506590000000000E+004, 1.082940000000000E+002, 1.002790000000000E+003, 2.980120000000000E+001,-6.546540000000000E-012
 8.727310000000000E-004, 1.762240000000000E-004,-2.719620000000000E-022, 1.438830000000000E+000, 4.458330000000000E+004, 1.079260000000000E+002, 1.002700000000000E+003, 2.854590000000000E+001,-1.103920000000000E-011
 8.829140000000001E-004, 1.776520000000000E-004,-2.811810000000000E-022, 1.428880000000000E+000, 4.413220000000000E+004, 1.075790000000000E+002, 1.002620000000000E+003, 2.738130000000000E+001, 9.218480000000000E-012
 8.930960000000000E-004, 1.790800000000000E-004,-1.948120000000000E-022, 1.419280000000000E+000, 4.369880000000000E+004, 1.072420000000000E+002, 1.002550000000000E+003, 2.623480000000000E+001, 1.729020000000000E-012
 9.032790000000000E-004, 1.805080000000000E-004,-2.347550000000000E-022, 1.410290000000000E+000, 4.329360000000000E+004, 1.069250000000000E+002, 1.002490000000000E+003, 2.514390000000000E+001, 8.309810000000000E-014
 9.134610000000000E-004, 1.819350000000000E-004, 2.727090000000000E-022, 1.401670000000000E+000, 4.290610000000000E+004, 1.066200000000000E+002, 1.002430000000000E+003, 2.412950000000000E+001, 2.409190000000000E-014
 9.236440000000000E-004, 1.833630000000000E-004,-2.382830000000000E-022, 1.393490000000000E+000, 4.253900000000000E+004, 1.063280000000000E+002, 1.002390000000000E+003, 2.308300000000000E+001,-1.522260000000000E-013
 9.338270000000000E-004, 1.847910000000000E-004, 2.953320000000000E-022, 1.385820000000000E+000, 4.219600000000000E+004, 1.060540000000000E+002, 1.002330000000000E+003, 2.219750000000000E+001,-2.202710000000000E-013
 9.440090000000000E-004, 1.862190000000000E-004, 3.716430000000000E-022, 1.378310000000000E+000, 4.186030000000000E+004, 1.057840000000000E+002, 1.002300000000000E+003, 2.121220000000000E+001, 1.543640000000000E-013
 9.541920000000000E-004, 1.876460000000000E-004, 1.598680000000000E-022, 1.371490000000000E+000, 4.155620000000000E+004, 1.055380000000000E+002, 1.002260000000000E+003, 2.039250000000000E+001,-1.360400000000000E-015
 9.643740000000000E-004, 1.890740000000000E-004, 3.732480000000000E-024, 1.364600000000000E+000, 4.125030000000000E+004, 1.052900000000000E+002, 1.002230000000000E+003, 1.953020000000000E+001,-1.046100000000000E-013
 9.745570000000000E-004, 1.905020000000000E-004,-2.379710000000000E-023, 1.358920000000000E+000, 4.099570000000000E+004, 1.050770000000000E+002, 1.002210000000000E+003, 1.877640000000000E+001,-4.736690000000000E-014
 9.847400000000000E-004, 1.919300000000000E-004,-5.443960000000000E-023, 1.349880000000000E+000, 4.061280000000000E+004, 1.047920000000000E+002, 1.002210000000000E+003, 1.768890000000000E+001,-1.748070000000000E-014
 9.949220000000001E-004, 1.933570000000000E-004, 5.484940000000000E-022, 1.371700000000000E+000, 4.122770000000000E+004, 1.046870000000000E+002, 1.003220000000000E+003, 1.758500000000000E+001,-7.751300000000000E-015
-2.109180000000000E-006, 5.210610000000000E-005,-5.187100000000000E-023, 8.184530000000000E-001, 8.683050000000000E+004, 3.695240000000000E+002, 6.198380000000000E+002, 7.454930000000000E+001, 1.097270000000000E-011
 8.062499999999999E-006, 5.345850000000000E-005,-1.006840000000000E-023, 7.358240000000000E-001, 7.150010000000001E+004, 3.384520000000000E+002, 6.158270000000000E+002, 8.108300000000000E+001,-3.504610000000000E-012
 1.823440000000000E-005, 5.481090000000000E-005, 7.872300000000000E-023, 7.456610000000000E-001, 6.514550000000000E+004, 3.043040000000000E+002, 6.262640000000000E+002, 8.529890000000000E+001,-5.424930000000000E-011
 2.840650000000000E-005, 5.616330000000000E-005, 6.407990000000000E-023, 7.798250000000000E-001, 6.282480000000000E+004, 2.806070000000000E+002, 6.612140000000001E+002, 9.855830000000000E+001, 1.468950000000000E-010
 3.857870000000000E-005, 5.751580000000000E-005,-1.182550000000000E-022, 8.265910000000000E-001, 6.259130000000000E+004, 2.637470000000000E+002, 7.162619999999999E+002, 1.111920000000000E+002,-1.319340000000000E-010
 4.875120000000000E-005, 5.886830000000000E-005,-6.751170000000000E-023, 8.896290000000000E-001, 6.305850000000000E+004, 2.468870000000000E+002, 7.763700000000000E+002, 1.109610000000000E+002,-1.942090000000000E-010
 5.892370000000000E-005, 6.022080000000000E-005, 9.769200000000000E-024, 1.005610000000000E+000, 6.657250000000000E+004, 2.305840000000000E+002, 8.207050000000000E+002, 1.163780000000000E+002, 1.386740000000000E-010
 6.909640000000000E-005, 6.157330000000000E-005, 2.692610000000000E-023, 1.150000000000000E+000, 7.029239999999999E+004, 2.128990000000000E+002, 8.615800000000000E+002, 1.331210000000000E+002, 1.850610000000000E-010
 7.926920000000000E-005, 6.292589999999999E-005, 1.318980000000000E-022, 1.261120000000000E+000, 7.083889999999999E+004, 1.956500000000000E+002, 9.094410000000000E+002, 1.312900000000000E+002,-3.451350000000000E-011
 8.944200000000000E-005, 6.427840000000000E-005,-1.749840000000000E-022, 1.307610000000000E+000, 6.913750000000000E+004, 1.841620000000000E+002, 9.540790000000000E+002, 1.204480000000000E+002,-4.709800000000000E-011
 9.961500000000000E-005, 6.563100000000000E-005, 1.444690000000000E-022, 1.329780000000000E+000, 6.781000000000000E+004, 1.776140000000000E+002, 9.817840000000000E+002, 1.162410000000000E+002, 9.039390000000000E-011
 1.097880000000000E-004, 6.698359999999999E-005, 9.234210000000000E-023, 1.353510000000000E+000, 6.811680000000000E+004, 1.752900000000000E+002, 9.963300000000000E+002, 1.190800000000000E+002, 1.364470000000000E-010
 1.199610000000000E-004, 6.833620000000000E-005, 1.565250000000000E-022, 1.394850000000000E+000, 7.033970000000000E+004, 1.756450000000000E+002, 1.004810000000000E+003, 1.254100000000000E+002, 9.569030000000000E-011
 1.301340000000000E-004, 6.968880000000000E-005, 9.310250000000001E-024, 1.456390000000000E+000, 7.386589999999999E+004, 1.766570000000000E+002, 1.009160000000000E+003, 1.336660000000000E+002, 1.999530000000000E-011
 1.403080000000000E-004, 7.104149999999999E-005,-8.044450000000001E-023, 1.528570000000000E+000, 7.759280000000000E+004, 1.768070000000000E+002, 1.012190000000000E+003, 1.428150000000000E+002,-3.693840000000000E-011
 1.504810000000000E-004, 7.239410000000001E-005,-7.273570000000000E-023, 1.603160000000000E+000, 8.098939999999999E+004, 1.759610000000000E+002, 1.015630000000000E+003, 1.512700000000000E+002,-5.738750000000000E-011
 1.606540000000000E-004, 7.374670000000000E-005,-2.451370000000000E-022, 1.664770000000000E+000, 8.314539999999999E+004, 1.739590000000000E+002, 1.019810000000000E+003, 1.564470000000000E+002,-5.123670000000000E-011
 1.708280000000000E-004, 7.509939999999999E-005,-3.306050000000000E-023, 1.704470000000000E+000, 8.392080000000000E+004, 1.714920000000000E+002, 1.022360000000000E+003, 1.574950000000000E+002,-3.567490000000000E-011
 1.810010000000000E-004, 7.645200000000001E-005,-1.237780000000000E-022, 1.720460000000000E+000, 8.337620000000000E+004, 1.687960000000000E+002, 1.022070000000000E+003, 1.565130000000000E+002,-2.302650000000000E-011
 1.911750000000000E-004, 7.780470000000000E-005,-2.229020000000000E-023, 1.716720000000000E+000, 8.164950000000000E+004, 1.656600000000000E+002, 1.020300000000000E+003, 1.548850000000000E+002,-1.459220000000000E-011
 2.013480000000000E-004, 7.915740000000000E-005,-1.584320000000000E-022, 1.697720000000000E+000, 7.903239999999999E+004, 1.621450000000000E+002, 1.018110000000000E+003, 1.509210000000000E+002,-6.792710000000000E-012
 2.115220000000000E-004, 8.051009999999999E-005,-1.627680000000000E-022, 1.674370000000000E+000, 7.625080000000000E+004, 1.586190000000000E+002, 1.016810000000000E+003, 1.446080000000000E+002,-2.587460000000000E-012
 2.216950000000000E-004, 8.186270000000000E-005,-3.331460000000000E-022, 1.655270000000000E+000, 7.383200000000000E+004, 1.553610000000000E+002, 1.018100000000000E+003, 1.378350000000000E+002,-9.829880000000001E-013
 2.318690000000000E-004, 8.321540000000000E-005, 3.429020000000000E-022, 1.640500000000000E+000, 7.178439999999999E+004, 1.524110000000000E+002, 1.021550000000000E+003, 1.311820000000000E+002,-3.072610000000000E-013
 2.420430000000000E-004, 8.456810000000000E-005,-2.561580000000000E-022, 1.630860000000000E+000, 7.018500000000000E+004, 1.498970000000000E+002, 1.026130000000000E+003, 1.251610000000000E+002,-2.076660000000000E-013
 2.522160000000000E-004, 8.592080000000001E-005, 1.574690000000000E-022, 1.626610000000000E+000, 6.907260000000001E+004, 1.479060000000000E+002, 1.030780000000000E+003, 1.204110000000000E+002, 3.655380000000000E-014
 2.623900000000000E-004, 8.727350000000000E-005,-1.929240000000000E-022, 1.626750000000000E+000, 6.833689999999999E+004, 1.463180000000000E+002, 1.035300000000000E+003, 1.171760000000000E+002,-1.283940000000000E-013
 2.725640000000000E-004, 8.862620000000000E-005,-1.464940000000000E-022, 1.629490000000000E+000, 6.790389999999999E+004, 1.451460000000000E+002, 1.039150000000000E+003, 1.150460000000000E+002, 1.691540000000000E-013
 2.827380000000000E-004, 8.997900000000000E-005,-8.505690000000000E-023, 1.633980000000000E+000, 6.776810000000001E+004, 1.444580000000000E+002, 1.041660000000000E+003, 1.139930000000000E+002,-1.519010000000000E-013
 2.929120000000000E-004, 9.133170000000001E-005, 2.680870000000000E-022, 1.640730000000000E+000, 6.792939999999999E+004, 1.442060000000000E+002, 1.043190000000000E+003, 1.137780000000000E+002, 1.128890000000000E-013
 3.030850000000000E-004, 9.268440000000000E-005,-8.846540000000000E-024, 1.649600000000000E+000, 6.831850000000000E+004, 1.442520000000000E+002, 1.044120000000000E+003, 1.140730000000000E+002,-3.643620000000000E-014
 3.132590000000000E-004, 9.403710000000000E-005,-4.631230000000000E-023, 1.660620000000000E+000, 6.891370000000000E+004, 1.445440000000000E+002, 1.044730000000000E+003, 1.148480000000000E+002,-2.941080000000000E-014
 3.234330000000000E-004, 9.538980000000001E-005,-9.546510000000000E-023, 1.674500000000000E+000, 6.973589999999999E+004, 1.450550000000000E+002, 1.045180000000000E+003, 1.161650000000000E+002, 6.369450000000000E-014
 3.336070000000000E-004, 9.674260000000000E-005,-8.662560000000000E-023, 1.691870000000000E+000, 7.075630000000000E+004, 1.456670000000000E+002, 1.045530000000000E+003, 1.179860000000000E+002,-6.914490000000000E-014
 3.437810000000000E-004, 9.809530000000000E-005, 2.797230000000000E-022, 1.712560000000000E+000, 7.193060000000001E+004, 1.462960000000000E+002, 1.045760000000000E+003, 1.201960000000000E+002, 2.208420000000000E-014
 3.539550000000000E-004, 9.944800000000000E-005,-1.213520000000000E-022, 1.736300000000000E+000, 7.323430000000000E+004, 1.469110000000000E+002, 1.045790000000000E+003, 1.226980000000000E+002, 7.553620000000000E-015
 3.641290000000000E-004, 1.008010000000000E-004, 3.286510000000000E-023, 1.763450000000000E+000, 7.469630000000000E+004, 1.475370000000000E+002, 1.045590000000000E+003, 1.254900000000000E+002,-8.576890000000001E-014
 3.743030000000000E-004, 1.021540000000000E-004,-2.920590000000000E-022, 1.794250000000000E+000, 7.634360000000001E+004, 1.482020000000000E+002, 1.045030000000000E+003, 1.285590000000000E+002, 1.982010000000000E-013
 3.844770000000000E-004, 1.035060000000000E-004,-3.468200000000000E-023, 1.827930000000000E+000, 7.815100000000000E+004, 1.489150000000000E+002, 1.043940000000000E+003, 1.318100000000000E+002,-3.324560000000000E-013
 3.946510000000000E-004, 1.048590000000000E-004, 1.142510000000000E-022, 1.861010000000000E+000, 7.992320000000000E+004, 1.495850000000000E+002, 1.042600000000000E+003, 1.350650000000000E+002, 5.768680000000000E-013
 4.048250000000000E-004, 1.062120000000000E-004,-1.831240000000000E-022, 1.891250000000000E+000, 8.151489999999999E+004, 1.501250000000000E+002, 1.040700000000000E+003, 1.380850000000000E+002,-6.660270000000000E-013
 4.149990000000000E-004, 1.075640000000000E-004, 2.623240000000000E-022, 1.917880000000000E+000, 8.287610000000001E+004, 1.505120000000000E+002, 1.038130000000000E+003, 1.408090000000000E+002, 6.603650000000000E-013
 4.251730000000000E-004, 1.089170000000000E-004,-2.000330000000000E-022, 1.940570000000000E+000, 8.397430000000000E+004, 1.507230000000000E+002, 1.034860000000000E+003, 1.432580000000000E+002,-4.443910000000000E-013
 4.353470000000000E-004, 1.102700000000000E-004, 2.394580000000000E-022, 1.958580000000000E+000, 8.475820000000000E+004, 1.507320000000000E+002, 1.030930000000000E+003, 1.453510000000000E+002, 2.107320000000000E-013
 4.455210000000000E-004, 1.116230000000000E-004,-6.474520000000000E-023, 1.971680000000000E+000, 8.521439999999999E+004, 1.505360000000000E+002, 1.026570000000000E+003, 1.470220000000000E+002,-1.399170000000000E-014
 4.556950000000000E-004, 1.129760000000000E-004, 9.580650000000000E-023, 1.981020000000000E+000, 8.538810000000001E+004, 1.501320000000000E+002, 1.022020000000000E+003, 1.483020000000000E+002,-9.118780000000001E-014
 4.658690000000000E-004, 1.143280000000000E-004,-3.930910000000000E-023, 1.988640000000000E+000, 8.542189999999999E+004, 1.496160000000000E+002, 1.017430000000000E+003, 1.492050000000000E+002, 1.956380000000000E-013
 4.760430000000000E-004, 1.156810000000000E-004, 3.073150000000000E-023, 1.995040000000000E+000, 8.535310000000001E+004, 1.490160000000000E+002, 1.012760000000000E+003, 1.498610000000000E+002,-3.992590000000000E-013
 4.862170000000000E-004, 1.170340000000000E-004, 5.331520000000000E-023, 2.000230000000000E+000, 8.517860000000001E+004, 1.483250000000000E+002, 1.007930000000000E+003, 1.502500000000000E+002, 7.339520000000000E-013
 4.963910000000000E-004, 1.183870000000000E-004, 6.707420000000000E-022, 2.004270000000000E+000, 8.491289999999999E+004, 1.475640000000000E+002, 1.003020000000000E+003, 1.503710000000000E+002,-1.136370000000000E-012
 5.065650000000001E-004, 1.197390000000000E-004,-4.751620000000000E-024, 2.007300000000000E+000, 8.457000000000000E+004, 1.467470000000000E+002, 9.980810000000000E+002, 1.502960000000000E+002, 1.486300000000000E-012
 5.167390000000000E-004, 1.210920000000000E-004, 5.344120000000000E-022, 2.009290000000000E+000, 8.415250000000000E+004, 1.458780000000000E+002, 9.931319999999999E+002, 1.500860000000000E+002,-1.489850000000000E-012
 5.269129999999999E-004, 1.224450000000000E-004,-2.254400000000000E-022, 2.010220000000000E+000, 8.367080000000000E+004, 1.449750000000000E+002, 9.883320000000000E+002, 1.498190000000000E+002, 9.304970000000000E-013
 5.370870000000000E-004, 1.237980000000000E-004,-5.133410000000000E-023, 2.009950000000000E+000, 8.312730000000000E+004, 1.440530000000000E+002, 9.838610000000000E+002, 1.496380000000000E+002,-1.076790000000000E-013
 5.472609999999999E-004, 1.251500000000000E-004, 3.605590000000000E-022, 2.008270000000000E+000, 8.251460000000001E+004, 1.431110000000000E+002, 9.797690000000000E+002, 1.496830000000000E+002,-3.456610000000000E-013
 5.574350000000000E-004, 1.265030000000000E-004, 1.588170000000000E-022, 2.005340000000000E+000, 8.184550000000000E+004, 1.421580000000000E+002, 9.761010000000000E+002, 1.500230000000000E+002, 3.311060000000000E-014
 5.676100000000000E-004, 1.278560000000000E-004, 2.610540000000000E-022, 2.001120000000000E+000, 8.112130000000000E+004, 1.411970000000000E+002, 9.728819999999999E+002, 1.504860000000000E+002, 8.450090000000000E-013
 5.777840000000000E-004, 1.292090000000000E-004,-2.061200000000000E-023, 1.995210000000000E+000, 8.032300000000000E+004, 1.402220000000000E+002, 9.701900000000001E+002, 1.510120000000000E+002,-1.854770000000000E-012
 5.879580000000000E-004, 1.305610000000000E-004, 5.380360000000000E-023, 1.987610000000000E+000, 7.945050000000000E+004, 1.392290000000000E+002, 9.680620000000000E+002, 1.516180000000000E+002, 2.746130000000000E-012
 5.981320000000000E-004, 1.319140000000000E-004,-5.231770000000000E-023, 1.978260000000000E+000, 7.849810000000001E+004, 1.382100000000000E+002, 9.665330000000000E+002, 1.523200000000000E+002,-3.690530000000000E-012
 6.083060000000000E-004, 1.332670000000000E-004, 3.577140000000000E-022, 1.966970000000000E+000, 7.744830000000000E+004, 1.371450000000000E+002, 9.656410000000000E+002, 1.531610000000000E+002, 4.816580000000000E-012
 6.184800000000000E-004, 1.346200000000000E-004, 2.984250000000000E-022, 1.953350000000000E+000, 7.627250000000000E+004, 1.360040000000000E+002, 9.654390000000000E+002, 1.542550000000000E+002,-5.789740000000000E-012
 6.286540000000000E-004, 1.359730000000000E-004, 2.394480000000000E-022, 1.943030000000000E+000, 7.530210000000001E+004, 1.349870000000000E+002, 9.657170000000000E+002, 1.560190000000000E+002, 5.929530000000000E-012
 6.388290000000000E-004, 1.373250000000000E-004,-5.344600000000000E-022, 1.936240000000000E+000, 7.455560000000001E+004, 1.341170000000000E+002, 9.661790000000000E+002, 1.575740000000000E+002,-5.061710000000000E-012
 6.490030000000000E-004, 1.386780000000000E-004,-6.158180000000000E-022, 1.932250000000000E+000, 7.398950000000000E+004, 1.333730000000000E+002, 9.668770000000000E+002, 1.586460000000000E+002, 3.501850000000000E-012
 6.591770000000000E-004, 1.400310000000000E-004,-1.849080000000000E-022, 1.930510000000000E+000, 7.357260000000001E+004, 1.327420000000000E+002, 9.676930000000000E+002, 1.592760000000000E+002,-2.052680000000000E-012
 6.693510000000000E-004, 1.413840000000000E-004,-5.418849999999999E-023, 1.930150000000000E+000, 7.325689999999999E+004, 1.321970000000000E+002, 9.685549999999999E+002, 1.596440000000000E+002, 1.258110000000000E-012
 6.795250000000001E-004, 1.427360000000000E-004,-5.695899999999999E-023, 1.930210000000000E+000, 7.299080000000000E+004, 1.317130000000000E+002, 9.694360000000000E+002, 1.597780000000000E+002,-9.154800000000001E-013
 6.896990000000000E-004, 1.440890000000000E-004, 1.445780000000000E-022, 1.929600000000000E+000, 7.271289999999999E+004, 1.312530000000000E+002, 9.703430000000000E+002, 1.594390000000000E+002, 7.710190000000000E-013
 6.998740000000000E-004, 1.454420000000000E-004,-4.655450000000000E-022, 1.928400000000000E+000, 7.242539999999999E+004, 1.308150000000000E+002, 9.713080000000000E+002, 1.586970000000000E+002,-5.909020000000000E-013
 7.100480000000000E-004, 1.467950000000000E-004, 1.861040000000000E-022, 1.926550000000000E+000, 7.212189999999999E+004, 1.303920000000000E+002, 9.722440000000000E+002, 1.576610000000000E+002, 3.393390000000000E-013
 7.202220000000000E-004, 1.481480000000000E-004, 1.705830000000000E-022, 1.924080000000000E+000, 7.180230000000000E+004, 1.299810000000000E+002, 9.731300000000000E+002, 1.564400000000000E+002,-4.221530000000000E-013
 7.303960000000000E-004, 1.495000000000000E-004, 3.347150000000000E-022, 1.921060000000000E+000, 7.146820000000000E+004, 1.295790000000000E+002, 9.739660000000000E+002, 1.550920000000000E+002, 9.693069999999999E-013
 7.405700000000000E-004, 1.508530000000000E-004, 3.855990000000000E-023, 1.917560000000000E+000, 7.112210000000001E+004, 1.291870000000000E+002, 9.747569999999999E+002, 1.536490000000000E+002,-1.790490000000000E-012
 7.507450000000000E-004, 1.522060000000000E-004, 4.797870000000000E-023, 1.913630000000000E+000, 7.076510000000001E+004, 1.288030000000000E+002, 9.755060000000000E+002, 1.521360000000000E+002, 2.437210000000000E-012
 7.609190000000000E-004, 1.535590000000000E-004,-2.130810000000000E-023, 1.909300000000000E+000, 7.039850000000000E+004, 1.284260000000000E+002, 9.762160000000000E+002, 1.505690000000000E+002,-2.630390000000000E-012
 7.710930000000000E-004, 1.549120000000000E-004,-9.685079999999999E-024, 1.904630000000000E+000, 7.002380000000000E+004, 1.280560000000000E+002, 9.768900000000000E+002, 1.489620000000000E+002, 2.490130000000000E-012
 7.812670000000000E-004, 1.562640000000000E-004,-6.345840000000000E-022, 1.899640000000000E+000, 6.964200000000000E+004, 1.276920000000000E+002, 9.775300000000000E+002, 1.473250000000000E+002,-2.615570000000000E-012
 7.914410000000000E-004, 1.576170000000000E-004, 2.472440000000000E-023, 1.894360000000000E+000, 6.925420000000000E+004, 1.273350000000000E+002, 9.781400000000000E+002, 1.456660000000000E+002, 3.629660000000000E-012
 8.016160000000000E-004, 1.589700000000000E-004, 4.430080000000000E-022, 1.888830000000000E+000, 6.886110000000001E+004, 1.269820000000000E+002, 9.787210000000000E+002, 1.439920000000000E+002,-5.660340000000000E-012
 8.117900000000000E-004, 1.603230000000000E-004, 1.024360000000000E-023, 1.883100000000000E+000, 6.846470000000000E+004, 1.266360000000000E+002, 9.792800000000000E+002, 1.423050000000000E+002, 8.097079999999999E-012
 8.219640000000000E-004, 1.616750000000000E-004, 3.793440000000000E-022, 1.877140000000000E+000, 6.806380000000000E+004, 1.262940000000000E+002, 9.798070000000000E+002, 1.406190000000000E+002,-9.794099999999999E-012
 8.321380000000000E-004, 1.630280000000000E-004, 1.634620000000000E-022, 1.871040000000000E+000, 6.766210000000001E+004, 1.259580000000000E+002, 9.803270000000000E+002, 1.389190000000000E+002, 9.442119999999999E-012
 8.423120000000000E-004, 1.643810000000000E-004,-1.193790000000000E-022, 1.864740000000000E+000, 6.725689999999999E+004, 1.256270000000000E+002, 9.808020000000000E+002, 1.372380000000000E+002,-6.855680000000000E-012
 8.524870000000000E-004, 1.657340000000000E-004, 5.710400000000000E-022, 1.858360000000000E+000, 6.685250000000000E+004, 1.253000000000000E+002, 9.812930000000000E+002, 1.355310000000000E+002, 2.672890000000000E-012
 8.626610000000000E-004, 1.670870000000000E-004,-2.074940000000000E-022, 1.851820000000000E+000, 6.644610000000001E+004, 1.249780000000000E+002, 9.817190000000001E+002, 1.338750000000000E+002, 6.998090000000000E-013
 8.728350000000000E-004, 1.684390000000000E-004,-6.254640000000000E-022, 1.845220000000000E+000, 6.604089999999999E+004, 1.246610000000000E+002, 9.821900000000001E+002, 1.321620000000000E+002,-2.205470000000000E-012
 8.830090000000000E-004, 1.697920000000000E-004,-7.011330000000000E-025, 1.838520000000000E+000, 6.563650000000000E+004, 1.243480000000000E+002, 9.825710000000000E+002, 1.305420000000000E+002, 1.312540000000000E-012
 8.931840000000000E-004, 1.711450000000000E-004, 6.725110000000000E-022, 1.831740000000000E+000, 6.523160000000000E+004, 1.240390000000000E+002, 9.830200000000000E+002, 1.288340000000000E+002, 6.559610000000000E-014
 9.033580000000000E-004, 1.724980000000000E-004, 2.700200000000000E-022, 1.824980000000000E+000, 6.483220000000000E+004, 1.237360000000000E+002, 9.833740000000000E+002, 1.272390000000000E+002, 7.782129999999999E-015
 9.135320000000000E-004, 1.738510000000000E-004,-2.301860000000000E-022, 1.818060000000000E+000, 6.442890000000000E+004, 1.234340000000000E+002, 9.837790000000000E+002, 1.255790000000000E+002, 9.504769999999999E-014
 9.237060000000000E-004, 1.752030000000000E-004,-1.372240000000000E-022, 1.811250000000000E+000, 6.403480000000000E+004, 1.231400000000000E+002, 9.841500000000000E+002, 1.239480000000000E+002,-3.928040000000000E-014
 9.338810000000000E-004, 1.765560000000000E-004, 5.243570000000000E-022, 1.804310000000000E+000, 6.363790000000000E+004, 1.228480000000000E+002, 9.844680000000000E+002, 1.224150000000000E+002,-4.009940000000000E-014
 9.440550000000000E-004, 1.779090000000000E-004,-1.701700000000000E-022, 1.797400000000000E+000, 6.324570000000000E+004, 1.225600000000000E+002, 9.848750000000000E+002, 1.207200000000000E+002, 6.869600000000000E-014
 9.542290000000000E-004, 1.792620000000000E-004,-1.360850000000000E-022, 1.790580000000000E+000, 6.286040000000000E+004, 1.222780000000000E+002, 9.851580000000000E+002, 1.192400000000000E+002, 2.271780000000000E-014
 9.644030000000000E-004, 1.806150000000000E-004,-2.649400000000000E-023, 1.783520000000000E+000, 6.247050000000000E+004, 1.220000000000000E+002, 9.855010000000000E+002, 1.176460000000000E+002,-2.854130000000000E-014
 9.745780000000000E-004, 1.819670000000000E-004,-4.763600000000000E-022, 1.777090000000000E+000, 6.209410000000000E+004, 1.217040000000000E+002, 9.858370000000000E+002, 1.161820000000000E+002,-2.836540000000000E-014
 9.847520000000000E-004, 1.833200000000000E-004,-6.916640000000001E-023, 1.767650000000000E+000, 6.166380000000000E+004, 1.215060000000000E+002, 9.858910000000000E+002, 1.139100000000000E+002,-1.299100000000000E-014
 9.949259999999999E-004, 1.846730000000000E-004,-1.809310000000000E-022, 1.806190000000000E+000, 6.271560000000000E+004, 1.209410000000000E+002, 9.879220000000000E+002, 1.129110000000000E+002,-5.969440000000000E-015
-1.329340000000000E-006, 5.083390000000000E-005,-1.399980000000000E-023, 7.404310000000000E-001, 8.115289999999999E+004, 3.817540000000000E+002, 2.513250000000000E+002, 7.553820000000000E+001, 3.108350000000000E-012
 8.834430000000000E-006, 5.211510000000000E-005,-1.478430000000000E-022, 7.082710000000000E-001, 7.094160000000001E+004, 3.488710000000000E+002, 2.566500000000000E+002, 5.514130000000000E+001,-4.156300000000000E-012
 1.899840000000000E-005, 5.339640000000000E-005, 1.751990000000000E-022, 7.184640000000000E-001, 6.474930000000000E+004, 3.139020000000000E+002, 2.648270000000000E+002, 5.322380000000000E+001,-2.253600000000000E-011
 2.916260000000000E-005, 5.467760000000000E-005, 8.438660000000001E-025, 7.437480000000000E-001, 6.262410000000000E+004, 2.932780000000000E+002, 2.887930000000000E+002, 5.327630000000000E+001, 1.544490000000000E-010
 3.932700000000000E-005, 5.595890000000000E-005,-1.738780000000000E-024, 8.042780000000000E-001, 6.543580000000000E+004, 2.833820000000000E+002, 3.283090000000000E+002, 5.423550000000000E+001,-3.552900000000000E-010
 4.949150000000000E-005, 5.724020000000000E-005,-6.729330000000000E-023, 8.786480000000000E-001, 6.841650000000000E+004, 2.712130000000000E+002, 3.647290000000000E+002, 5.073210000000000E+001, 2.325950000000000E-010
 5.965610000000000E-005, 5.852150000000000E-005,-4.208030000000000E-023, 9.421590000000000E-001, 6.792510000000001E+004, 2.511130000000000E+002, 3.895290000000000E+002, 4.935120000000000E+001, 4.680280000000000E-011
 6.982090000000000E-005, 5.980280000000000E-005, 4.284330000000000E-016, 1.015250000000000E+000, 6.737110000000001E+004, 2.311340000000000E+002, 4.092720000000000E+002, 5.426650000000000E+001, 1.956650000000000E-009
 7.998570000000000E-005, 6.108420000000000E-005, 9.303360000000000E-018, 1.114000000000000E+000, 7.066239999999999E+004, 2.209360000000000E+002, 4.369730000000000E+002, 6.384560000000000E+001, 2.125020000000000E-009
 9.015070000000000E-005, 6.236560000000000E-005,-8.034990000000000E-023, 1.188150000000000E+000, 7.319380000000000E+004, 2.145680000000000E+002, 4.636780000000000E+002, 6.790840000000000E+001, 2.825810000000000E-010
 1.003160000000000E-004, 6.364690000000000E-005,-3.837110000000000E-023, 1.218330000000000E+000, 7.308670000000000E+004, 2.089480000000000E+002, 4.847930000000000E+002, 6.656510000000000E+001, 2.898420000000000E-010
 1.104810000000000E-004, 6.492830000000001E-005,-2.560930000000000E-023, 1.233430000000000E+000, 7.274950000000000E+004, 2.054370000000000E+002, 5.072230000000000E+002, 6.353550000000000E+001, 7.806110000000000E-011
 1.206460000000000E-004, 6.620970000000000E-005, 2.770570000000000E-023, 1.250970000000000E+000, 7.307739999999999E+004, 2.034690000000000E+002, 5.326660000000001E+002, 6.145260000000000E+001,-9.266360000000000E-011
 1.308110000000000E-004, 6.749120000000000E-005, 8.417480000000000E-023, 1.272980000000000E+000, 7.353400000000000E+004, 2.012020000000000E+002, 5.574299999999999E+002, 6.121550000000000E+001,-1.323530000000000E-010
 1.409770000000000E-004, 6.877260000000000E-005, 1.050300000000000E-024, 1.298730000000000E+000, 7.383960000000001E+004, 1.980310000000000E+002, 5.795250000000000E+002, 6.288160000000000E+001,-1.030470000000000E-010
 1.511420000000000E-004, 7.005400000000000E-005,-5.963870000000000E-023, 1.328290000000000E+000, 7.402900000000000E+004, 1.941210000000000E+002, 5.983230000000000E+002, 6.611730000000000E+001,-6.383750000000000E-011
 1.613080000000000E-004, 7.133550000000000E-005, 7.685450000000000E-023, 1.359780000000000E+000, 7.402939999999999E+004, 1.896270000000000E+002, 6.134250000000000E+002, 7.080340000000000E+001,-3.380340000000000E-011
 1.714730000000000E-004, 7.261690000000001E-005, 1.421840000000000E-022, 1.390290000000000E+000, 7.399910000000001E+004, 1.853890000000000E+002, 6.264500000000000E+002, 7.626790000000000E+001,-1.642570000000000E-011
 1.816390000000000E-004, 7.389840000000000E-005,-1.317620000000000E-023, 1.419680000000000E+000, 7.422660000000001E+004, 1.821100000000000E+002, 6.392990000000000E+002, 8.234780000000001E+001,-6.461920000000000E-012
 1.918040000000000E-004, 7.517979999999999E-005, 3.582490000000000E-023, 1.453360000000000E+000, 7.515600000000000E+004, 1.801170000000000E+002, 6.536900000000001E+002, 8.811530000000000E+001,-2.895170000000000E-012
 2.019700000000000E-004, 7.646130000000001E-005, 2.476840000000000E-024, 1.493110000000000E+000, 7.665920000000000E+004, 1.788280000000000E+002, 6.691319999999999E+002, 9.240760000000000E+001,-3.788900000000000E-013
 2.121360000000000E-004, 7.774280000000000E-005, 8.937680000000000E-023, 1.534590000000000E+000, 7.813630000000000E+004, 1.773480000000000E+002, 6.836410000000000E+002, 9.494720000000000E+001,-7.117260000000000E-013
 2.223010000000000E-004, 7.902430000000000E-005, 1.174080000000000E-022, 1.572320000000000E+000, 7.911780000000000E+004, 1.752650000000000E+002, 6.958590000000000E+002, 9.578380000000000E+001, 4.359110000000000E-013
 2.324670000000000E-004, 8.030570000000001E-005, 1.667760000000000E-023, 1.602250000000000E+000, 7.944320000000000E+004, 1.726990000000000E+002, 7.057859999999999E+002, 9.514230000000001E+001,-4.694970000000000E-013
 2.426330000000000E-004, 8.158720000000000E-005,-8.906860000000000E-023, 1.621700000000000E+000, 7.917930000000000E+004, 1.700610000000000E+002, 7.141910000000000E+002, 9.381940000000000E+001, 1.873430000000000E-013
 2.527990000000000E-004, 8.286870000000000E-005,-1.084720000000000E-022, 1.631630000000000E+000, 7.851150000000000E+004, 1.676010000000000E+002, 7.219020000000000E+002, 9.211920000000001E+001,-1.299220000000000E-014
 2.629640000000000E-004, 8.415020000000000E-005,-3.012320000000000E-022, 1.635860000000000E+000, 7.761630000000000E+004, 1.652610000000000E+002, 7.290270000000000E+002, 9.041700000000000E+001,-1.475610000000000E-013
 2.731300000000000E-004, 8.543170000000000E-005,-3.570560000000000E-024, 1.635450000000000E+000, 7.662039999999999E+004, 1.631810000000000E+002, 7.358060000000000E+002, 8.892280000000000E+001, 2.683470000000000E-013
 2.832960000000000E-004, 8.671330000000000E-005,-2.175460000000000E-022, 1.632430000000000E+000, 7.570989999999999E+004, 1.615410000000000E+002, 7.435680000000000E+002, 8.740640000000000E+001,-3.812190000000000E-013
 2.934620000000000E-004, 8.799480000000000E-005, 7.801360000000000E-023, 1.628930000000000E+000, 7.492700000000000E+004, 1.602140000000000E+002, 7.518680000000001E+002, 8.629340000000001E+001, 3.413220000000000E-013
 3.036280000000000E-004, 8.927630000000000E-005,-1.785160000000000E-022, 1.624530000000000E+000, 7.414939999999999E+004, 1.589800000000000E+002, 7.599490000000000E+002, 8.559680000000000E+001,-1.275850000000000E-013
 3.137940000000000E-004, 9.055780000000000E-005, 1.601340000000000E-022, 1.619530000000000E+000, 7.334210000000001E+004, 1.577350000000000E+002, 7.680119999999999E+002, 8.515179999999999E+001, 2.869810000000000E-014
 3.239600000000000E-004, 9.183929999999999E-005, 2.932680000000000E-022, 1.615140000000000E+000, 7.254410000000001E+004, 1.564430000000000E+002, 7.760260000000000E+002, 8.505690000000000E+001,-3.004430000000000E-014
 3.341260000000000E-004, 9.312080000000000E-005,-4.298450000000000E-022, 1.611960000000000E+000, 7.177170000000000E+004, 1.550830000000000E+002, 7.836680000000000E+002, 8.532970000000000E+001, 1.066590000000000E-013
 3.442920000000000E-004, 9.440240000000000E-005,-1.170870000000000E-022, 1.609950000000000E+000, 7.101680000000000E+004, 1.536430000000000E+002, 7.907850000000000E+002, 8.590110000000000E+001,-5.320150000000000E-014
 3.544580000000000E-004, 9.568389999999999E-005, 3.676990000000000E-023, 1.609040000000000E+000, 7.028830000000000E+004, 1.521530000000000E+002, 7.973869999999999E+002, 8.678189999999999E+001, 2.072320000000000E-014
 3.646240000000000E-004, 9.696540000000001E-005, 4.701980000000000E-022, 1.609360000000000E+000, 6.962430000000000E+004, 1.506860000000000E+002, 8.036030000000000E+002, 8.793210000000001E+001, 2.368400000000000E-014
 3.747900000000000E-004, 9.824700000000000E-005,-1.354470000000000E-022, 1.610990000000000E+000, 6.906510000000001E+004, 1.493240000000000E+002, 8.094589999999999E+002, 8.920970000000000E+001, 9.262690000000000E-014
 3.849560000000000E-004, 9.952849999999999E-005,-6.770760000000000E-023, 1.613450000000000E+000, 6.860939999999999E+004, 1.481130000000000E+002, 8.147760000000000E+002, 9.082299999999999E+001,-1.517900000000000E-013
 3.951220000000000E-004, 1.008100000000000E-004, 2.505610000000000E-022, 1.617120000000000E+000, 6.829939999999999E+004, 1.471090000000000E+002, 8.202360000000000E+002, 9.257089999999999E+001, 3.675910000000000E-013
 4.052880000000000E-004, 1.020920000000000E-004,-9.208420000000000E-023, 1.622040000000000E+000, 6.816250000000000E+004, 1.463680000000000E+002, 8.258280000000000E+002, 9.457740000000000E+001,-3.513650000000000E-013
 4.154540000000000E-004, 1.033730000000000E-004,-1.156950000000000E-022, 1.627640000000000E+000, 6.818589999999999E+004, 1.459150000000000E+002, 8.316750000000000E+002, 9.705660000000000E+001, 3.002710000000000E-013
 4.256200000000000E-004, 1.046550000000000E-004,-1.588350000000000E-022, 1.634670000000000E+000, 6.843950000000000E+004, 1.458280000000000E+002, 8.382960000000000E+002, 9.979450000000000E+001, 7.412860000000000E-016
 4.357860000000000E-004, 1.059360000000000E-004, 4.417560000000000E-022, 1.643940000000000E+000, 6.896389999999999E+004, 1.461170000000000E+002, 8.455820000000000E+002, 1.026140000000000E+002,-1.965080000000000E-013
 4.459520000000000E-004, 1.072180000000000E-004, 3.045670000000000E-023, 1.655010000000000E+000, 6.971389999999999E+004, 1.467180000000000E+002, 8.532300000000000E+002, 1.053670000000000E+002, 4.355150000000000E-013
 4.561180000000000E-004, 1.084990000000000E-004, 4.972570000000000E-023, 1.667310000000000E+000, 7.059600000000000E+004, 1.474790000000000E+002, 8.611980000000000E+002, 1.080000000000000E+002,-5.054120000000000E-013
 4.662840000000000E-004, 1.097810000000000E-004,-2.177610000000000E-022, 1.680880000000000E+000, 7.158910000000001E+004, 1.483450000000000E+002, 8.694210000000000E+002, 1.105200000000000E+002, 5.369530000000000E-013
 4.764510000000000E-004, 1.110620000000000E-004,-3.149070000000000E-022, 1.695590000000000E+000, 7.266600000000000E+004, 1.492710000000000E+002, 8.776900000000001E+002, 1.129140000000000E+002,-4.912770000000000E-013
 4.866170000000000E-004, 1.123440000000000E-004,-1.380750000000000E-022, 1.711180000000000E+000, 7.377120000000000E+004, 1.501610000000000E+002, 8.859560000000000E+002, 1.152810000000000E+002, 5.064809999999999E-013
 4.967830000000000E-004, 1.136260000000000E-004, 4.305100000000000E-022, 1.727190000000000E+000, 7.484630000000000E+004, 1.509360000000000E+002, 8.939440000000000E+002, 1.173760000000000E+002,-6.820480000000000E-013
 5.069490000000000E-004, 1.149070000000000E-004, 1.220510000000000E-022, 1.743840000000000E+000, 7.592220000000000E+004, 1.516450000000000E+002, 9.019500000000000E+002, 1.197310000000000E+002, 9.379290000000001E-013
 5.171150000000000E-004, 1.161890000000000E-004,-1.123960000000000E-022, 1.761580000000000E+000, 7.701989999999999E+004, 1.522870000000000E+002, 9.098630000000001E+002, 1.219260000000000E+002,-1.064780000000000E-012
 5.272810000000000E-004, 1.174700000000000E-004,-1.992520000000000E-022, 1.779430000000000E+000, 7.804930000000000E+004, 1.527750000000000E+002, 9.172400000000000E+002, 1.238270000000000E+002, 8.898140000000000E-013
 5.374480000000000E-004, 1.187520000000000E-004, 4.678690000000000E-022, 1.797180000000000E+000, 7.898960000000001E+004, 1.530880000000000E+002, 9.239730000000000E+002, 1.254630000000000E+002,-4.882580000000000E-013
 5.476140000000000E-004, 1.200330000000000E-004,-1.094920000000000E-022, 1.815440000000000E+000, 7.988720000000000E+004, 1.532710000000000E+002, 9.301090000000000E+002, 1.268660000000000E+002, 1.386150000000000E-013
 5.577800000000000E-004, 1.213150000000000E-004, 1.640640000000000E-022, 1.834670000000000E+000, 8.077920000000000E+004, 1.533580000000000E+002, 9.356340000000000E+002, 1.280530000000000E+002,-2.302490000000000E-014
 5.679460000000001E-004, 1.225970000000000E-004,-1.816980000000000E-022, 1.854980000000000E+000, 8.168100000000000E+004, 1.533720000000000E+002, 9.404710000000000E+002, 1.290170000000000E+002, 1.689980000000000E-013
 5.781120000000000E-004, 1.238780000000000E-004,-1.735570000000000E-022, 1.876270000000000E+000, 8.259570000000000E+004, 1.533300000000000E+002, 9.445730000000000E+002, 1.297540000000000E+002,-5.059580000000000E-013
 5.882790000000000E-004, 1.251600000000000E-004, 7.115970000000000E-024, 1.898600000000000E+000, 8.353389999999999E+004, 1.532470000000000E+002, 9.479480000000000E+002, 1.302590000000000E+002, 1.012530000000000E-012
 5.984450000000000E-004, 1.264410000000000E-004,-4.646000000000000E-022, 1.922000000000000E+000, 8.450710000000001E+004, 1.531460000000000E+002, 9.505350000000000E+002, 1.305290000000000E+002,-1.728270000000000E-012
 6.086110000000000E-004, 1.277230000000000E-004, 5.724480000000000E-022, 1.946410000000000E+000, 8.552500000000000E+004, 1.530460000000000E+002, 9.523230000000000E+002, 1.305570000000000E+002, 2.641900000000000E-012
 6.187770000000000E-004, 1.290040000000000E-004, 5.066370000000000E-024, 1.971580000000000E+000, 8.658989999999999E+004, 1.529740000000000E+002, 9.533800000000000E+002, 1.303170000000000E+002,-3.483920000000000E-012
 6.289430000000000E-004, 1.302860000000000E-004,-5.874190000000000E-022, 1.992140000000000E+000, 8.739160000000001E+004, 1.527970000000000E+002, 9.542700000000000E+002, 1.292350000000000E+002, 3.856190000000000E-012
 6.391100000000000E-004, 1.315670000000000E-004, 2.198210000000000E-024, 2.011360000000000E+000, 8.812360000000001E+004, 1.526040000000000E+002, 9.553660000000000E+002, 1.278630000000000E+002,-3.643120000000000E-012
 6.492760000000000E-004, 1.328490000000000E-004, 2.020130000000000E-022, 2.030640000000000E+000, 8.887410000000001E+004, 1.524430000000000E+002, 9.565890000000001E+002, 1.264080000000000E+002, 2.837970000000000E-012
 6.594420000000000E-004, 1.341310000000000E-004, 2.212950000000000E-022, 2.049670000000000E+000, 8.962189999999999E+004, 1.522980000000000E+002, 9.579550000000000E+002, 1.249030000000000E+002,-1.844330000000000E-012
 6.696080000000000E-004, 1.354120000000000E-004, 2.607430000000000E-022, 2.068180000000000E+000, 9.034760000000001E+004, 1.521570000000000E+002, 9.594340000000000E+002, 1.233780000000000E+002, 1.172480000000000E-012
 6.797750000000000E-004, 1.366940000000000E-004,-2.856770000000000E-022, 2.085950000000000E+000, 9.103750000000000E+004, 1.520130000000000E+002, 9.610230000000000E+002, 1.218600000000000E+002,-9.508190000000000E-013
 6.899410000000000E-004, 1.379750000000000E-004,-3.168690000000000E-022, 2.101860000000000E+000, 9.163250000000000E+004, 1.518490000000000E+002, 9.624450000000001E+002, 1.204370000000000E+002, 8.084090000000000E-013
 7.001070000000001E-004, 1.392570000000000E-004, 1.062120000000000E-023, 2.115960000000000E+000, 9.213689999999999E+004, 1.516660000000000E+002, 9.636810000000000E+002, 1.191030000000000E+002,-5.865600000000000E-013
 7.102730000000000E-004, 1.405390000000000E-004,-4.100730000000000E-022, 2.128630000000000E+000, 9.256920000000000E+004, 1.514710000000000E+002, 9.647870000000000E+002, 1.178360000000000E+002, 3.937980000000000E-013
 7.204400000000000E-004, 1.418200000000000E-004, 3.943940000000000E-022, 2.140160000000000E+000, 9.294489999999999E+004, 1.512670000000000E+002, 9.658060000000000E+002, 1.166170000000000E+002,-5.292050000000000E-013
 7.306060000000000E-004, 1.431020000000000E-004, 1.600150000000000E-022, 2.150670000000000E+000, 9.327110000000001E+004, 1.510560000000000E+002, 9.667360000000000E+002, 1.154340000000000E+002, 9.954410000000000E-013
 7.407720000000000E-004, 1.443830000000000E-004, 2.232670000000000E-022, 2.160230000000000E+000, 9.355100000000000E+004, 1.508380000000000E+002, 9.675890000000001E+002, 1.142910000000000E+002,-1.544760000000000E-012
 7.509389999999999E-004, 1.456650000000000E-004,-1.959870000000000E-022, 2.169010000000000E+000, 9.379310000000001E+004, 1.506160000000000E+002, 9.683970000000000E+002, 1.131730000000000E+002, 1.914060000000000E-012
 7.611050000000000E-004, 1.469460000000000E-004,-1.319680000000000E-022, 2.177070000000000E+000, 9.400060000000001E+004, 1.503910000000000E+002, 9.691520000000000E+002, 1.120800000000000E+002,-1.899040000000000E-012
 7.712710000000000E-004, 1.482280000000000E-004, 1.228760000000000E-022, 2.184430000000000E+000, 9.417520000000000E+004, 1.501630000000000E+002, 9.698579999999999E+002, 1.110130000000000E+002, 1.600030000000000E-012
 7.814370000000000E-004, 1.495100000000000E-004, 4.095610000000000E-022, 2.191160000000000E+000, 9.431989999999999E+004, 1.499310000000000E+002, 9.705230000000000E+002, 1.099650000000000E+002,-1.417290000000000E-012
 7.916040000000000E-004, 1.507910000000000E-004, 5.864580000000000E-024, 2.197370000000000E+000, 9.444030000000000E+004, 1.496990000000000E+002, 9.711680000000000E+002, 1.089370000000000E+002, 1.591130000000000E-012
 8.017700000000000E-004, 1.520730000000000E-004,-2.439800000000000E-022, 2.202970000000000E+000, 9.453220000000000E+004, 1.494640000000000E+002, 9.717510000000000E+002, 1.079230000000000E+002,-2.081890000000000E-012
 8.119360000000000E-004, 1.533540000000000E-004, 1.315440000000000E-023, 2.208190000000000E+000, 9.460760000000001E+004, 1.492290000000000E+002, 9.723579999999999E+002, 1.069370000000000E+002, 2.622670000000000E-012
 8.221030000000000E-004, 1.546360000000000E-004, 2.811180000000000E-022, 2.212730000000000E+000, 9.465000000000000E+004, 1.489900000000000E+002, 9.728420000000000E+002, 1.059490000000000E+002,-2.854200000000000E-012
 8.322690000000000E-004, 1.559180000000000E-004, 4.255870000000000E-022, 2.217230000000000E+000, 9.469400000000000E+004, 1.487560000000000E+002, 9.734700000000000E+002, 1.049940000000000E+002, 2.547100000000000E-012
 8.424350000000000E-004, 1.571990000000000E-004,-2.609120000000000E-022, 2.220700000000000E+000, 9.468630000000000E+004, 1.485120000000000E+002, 9.738140000000000E+002, 1.040420000000000E+002,-1.635210000000000E-012
 8.526020000000000E-004, 1.584810000000000E-004, 4.530500000000000E-023, 2.224670000000000E+000, 9.470839999999999E+004, 1.482810000000000E+002, 9.745010000000000E+002, 1.031020000000000E+002, 5.313040000000000E-013
 8.627680000000000E-004, 1.597620000000000E-004,-2.748090000000000E-022, 2.227150000000000E+000, 9.465470000000000E+004, 1.480330000000000E+002, 9.747110000000000E+002, 1.021980000000000E+002, 3.057930000000000E-013
 8.729340000000000E-004, 1.610440000000000E-004,-1.121200000000000E-022, 2.230640000000000E+000, 9.465689999999999E+004, 1.478040000000000E+002, 9.754299999999999E+002, 1.012510000000000E+002,-5.852230000000000E-013
 8.831000000000001E-004, 1.623250000000000E-004, 8.402400000000000E-024, 2.232320000000000E+000, 9.456850000000000E+004, 1.475550000000000E+002, 9.755790000000000E+002, 1.004130000000000E+002, 3.488830000000000E-013
 8.932670000000000E-004, 1.636070000000000E-004, 2.748400000000000E-022, 2.235180000000000E+000, 9.454260000000001E+004, 1.473260000000000E+002, 9.762420000000000E+002, 9.945410000000000E+001,-5.837690000000000E-014
 9.034330000000000E-004, 1.648890000000000E-004,-9.549650000000000E-024, 2.236490000000000E+000, 9.444070000000000E+004, 1.470810000000000E+002, 9.764500000000000E+002, 9.865479999999999E+001, 1.186220000000000E-014
 9.135990000000000E-004, 1.661700000000000E-004, 3.930670000000000E-022, 2.238360000000000E+000, 9.436810000000001E+004, 1.468450000000000E+002, 9.769370000000000E+002, 9.774850000000001E+001, 1.289560000000000E-014
 9.237660000000000E-004, 1.674520000000000E-004,-3.730350000000000E-022, 2.239810000000000E+000, 9.427810000000001E+004, 1.466100000000000E+002, 9.773020000000000E+002, 9.687609999999999E+001,-8.237760000000001E-015
 9.339319999999999E-004, 1.687330000000000E-004, 1.893550000000000E-022, 2.240490000000000E+000, 9.415030000000000E+004, 1.463670000000000E+002, 9.775860000000000E+002, 9.613100000000000E+001,-5.167020000000000E-015
 9.440980000000000E-004, 1.700150000000000E-004, 8.181830000000000E-023, 2.241890000000000E+000, 9.406120000000000E+004, 1.461370000000000E+002, 9.780430000000000E+002, 9.516270000000000E+001, 1.403260000000000E-014
 9.542650000000000E-004, 1.712970000000000E-004, 1.536700000000000E-022, 2.242240000000000E+000, 9.392210000000001E+004, 1.458980000000000E+002, 9.783020000000000E+002, 9.444410000000001E+001,-1.155030000000000E-015
 9.644310000000000E-004, 1.725780000000000E-004,-5.272900000000000E-023, 2.242710000000000E+000, 9.379020000000000E+004, 1.456630000000000E+002, 9.786470000000000E+002, 9.364030000000000E+001,-5.781350000000000E-015
 9.745970000000000E-004, 1.738600000000000E-004, 3.970450000000000E-022, 2.243250000000000E+000, 9.366460000000001E+004, 1.454320000000000E+002, 9.790260000000000E+002, 9.260460000000000E+001,-6.287850000000000E-015
 9.847640000000000E-004, 1.751410000000000E-004, 3.360280000000000E-022, 2.241590000000000E+000, 9.343630000000000E+004, 1.451850000000000E+002, 9.757900000000000E+002, 9.187050000000001E+001,-6.450670000000000E-015
 9.949300000000000E-004, 1.764230000000000E-004,-5.410850000000000E-022, 2.270600000000000E+000, 9.436339999999999E+004, 1.447530000000000E+002, 9.805660000000000E+002, 9.104689999999999E+001, 2.490730000000000E-016
-9.787340000000000E-005, 5.716530000000000E-006,-2.179770000000000E-024, 1.224810000000000E+000, 3.516460000000000E+004, 1.000000000000000E+002, 1.002350000000000E+003,-1.301100000000000E-009, 2.633100000000000E-014
-9.418130000000001E-005, 5.541620000000000E-006, 2.017150000000000E-024, 1.224810000000000E+000, 3.516460000000000E+004, 1.000000000000000E+002, 1.002350000000000E+003, 1.153930000000000E-009,-6.352940000000000E-014
-9.067380000000001E-005, 5.375450000000000E-006,-4.539090000000000E-024, 1.224810000000000E+000, 3.516460000000000E+004, 1.000000000000000E+002, 1.002350000000000E+003,-2.213260000000000E-009,-1.329460000000000E-014
-8.734170000000000E-005, 5.217590000000000E-006, 4.902540000000000E-024, 1.224810000000000E+000, 3.516460000000000E+004, 1.000000000000000E+002, 1.002350000000000E+003,-6.029640000000000E-010,-9.249790000000000E-014
-8.417620000000000E-005, 5.067620000000000E-006,-1.142430000000000E-023, 1.224810000000000E+000, 3.516460000000000E+004, 1.000000000000000E+002, 1.002350000000000E+003,-3.425550000000000E-009,-3.068430000000000E-014
-8.116899999999999E-005, 4.925160000000000E-006, 6.011060000000000E-024, 1.224810000000000E+000, 3.516460000000000E+004, 1.000000000000000E+002, 1.002350000000000E+003,-3.935300000000000E-009,-4.671610000000000E-014
-7.831220000000001E-005, 4.789820000000000E-006, 7.164020000000000E-024, 1.224810000000000E+000, 3.516460000000000E+004, 1.000000000000000E+002, 1.002350000000000E+003,-3.382840000000000E-009, 7.540079999999999E-014
-7.559820000000000E-005, 4.661240000000000E-006,-1.096120000000000E-023, 1.224810000000000E+000, 3.516460000000000E+004, 1.000000000000000E+002, 1.002350000000000E+003,-7.513030000000000E-009,-4.628860000000000E-014
-7.301990000000000E-005, 4.539100000000000E-006, 4.424430000000000E-024, 1.224810000000000E+000, 3.516460000000000E+004, 1.000000000000000E+002, 1.002350000000000E+003,-5.630590000000000E-009,-5.605930000000000E-014
-7.057060000000000E-005, 4.423060000000000E-006, 6.112530000000000E-024, 1.224810000000000E+000, 3.516460000000000E+004, 1.000000000000000E+002, 1.002350000000000E+003,-9.772680000000000E-009,-4.082730000000000E-014
-6.824370000000000E-005, 4.312820000000000E-006, 8.690259999999999E-024, 1.224810000000000E+000, 3.516460000000000E+004, 1.000000000000000E+002, 1.002350000000000E+003,-4.794760000000000E-009, 3.453200000000000E-014
-6.603320000000000E-005, 4.208100000000000E-006, 3.924910000000000E-024, 1.224810000000000E+000, 3.516460000000000E+004, 1.000000000000000E+002, 1.002350000000000E+003, 5.572420000000000E-007, 6.470830000000000E-014
-6.393330000000001E-005, 4.108620000000000E-006, 3.104330000000000E-024, 1.224810000000000E+000, 3.516470000000000E+004, 1.000000000000000E+002, 1.002350000000000E+003, 2.881890000000000E-005, 6.383970000000000E-014
-6.193830000000000E-005, 4.014110000000000E-006, 1.670360000000000E-024, 1.224880000000000E+000, 3.517170000000000E+004, 1.000150000000000E+002, 1.002290000000000E+003, 3.127160000000000E-003, 5.244750000000000E-014
-6.004320000000000E-005, 3.924320000000000E-006, 6.129790000000000E-024, 1.227830000000000E+000, 3.607060000000000E+004, 1.023240000000000E+002, 9.995490000000000E+002, 1.635170000000000E-002, 7.650480000000000E-014
-5.824270000000000E-005, 3.839030000000000E-006,-4.540440000000000E-024, 2.204510000000000E+000, 1.980220000000000E+005, 3.128710000000000E+002, 7.031220000000000E+002, 1.232860000000000E+001, 4.725640000000000E-015
-5.653230000000000E-005, 3.758000000000000E-006,-1.061850000000000E-023, 5.663460000000000E+000, 9.486350000000000E+005, 5.834200000000000E+002, 1.933880000000000E+002, 2.969640000000000E+001, 4.244900000000000E-013
-5.490750000000000E-005, 3.681020000000000E-006,-5.910670000000000E-024, 6.148320000000000E+000, 1.075760000000000E+006, 6.094290000000000E+002, 1.271480000000000E+002, 3.093570000000000E+001,-2.755080000000000E-012
-5.336390000000000E-005, 3.607890000000000E-006,-4.757600000000000E-025, 5.906340000000000E+000, 1.058330000000000E+006, 6.241180000000001E+002, 1.102080000000000E+002, 5.331540000000000E+001,-6.548160000000000E-014
-5.189750000000000E-005, 3.538420000000000E-006, 2.614170000000000E-024, 5.687780000000000E+000, 1.063170000000000E+006, 6.510660000000000E+002, 7.102100000000000E+001, 6.540340000000000E+001, 9.295390000000000E-014
-5.050440000000000E-005, 3.472420000000000E-006, 3.168670000000000E-024, 5.584720000000000E+000, 1.072260000000000E+006, 6.687490000000000E+002, 4.015070000000000E+001, 7.958069999999999E+001, 8.796740000000000E-013
