rho,p,T,U,V,W
 1.224810000000000E+000, 3.516460000000000E+004, 1.000000000000000E+002, 1.002350000000000E+003,-1.032930000000000E-009, 5.331240000000000E-015
 1.224810000000000E+000, 3.516460000000000E+004, 1.000000000000000E+002, 1.002350000000000E+003, 6.957420000000000E-010, 2.957430000000000E-014
 1.224810000000000E+000, 3.516460000000000E+004, 1.000000000000000E+002, 1.002350000000000E+003,-1.619720000000000E-009, 6.485430000000000E-014
 1.224810000000000E+000, 3.516460000000000E+004, 1.000000000000000E+002, 1.002350000000000E+003,-1.293600000000000E-009,-9.096569999999999E-014
 1.224810000000000E+000, 3.516460000000000E+004, 1.000000000000000E+002, 1.002350000000000E+003,-1.961190000000000E-009,-2.044560000000000E-013
 1.224810000000000E+000, 3.516460000000000E+004, 1.000000000000000E+002, 1.002350000000000E+003,-5.518120000000000E-009, 1.896790000000000E-014
 1.224810000000000E+000, 3.516460000000000E+004, 1.000000000000000E+002, 1.002350000000000E+003,-2.557310000000000E-009, 2.946570000000000E-013
 1.224810000000000E+000, 3.516460000000000E+004, 1.000000000000000E+002, 1.002350000000000E+003,-7.917130000000001E-009, 1.828370000000000E-013
 1.224810000000000E+000, 3.516460000000000E+004, 1.000000000000000E+002, 1.002350000000000E+003,-5.672750000000000E-009,-1.159530000000000E-013
 1.224810000000000E+000, 3.516460000000000E+004, 1.000000000000000E+002, 1.002350000000000E+003,-1.243740000000000E-008,-1.781790000000000E-013
 1.224810000000000E+000, 3.516460000000000E+004, 1.000000000000000E+002, 1.002350000000000E+003, 2.009920000000000E-008,-1.288010000000000E-013
 1.224810000000000E+000, 3.516460000000000E+004, 1.000000000000000E+002, 1.002350000000000E+003, 2.344830000000000E-006,-6.822280000000000E-014
 1.224810000000000E+000, 3.516470000000000E+004, 1.000000000000000E+002, 1.002350000000000E+003, 1.294390000000000E-004, 1.501860000000000E-014
 1.224890000000000E+000, 3.517320000000000E+004, 1.000180000000000E+002, 1.002270000000000E+003, 1.244100000000000E-002, 5.581190000000000E-014
 1.228100000000000E+000, 3.622090000000000E+004, 1.027280000000000E+002, 9.989960000000000E+002, 4.231270000000000E-001, 7.997670000000000E-014
 2.363660000000000E+000, 2.273360000000000E+005, 3.350010000000000E+002, 6.540970000000000E+002, 6.358170000000000E+001,-1.137720000000000E-013
 5.654970000000000E+000, 9.543420000000000E+005, 5.878110000000000E+002, 1.943700000000000E+002, 9.116650000000000E+001,-5.418410000000000E-013
 6.021120000000000E+000, 1.056480000000000E+006, 6.111500000000000E+002, 1.252730000000000E+002, 1.002140000000000E+002, 1.142320000000000E-012
 5.834960000000000E+000, 1.053830000000000E+006, 6.290670000000000E+002, 9.846030000000000E+001, 1.004300000000000E+002,-1.704420000000000E-012
 5.587610000000000E+000, 1.047620000000000E+006, 6.530460000000000E+002, 6.798869999999999E+001, 1.080450000000000E+002,-7.198580000000000E-013
 5.492080000000000E+000, 1.054320000000000E+006, 6.686480000000000E+002, 4.483480000000000E+001, 1.185440000000000E+002,-1.584940000000000E-013
 1.224810000000000E+000, 3.516460000000000E+004, 1.000000000000000E+002, 1.002350000000000E+003, 2.356030000000000E-010, 2.517550000000000E-014
 1.224810000000000E+000, 3.516460000000000E+004, 1.000000000000000E+002, 1.002350000000000E+003,-7.576390000000000E-010,-5.334560000000000E-014
 1.224810000000000E+000, 3.516460000000000E+004, 1.000000000000000E+002, 1.002350000000000E+003,-1.560620000000000E-011, 7.754310000000000E-016
 1.224810000000000E+000, 3.516460000000000E+004, 1.000000000000000E+002, 1.002350000000000E+003,-1.012380000000000E-009, 4.105320000000000E-015
 1.224810000000000E+000, 3.516460000000000E+004, 1.000000000000000E+002, 1.002350000000000E+003, 6.219760000000000E-011,-1.608720000000000E-014
 1.224810000000000E+000, 3.516460000000000E+004, 1.000000000000000E+002, 1.002350000000000E+003,-2.249880000000000E-009,-1.422870000000000E-014
 1.224810000000000E+000, 3.516460000000000E+004, 1.000000000000000E+002, 1.002350000000000E+003,-1.008830000000000E-009,-1.166500000000000E-013
 1.224810000000000E+000, 3.516460000000000E+004, 1.000000000000000E+002, 1.002350000000000E+003,-3.382280000000000E-009,-1.451300000000000E-013
 1.224810000000000E+000, 3.516460000000000E+004, 1.000000000000000E+002, 1.002350000000000E+003,-1.717580000000000E-009, 1.688000000000000E-014
 1.224810000000000E+000, 3.516460000000000E+004, 1.000000000000000E+002, 1.002350000000000E+003,-4.955490000000000E-009, 7.662930000000000E-014
 1.224810000000000E+000, 3.516460000000000E+004, 1.000000000000000E+002, 1.002350000000000E+003, 6.332750000000000E-008, 6.925830000000000E-014
 1.224810000000000E+000, 3.516460000000000E+004, 1.000000000000000E+002, 1.002350000000000E+003, 5.190700000000000E-006, 4.003360000000000E-014
 1.224810000000000E+000, 3.516470000000000E+004, 1.000000000000000E+002, 1.002350000000000E+003, 2.805750000000000E-004,-3.873720000000000E-015
 1.224920000000000E+000, 3.517500000000000E+004, 1.000210000000000E+002, 1.002260000000000E+003, 2.187530000000000E-002,-4.697890000000000E-014
 1.229270000000000E+000, 3.637610000000000E+004, 1.030700000000000E+002, 9.985020000000000E+002, 9.749230000000000E-001,-7.157530000000000E-014
 2.590220000000000E+000, 2.585170000000000E+005, 3.476290000000000E+002, 6.241160000000000E+002, 1.156990000000000E+002,-7.131470000000000E-014
 5.660760000000000E+000, 9.334930000000000E+005, 5.743810000000000E+002, 2.236180000000000E+002, 1.555380000000000E+002,-7.070150000000000E-014
 5.816540000000000E+000, 9.976500000000000E+005, 5.974170000000000E+002, 1.560920000000000E+002, 1.735880000000000E+002, 7.683990000000000E-014
 5.626660000000000E+000, 9.934310000000000E+005, 6.149660000000000E+002, 1.283510000000000E+002, 1.612780000000000E+002,-1.650020000000000E-013
 5.451080000000000E+000, 1.007760000000000E+006, 6.439310000000000E+002, 9.204389999999999E+001, 1.720430000000000E+002,-1.521500000000000E-012
 5.335770000000000E+000, 1.013290000000000E+006, 6.614550000000000E+002, 3.680450000000000E+001, 1.612190000000000E+002, 2.497530000000000E-013
 1.224810000000000E+000, 3.516460000000000E+004, 1.000000000000000E+002, 1.002350000000000E+003, 3.153130000000000E-010, 2.243190000000000E-016
 1.224810000000000E+000, 3.516460000000000E+004, 1.000000000000000E+002, 1.002350000000000E+003,-5.431800000000000E-010,-1.151340000000000E-014
 1.224810000000000E+000, 3.516460000000000E+004, 1.000000000000000E+002, 1.002350000000000E+003, 5.588790000000000E-011,-4.488320000000000E-016
 1.224810000000000E+000, 3.516460000000000E+004, 1.000000000000000E+002, 1.002350000000000E+003,-8.223040000000000E-010,-7.425790000000000E-015
 1.224810000000000E+000, 3.516460000000000E+004, 1.000000000000000E+002, 1.002350000000000E+003,-1.988010000000000E-010,-7.344820000000000E-015
 1.224810000000000E+000, 3.516460000000000E+004, 1.000000000000000E+002, 1.002350000000000E+003,-1.319590000000000E-009,-2.339200000000000E-014
 1.224810000000000E+000, 3.516460000000000E+004, 1.000000000000000E+002, 1.002350000000000E+003,-4.555440000000000E-010, 2.253790000000000E-015
 1.224810000000000E+000, 3.516460000000000E+004, 1.000000000000000E+002, 1.002350000000000E+003,-1.676670000000000E-009, 8.258660000000001E-015
 1.224810000000000E+000, 3.516460000000000E+004, 1.000000000000000E+002, 1.002350000000000E+003,-1.058870000000000E-009, 8.996900000000000E-016
 1.224810000000000E+000, 3.516460000000000E+004, 1.000000000000000E+002, 1.002350000000000E+003,-1.979520000000000E-009,-8.436699999999999E-015
 1.224810000000000E+000, 3.516460000000000E+004, 1.000000000000000E+002, 1.002350000000000E+003, 9.304620000000000E-008,-1.054960000000000E-014
 1.224810000000000E+000, 3.516460000000000E+004, 1.000000000000000E+002, 1.002350000000000E+003, 7.662530000000000E-006,-1.470100000000000E-014
 1.224810000000000E+000, 3.516470000000000E+004, 1.000000000000000E+002, 1.002350000000000E+003, 4.190900000000000E-004,-1.414000000000000E-014
 1.224930000000000E+000, 3.517680000000000E+004, 1.000250000000000E+002, 1.002250000000000E+003, 3.624160000000000E-002,-1.230640000000000E-014
 1.229530000000000E+000, 3.657700000000000E+004, 1.036170000000000E+002, 9.979330000000000E+002, 1.292690000000000E+000,-6.869700000000000E-015
 2.977410000000000E+000, 3.182150000000000E+005, 3.722590000000000E+002, 5.798350000000000E+002, 1.519190000000000E+002, 1.517840000000000E-015
 5.680860000000000E+000, 9.164300000000000E+005, 5.618869999999999E+002, 2.564110000000000E+002, 2.138770000000000E+002,-5.908120000000000E-014
 5.655440000000000E+000, 9.473710000000000E+005, 5.834690000000001E+002, 1.957210000000000E+002, 2.323580000000000E+002, 2.160990000000000E-013
 5.428100000000000E+000, 9.326530000000000E+005, 5.984620000000000E+002, 1.704340000000000E+002, 2.160160000000000E+002,-2.625380000000000E-013
 5.269370000000000E+000, 9.525070000000000E+005, 6.296130000000001E+002, 1.321670000000000E+002, 2.382120000000000E+002, 7.825399999999999E-014
 5.142190000000000E+000, 9.580860000000000E+005, 6.489630000000000E+002, 6.423940000000000E+001, 2.045560000000000E+002, 6.983490000000001E-014
 1.224810000000000E+000, 3.516460000000000E+004, 1.000000000000000E+002, 1.002350000000000E+003, 2.120090000000000E-010,-7.844590000000000E-015
 1.224810000000000E+000, 3.516460000000000E+004, 1.000000000000000E+002, 1.002350000000000E+003,-3.726820000000000E-010, 1.482110000000000E-014
 1.224810000000000E+000, 3.516460000000000E+004, 1.000000000000000E+002, 1.002350000000000E+003, 1.546500000000000E-010,-1.787370000000000E-014
 1.224810000000000E+000, 3.516460000000000E+004, 1.000000000000000E+002, 1.002350000000000E+003,-8.699700000000000E-010, 1.421190000000000E-014
 1.224810000000000E+000, 3.516460000000000E+004, 1.000000000000000E+002, 1.002350000000000E+003,-1.655000000000000E-010,-1.875890000000000E-014
 1.224810000000000E+000, 3.516460000000000E+004, 1.000000000000000E+002, 1.002350000000000E+003,-8.366080000000000E-010,-4.596170000000000E-014
 1.224810000000000E+000, 3.516460000000000E+004, 1.000000000000000E+002, 1.002350000000000E+003,-1.203380000000000E-009, 3.852640000000000E-014
 1.224810000000000E+000, 3.516460000000000E+004, 1.000000000000000E+002, 1.002350000000000E+003,-1.453630000000000E-010, 7.854910000000000E-015
 1.224810000000000E+000, 3.516460000000000E+004, 1.000000000000000E+002, 1.002350000000000E+003,-1.824010000000000E-009,-4.170990000000000E-014
 1.224810000000000E+000, 3.516460000000000E+004, 1.000000000000000E+002, 1.002350000000000E+003, 3.049800000000000E-009,-3.018400000000000E-014
 1.224810000000000E+000, 3.516460000000000E+004, 1.000000000000000E+002, 1.002350000000000E+003, 2.574810000000000E-007,-1.902640000000000E-014
 1.224810000000000E+000, 3.516460000000000E+004, 1.000000000000000E+002, 1.002350000000000E+003, 1.763200000000000E-005,-7.669350000000001E-015
 1.224820000000000E+000, 3.516480000000000E+004, 1.000000000000000E+002, 1.002350000000000E+003, 9.232700000000000E-004, 4.490180000000000E-015
 1.225000000000000E+000, 3.518290000000000E+004, 1.000370000000000E+002, 1.002220000000000E+003, 6.230020000000000E-002, 8.978679999999999E-015
 1.232600000000000E+000, 3.697370000000000E+004, 1.044800000000000E+002, 9.967130000000000E+002, 2.434780000000000E+000, 8.358470000000000E-015
 3.545280000000000E+000, 4.027840000000000E+005, 3.957180000000000E+002, 5.231280000000000E+002, 2.135780000000000E+002, 8.013960000000000E-014
 5.603120000000000E+000, 8.690850000000000E+005, 5.402520000000000E+002, 2.835800000000000E+002, 2.677530000000000E+002, 1.719000000000000E-013
 5.508380000000000E+000, 8.938780000000000E+005, 5.652210000000000E+002, 2.436010000000000E+002, 2.720240000000000E+002, 3.977210000000000E-013
 5.247390000000000E+000, 8.789020000000000E+005, 5.833930000000000E+002, 2.197450000000000E+002, 2.606560000000000E+002, 4.908900000000000E-013
 5.059100000000000E+000, 8.933950000000000E+005, 6.150839999999999E+002, 1.843560000000000E+002, 2.903670000000000E+002, 4.585330000000000E-013
 4.908630000000000E+000, 8.942960000000000E+005, 6.345780000000000E+002, 1.067560000000000E+002, 2.424380000000000E+002, 6.134480000000000E-014
 1.224810000000000E+000, 3.516460000000000E+004, 1.000000000000000E+002, 1.002350000000000E+003, 1.918780000000000E-010,-1.111970000000000E-015
 1.224810000000000E+000, 3.516460000000000E+004, 1.000000000000000E+002, 1.002350000000000E+003,-3.322590000000000E-010,-3.210990000000000E-015
 1.224810000000000E+000, 3.516460000000000E+004, 1.000000000000000E+002, 1.002350000000000E+003,-8.690520000000000E-011,-6.300000000000000E-015
 1.224810000000000E+000, 3.516460000000000E+004, 1.000000000000000E+002, 1.002350000000000E+003,-1.359130000000000E-010, 4.485390000000000E-015
 1.224810000000000E+000, 3.516460000000000E+004, 1.000000000000000E+002, 1.002350000000000E+003,-9.121270000000000E-010,-5.283210000000000E-015
 1.224810000000000E+000, 3.516460000000000E+004, 1.000000000000000E+002, 1.002350000000000E+003,-4.987770000000000E-010, 2.177960000000000E-014
 1.224810000000000E+000, 3.516460000000000E+004, 1.000000000000000E+002, 1.002350000000000E+003,-1.011590000000000E-009, 2.093700000000000E-014
 1.224810000000000E+000, 3.516460000000000E+004, 1.000000000000000E+002, 1.002350000000000E+003,-6.026530000000000E-012,-2.765250000000000E-014
 1.224810000000000E+000, 3.516460000000000E+004, 1.000000000000000E+002, 1.002350000000000E+003,-1.553430000000000E-009,-4.275670000000000E-014
 1.224810000000000E+000, 3.516460000000000E+004, 1.000000000000000E+002, 1.002350000000000E+003,-1.105770000000000E-009,-2.748750000000000E-014
 1.224810000000000E+000, 3.516460000000000E+004, 1.000000000000000E+002, 1.002350000000000E+003,-4.868750000000000E-007,-6.634250000000000E-015
 1.224810000000000E+000, 3.516460000000000E+004, 1.000000000000000E+002, 1.002350000000000E+003, 3.572440000000000E-006, 6.032800000000000E-015
 1.224810000000000E+000, 3.516430000000000E+004, 9.999960000000000E+001, 1.002350000000000E+003,-2.263940000000000E-003, 1.157320000000000E-014
 1.224940000000000E+000, 3.515940000000000E+004, 9.997450000000001E+001, 1.002260000000000E+003, 3.310450000000000E-002, 1.280010000000000E-014
 1.176640000000000E+000, 3.311260000000000E+004, 9.801990000000001E+001, 1.014270000000000E+003,-9.201250000000000E+000, 1.016780000000000E-014
 4.211180000000000E+000, 4.853780000000000E+005, 4.014590000000000E+002, 4.994010000000000E+002, 2.821840000000000E+002,-1.749480000000000E-013
 5.512170000000000E+000, 8.124850000000000E+005, 5.134010000000000E+002, 3.205490000000000E+002, 3.098110000000000E+002,-4.372560000000000E-013
 5.317910000000000E+000, 8.278920000000000E+005, 5.422470000000000E+002, 2.964390000000000E+002, 3.046060000000000E+002,-4.073900000000000E-013
 5.044140000000000E+000, 8.224090000000000E+005, 5.678900000000000E+002, 2.705100000000000E+002, 2.981780000000000E+002,-2.190430000000000E-012
 4.831390000000000E+000, 8.344430000000000E+005, 6.015730000000000E+002, 2.387280000000000E+002, 3.299150000000000E+002, 7.544260000000000E-013
 4.623000000000000E+000, 8.211320000000000E+005, 6.186609999999999E+002, 1.489330000000000E+002, 2.689220000000000E+002, 3.289950000000000E-013
 1.224810000000000E+000, 3.516460000000000E+004, 1.000000000000000E+002, 1.002350000000000E+003, 2.959720000000000E-011,-3.714950000000000E-016
 1.224810000000000E+000, 3.516460000000000E+004, 1.000000000000000E+002, 1.002350000000000E+003,-6.363280000000000E-011,-1.609050000000000E-015
 1.224810000000000E+000, 3.516460000000000E+004, 1.000000000000000E+002, 1.002350000000000E+003,-2.437690000000000E-010,-2.636420000000000E-015
 1.224810000000000E+000, 3.516460000000000E+004, 1.000000000000000E+002, 1.002350000000000E+003,-1.789450000000000E-010, 6.503420000000000E-015
 1.224810000000000E+000, 3.516460000000000E+004, 1.000000000000000E+002, 1.002350000000000E+003,-9.353630000000001E-010, 2.682760000000000E-014
 1.224810000000000E+000, 3.516460000000000E+004, 1.000000000000000E+002, 1.002350000000000E+003,-4.436400000000000E-010, 3.611630000000000E-014
 1.224810000000000E+000, 3.516460000000000E+004, 1.000000000000000E+002, 1.002350000000000E+003,-2.186060000000000E-010,-1.355190000000000E-014
 1.224810000000000E+000, 3.516460000000000E+004, 1.000000000000000E+002, 1.002350000000000E+003,-1.365380000000000E-009,-4.144310000000000E-014
 1.224810000000000E+000, 3.516460000000000E+004, 1.000000000000000E+002, 1.002350000000000E+003,-6.215260000000000E-010,-1.608500000000000E-014
 1.224810000000000E+000, 3.516460000000000E+004, 1.000000000000000E+002, 1.002350000000000E+003, 4.936460000000000E-008,-3.160850000000000E-017
 1.224810000000000E+000, 3.516460000000000E+004, 1.000000000000000E+002, 1.002350000000000E+003, 4.658810000000000E-006, 1.663310000000000E-014
 1.224810000000000E+000, 3.516460000000000E+004, 1.000000000000000E+002, 1.002350000000000E+003, 2.621810000000000E-004, 2.221260000000000E-014
 1.224850000000000E+000, 3.516900000000000E+004, 1.000090000000000E+002, 1.002320000000000E+003, 2.278260000000000E-002, 2.550340000000000E-014
 1.226680000000000E+000, 3.566720000000000E+004, 1.012750000000000E+002, 1.000810000000000E+003, 6.800790000000000E-001, 2.204030000000000E-014
 1.990900000000000E+000, 1.349240000000000E+005, 2.360500000000000E+002, 8.262820000000000E+002, 1.016390000000000E+002,-1.911450000000000E-013
 4.815350000000000E+000, 6.076940000000000E+005, 4.395620000000000E+002, 4.408680000000000E+002, 3.326840000000000E+002,-2.823180000000000E-013
 5.121550000000000E+000, 7.216550000000000E+005, 4.907860000000000E+002, 3.555820000000000E+002, 3.557110000000000E+002,-1.032750000000000E-013
 4.893840000000000E+000, 7.231040000000000E+005, 5.146530000000000E+002, 3.436440000000000E+002, 3.455760000000000E+002,-7.934910000000000E-014
 4.657470000000000E+000, 7.316300000000000E+005, 5.471500000000000E+002, 3.179870000000000E+002, 3.535900000000000E+002, 5.400200000000000E-012
 4.404150000000000E+000, 7.339580000000000E+005, 5.804610000000000E+002, 2.926830000000000E+002, 3.601810000000000E+002,-3.671660000000000E-012
 4.124420000000000E+000, 6.998020000000000E+005, 5.909860000000000E+002, 1.817180000000000E+002, 2.813740000000000E+002,-7.883990000000000E-013
 1.224810000000000E+000, 3.516460000000000E+004, 1.000000000000000E+002, 1.002350000000000E+003,-6.906000000000001E-011,-1.540700000000000E-016
 1.224810000000000E+000, 3.516460000000000E+004, 1.000000000000000E+002, 1.002350000000000E+003, 1.026800000000000E-010,-1.601970000000000E-014
 1.224810000000000E+000, 3.516460000000000E+004, 1.000000000000000E+002, 1.002350000000000E+003,-3.973280000000000E-010,-8.746590000000001E-015
 1.224810000000000E+000, 3.516460000000000E+004, 1.000000000000000E+002, 1.002350000000000E+003,-3.580790000000000E-010, 6.128180000000000E-015
 1.224810000000000E+000, 3.516460000000000E+004, 1.000000000000000E+002, 1.002350000000000E+003,-5.512690000000000E-010, 1.829080000000000E-014
 1.224810000000000E+000, 3.516460000000000E+004, 1.000000000000000E+002, 1.002350000000000E+003,-6.773629999999999E-010, 1.043260000000000E-014
 1.224810000000000E+000, 3.516460000000000E+004, 1.000000000000000E+002, 1.002350000000000E+003,-3.608800000000000E-010,-3.693170000000000E-014
 1.224810000000000E+000, 3.516460000000000E+004, 1.000000000000000E+002, 1.002350000000000E+003,-9.281450000000000E-010,-3.369370000000000E-014
 1.224810000000000E+000, 3.516460000000000E+004, 1.000000000000000E+002, 1.002350000000000E+003, 4.535220000000000E-010,-1.435970000000000E-014
 1.224810000000000E+000, 3.516460000000000E+004, 1.000000000000000E+002, 1.002350000000000E+003,-2.041120000000000E-007,-3.823880000000000E-015
 1.224810000000000E+000, 3.516460000000000E+004, 1.000000000000000E+002, 1.002350000000000E+003, 9.937950000000000E-006, 3.404340000000000E-016
 1.224810000000000E+000, 3.516460000000000E+004, 1.000000000000000E+002, 1.002350000000000E+003,-1.046820000000000E-003, 5.939980000000000E-015
 1.224940000000000E+000, 3.516250000000000E+004, 9.998399999999999E+001, 1.002280000000000E+003, 4.416360000000000E-002, 3.978770000000000E-015
 1.189100000000000E+000, 3.341470000000000E+004, 9.787770000000000E+001, 1.008270000000000E+003,-7.630340000000000E+000,-1.218980000000000E-013
 3.215670000000000E+000, 2.976360000000000E+005, 3.223870000000000E+002, 6.733270000000000E+002, 2.407000000000000E+002, 8.960940000000000E-013
 4.930490000000000E+000, 6.264200000000000E+005, 4.425270000000000E+002, 4.401290000000000E+002, 3.657630000000000E+002, 1.217720000000000E-012
 4.804790000000000E+000, 6.538840000000000E+005, 4.740140000000000E+002, 4.046880000000000E+002, 3.781270000000000E+002, 1.156250000000000E-012
 4.508980000000000E+000, 6.382910000000000E+005, 4.930650000000000E+002, 3.941650000000000E+002, 3.664880000000000E+002,-1.724870000000000E-012
 4.205790000000000E+000, 6.326650000000000E+005, 5.239510000000000E+002, 3.746760000000000E+002, 3.919070000000000E+002,-4.863290000000000E-012
 3.876910000000000E+000, 6.155670000000000E+005, 5.530370000000000E+002, 3.635410000000000E+002, 3.829780000000000E+002, 8.537160000000001E-012
 3.582160000000000E+000, 5.764310000000000E+005, 5.604880000000001E+002, 2.273200000000000E+002, 2.963380000000000E+002, 1.195710000000000E-012
 1.224810000000000E+000, 3.516460000000000E+004, 1.000000000000000E+002, 1.002350000000000E+003,-9.304070000000000E-011, 5.779420000000000E-015
 1.224810000000000E+000, 3.516460000000000E+004, 1.000000000000000E+002, 1.002350000000000E+003, 9.838900000000000E-011,-5.517130000000000E-015
 1.224810000000000E+000, 3.516460000000000E+004, 1.000000000000000E+002, 1.002350000000000E+003,-5.003740000000000E-010,-2.545610000000000E-014
 1.224810000000000E+000, 3.516460000000000E+004, 1.000000000000000E+002, 1.002350000000000E+003,-3.962490000000000E-010,-1.562370000000000E-014
 1.224810000000000E+000, 3.516460000000000E+004, 1.000000000000000E+002, 1.002350000000000E+003,-4.362460000000000E-010,-1.183490000000000E-014
 1.224810000000000E+000, 3.516460000000000E+004, 1.000000000000000E+002, 1.002350000000000E+003,-7.640390000000000E-010, 1.725480000000000E-015
 1.224810000000000E+000, 3.516460000000000E+004, 1.000000000000000E+002, 1.002350000000000E+003,-4.914070000000000E-010,-1.856540000000000E-014
 1.224810000000000E+000, 3.516460000000000E+004, 1.000000000000000E+002, 1.002350000000000E+003,-1.079420000000000E-009,-5.101540000000000E-015
 1.224810000000000E+000, 3.516460000000000E+004, 1.000000000000000E+002, 1.002350000000000E+003, 3.048700000000000E-008, 9.572090000000000E-016
 1.224810000000000E+000, 3.516460000000000E+004, 1.000000000000000E+002, 1.002350000000000E+003,-4.659810000000000E-007, 9.410250000000000E-015
 1.224810000000000E+000, 3.516460000000000E+004, 1.000000000000000E+002, 1.002350000000000E+003, 1.758100000000000E-004, 1.025250000000000E-014
 1.224810000000000E+000, 3.516350000000000E+004, 9.999740000000000E+001, 1.002350000000000E+003, 7.902609999999999E-003, 1.025200000000000E-014
 1.225490000000000E+000, 3.532650000000000E+004, 1.004050000000000E+002, 1.001850000000000E+003, 3.606330000000000E-001, 1.340640000000000E-014
 1.564280000000000E+000, 7.355860000000001E+004, 1.637880000000000E+002, 9.345660000000000E+002, 6.741450000000000E+001, 1.857810000000000E-012
 4.267720000000000E+000, 4.405410000000000E+005, 3.595460000000000E+002, 6.142890000000000E+002, 3.561730000000000E+002,-1.384920000000000E-012
 4.949950000000000E+000, 6.133330000000000E+005, 4.315780000000000E+002, 4.774110000000000E+002, 3.807960000000000E+002,-1.969800000000000E-012
 4.646210000000000E+000, 6.072710000000000E+005, 4.552480000000000E+002, 4.611080000000000E+002, 3.766910000000000E+002,-8.857760000000000E-012
 4.253770000000000E+000, 5.816190000000000E+005, 4.762430000000000E+002, 4.577000000000000E+002, 3.667200000000000E+002, 2.204420000000000E-011
 3.775590000000000E+000, 5.447690000000000E+005, 5.025650000000000E+002, 4.489110000000000E+002, 3.970050000000000E+002,-4.578810000000000E-012
 3.259610000000000E+000, 4.870750000000000E+005, 5.204690000000001E+002, 4.591990000000000E+002, 3.653630000000000E+002,-5.722990000000000E-015
 2.904780000000000E+000, 4.372940000000000E+005, 5.243530000000000E+002, 2.502880000000000E+002, 2.906320000000000E+002, 1.854420000000000E-013
 1.224810000000000E+000, 3.516460000000000E+004, 1.000000000000000E+002, 1.002350000000000E+003,-9.340760000000000E-011, 2.490820000000000E-014
 1.224810000000000E+000, 3.516460000000000E+004, 1.000000000000000E+002, 1.002350000000000E+003, 5.889360000000000E-011,-5.173610000000000E-015
 1.224810000000000E+000, 3.516460000000000E+004, 1.000000000000000E+002, 1.002350000000000E+003,-3.831840000000000E-010, 6.635670000000000E-014
 1.224810000000000E+000, 3.516460000000000E+004, 1.000000000000000E+002, 1.002350000000000E+003,-5.300840000000000E-010,-1.349280000000000E-015
 1.224810000000000E+000, 3.516460000000000E+004, 1.000000000000000E+002, 1.002350000000000E+003,-3.849790000000000E-010,-9.086570000000000E-014
 1.224810000000000E+000, 3.516460000000000E+004, 1.000000000000000E+002, 1.002350000000000E+003,-7.187340000000000E-010,-5.665840000000000E-014
 1.224810000000000E+000, 3.516460000000000E+004, 1.000000000000000E+002, 1.002350000000000E+003,-1.195250000000000E-009,-5.972849999999999E-014
 1.224810000000000E+000, 3.516460000000000E+004, 1.000000000000000E+002, 1.002350000000000E+003, 6.207640000000000E-009,-5.307790000000000E-014
 1.224810000000000E+000, 3.516460000000000E+004, 1.000000000000000E+002, 1.002350000000000E+003,-2.585160000000000E-006,-3.481170000000000E-014
 1.224810000000000E+000, 3.516460000000000E+004, 1.000000000000000E+002, 1.002350000000000E+003, 1.783990000000000E-004,-2.967510000000000E-014
 1.224760000000000E+000, 3.516270000000000E+004, 9.999870000000000E+001, 1.002360000000000E+003,-1.259220000000000E-002,-2.833010000000000E-014
 1.226770000000000E+000, 3.525160000000000E+004, 1.000870000000000E+002, 1.002110000000000E+003, 3.976330000000000E-001,-1.540920000000000E-013
 1.162960000000000E+000, 3.192590000000000E+004, 9.561870000000000E+001, 1.013640000000000E+003,-1.381100000000000E+001,-2.495440000000000E-012
 3.061060000000000E+000, 2.433660000000000E+005, 2.769180000000000E+002, 7.530780000000000E+002, 2.422330000000000E+002,-1.311980000000000E-011
 4.592280000000000E+000, 5.036090000000000E+005, 3.819700000000000E+002, 5.474810000000000E+002, 3.937030000000000E+002, 1.238870000000000E-012
 4.591490000000000E+000, 5.481890000000000E+005, 4.158540000000000E+002, 5.043270000000000E+002, 3.994120000000000E+002, 1.303190000000000E-011
 4.128050000000000E+000, 5.073230000000000E+005, 4.280590000000000E+002, 5.063610000000000E+002, 3.785980000000000E+002, 6.373650000000000E-011
 3.692640000000000E+000, 4.781250000000000E+005, 4.509920000000000E+002, 5.197060000000000E+002, 3.750010000000000E+002,-1.027570000000000E-010
 3.223170000000000E+000, 4.412110000000000E+005, 4.767890000000000E+002, 5.284140000000000E+002, 3.928750000000000E+002, 2.558100000000000E-011
 2.837470000000000E+000, 4.079840000000000E+005, 5.008130000000000E+002, 5.386790000000000E+002, 3.520660000000000E+002,-1.246660000000000E-011
 2.596790000000000E+000, 3.845740000000000E+005, 5.158310000000000E+002, 3.072250000000000E+002, 3.146560000000000E+002,-1.369640000000000E-012
 1.224810000000000E+000, 3.516460000000000E+004, 1.000000000000000E+002, 1.002350000000000E+003,-9.766320000000000E-011,-1.157070000000000E-013
 1.224810000000000E+000, 3.516460000000000E+004, 1.000000000000000E+002, 1.002350000000000E+003,-1.249300000000000E-010,-2.879100000000000E-014
 1.224810000000000E+000, 3.516460000000000E+004, 1.000000000000000E+002, 1.002350000000000E+003,-5.189050000000000E-010, 2.938990000000000E-015
 1.224810000000000E+000, 3.516460000000000E+004, 1.000000000000000E+002, 1.002350000000000E+003,-5.679000000000000E-010, 6.702780000000000E-014
 1.224810000000000E+000, 3.516460000000000E+004, 1.000000000000000E+002, 1.002350000000000E+003,-2.383200000000000E-010, 1.143920000000000E-013
 1.224810000000000E+000, 3.516460000000000E+004, 1.000000000000000E+002, 1.002350000000000E+003,-1.043370000000000E-009, 1.153150000000000E-014
 1.224810000000000E+000, 3.516460000000000E+004, 1.000000000000000E+002, 1.002350000000000E+003, 2.482670000000000E-009,-2.602880000000000E-014
 1.224810000000000E+000, 3.516460000000000E+004, 1.000000000000000E+002, 1.002350000000000E+003,-8.757210000000000E-008,-3.603750000000000E-014
 1.224810000000000E+000, 3.516460000000000E+004, 1.000000000000000E+002, 1.002350000000000E+003, 4.286640000000000E-005,-3.093640000000000E-014
 1.224800000000000E+000, 3.516420000000000E+004, 9.999970000000000E+001, 1.002350000000000E+003,-3.204630000000000E-003,-2.744880000000000E-014
 1.225520000000000E+000, 3.519850000000000E+004, 1.000380000000000E+002, 1.002280000000000E+003, 1.819020000000000E-001, 9.037910000000000E-014
 1.199090000000000E+000, 3.364350000000000E+004, 9.772660000000000E+001, 1.005810000000000E+003,-5.546480000000000E+000, 2.129050000000000E-012
 1.987990000000000E+000, 1.113510000000000E+005, 1.950940000000000E+002, 8.821200000000000E+002, 1.365130000000000E+002, 3.059860000000000E-011
 4.181880000000000E+000, 3.975680000000000E+005, 3.311340000000000E+002, 6.623680000000001E+002, 3.598590000000000E+002, 2.972190000000000E-011
 4.482650000000000E+000, 4.888140000000000E+005, 3.798160000000000E+002, 5.701849999999999E+002, 3.944830000000000E+002, 2.239790000000000E-012
 4.115070000000000E+000, 4.690250000000000E+005, 3.969930000000000E+002, 5.595309999999999E+002, 3.894040000000000E+002,-2.394180000000000E-011
 3.586310000000000E+000, 4.200640000000000E+005, 4.079740000000000E+002, 5.713160000000000E+002, 3.680940000000000E+002,-1.565930000000000E-010
 3.150070000000000E+000, 3.893330000000000E+005, 4.304920000000000E+002, 5.835960000000000E+002, 3.700390000000000E+002, 1.925840000000000E-010
 2.637260000000000E+000, 3.421430000000000E+005, 4.518760000000000E+002, 5.923780000000000E+002, 3.776750000000000E+002,-4.849200000000000E-011
 2.288210000000000E+000, 3.134180000000000E+005, 4.770810000000000E+002, 5.933360000000000E+002, 3.146570000000000E+002, 3.116010000000000E-011
 2.023840000000000E+000, 2.851600000000000E+005, 4.907670000000000E+002, 3.082640000000000E+002, 2.724560000000000E+002, 3.544690000000000E-012
 1.224810000000000E+000, 3.516460000000000E+004, 1.000000000000000E+002, 1.002350000000000E+003,-6.786430000000000E-011, 8.114680000000000E-014
 1.224810000000000E+000, 3.516460000000000E+004, 1.000000000000000E+002, 1.002350000000000E+003,-2.978010000000000E-010, 2.135060000000000E-014
 1.224810000000000E+000, 3.516460000000000E+004, 1.000000000000000E+002, 1.002350000000000E+003,-3.268490000000000E-010,-2.935950000000000E-014
 1.224810000000000E+000, 3.516460000000000E+004, 1.000000000000000E+002, 1.002350000000000E+003,-4.827090000000000E-010,-2.064780000000000E-014
 1.224810000000000E+000, 3.516460000000000E+004, 1.000000000000000E+002, 1.002350000000000E+003,-6.408590000000000E-010, 4.361660000000000E-015
 1.224810000000000E+000, 3.516460000000000E+004, 1.000000000000000E+002, 1.002350000000000E+003,-1.559940000000000E-009, 3.600130000000000E-015
 1.224810000000000E+000, 3.516460000000000E+004, 1.000000000000000E+002, 1.002350000000000E+003,-7.363320000000001E-008,-4.374850000000000E-015
 1.224810000000000E+000, 3.516460000000000E+004, 1.000000000000000E+002, 1.002350000000000E+003,-3.164690000000000E-007,-8.438459999999999E-015
 1.224810000000000E+000, 3.516450000000000E+004, 9.999990000000000E+001, 1.002350000000000E+003,-7.458560000000000E-004,-1.430220000000000E-014
 1.224980000000000E+000, 3.517420000000000E+004, 1.000140000000000E+002, 1.002340000000000E+003, 4.860770000000000E-002,-2.669210000000000E-014
 1.215240000000000E+000, 3.453390000000000E+004, 9.898030000000000E+001, 1.003390000000000E+003,-2.311650000000000E+000,-1.278290000000000E-012
 1.554920000000000E+000, 6.482870000000000E+004, 1.452190000000000E+002, 9.537700000000000E+002, 6.247200000000000E+001,-2.647410000000000E-011
 3.645880000000000E+000, 3.009830000000000E+005, 2.875440000000000E+002, 7.541760000000000E+002, 3.051620000000000E+002,-5.810440000000000E-011
 4.220590000000000E+000, 4.218480000000000E+005, 3.481340000000000E+002, 6.407190000000001E+002, 3.929860000000000E+002,-2.320140000000000E-011
 4.056490000000000E+000, 4.278300000000000E+005, 3.673550000000000E+002, 6.083670000000000E+002, 3.948870000000000E+002,-4.700630000000000E-011
 3.469510000000000E+000, 3.719100000000000E+005, 3.733640000000000E+002, 6.218330000000000E+002, 3.618740000000000E+002, 1.501050000000000E-011
 2.964320000000000E+000, 3.302600000000000E+005, 3.880560000000000E+002, 6.319460000000000E+002, 3.607970000000000E+002, 1.710670000000000E-010
 2.540810000000000E+000, 2.983660000000000E+005, 4.090170000000000E+002, 6.614320000000000E+002, 3.527720000000000E+002,-1.078590000000000E-010
 2.144780000000000E+000, 2.643020000000000E+005, 4.292210000000000E+002, 6.657260000000000E+002, 3.507360000000000E+002, 1.810320000000000E-011
 1.912510000000000E+000, 2.499890000000000E+005, 4.552830000000000E+002, 6.443890000000000E+002, 2.800090000000000E+002,-1.649050000000000E-011
 1.726360000000000E+000, 2.330150000000000E+005, 4.701290000000000E+002, 3.536970000000000E+002, 2.382480000000000E+002,-9.920000000000000E-013
 1.224810000000000E+000, 3.516460000000000E+004, 1.000000000000000E+002, 1.002350000000000E+003,-2.920280000000000E-011,-1.247900000000000E-014
 1.224810000000000E+000, 3.516460000000000E+004, 1.000000000000000E+002, 1.002350000000000E+003,-4.015880000000000E-010, 2.557650000000000E-014
 1.224810000000000E+000, 3.516460000000000E+004, 1.000000000000000E+002, 1.002350000000000E+003,-4.545330000000000E-010,-2.669480000000000E-015
 1.224810000000000E+000, 3.516460000000000E+004, 1.000000000000000E+002, 1.002350000000000E+003,-9.864910000000001E-010,-4.770530000000000E-014
 1.224810000000000E+000, 3.516460000000000E+004, 1.000000000000000E+002, 1.002350000000000E+003, 4.279880000000000E-010,-2.340430000000000E-014
 1.224810000000000E+000, 3.516460000000000E+004, 1.000000000000000E+002, 1.002350000000000E+003, 4.353780000000000E-008,-4.778610000000000E-015
 1.224810000000000E+000, 3.516460000000000E+004, 1.000000000000000E+002, 1.002350000000000E+003, 3.736790000000000E-006, 2.627030000000000E-015
 1.224810000000000E+000, 3.516460000000000E+004, 1.000000000000000E+002, 1.002350000000000E+003, 1.258690000000000E-004, 6.975850000000000E-015
 1.224880000000000E+000, 3.516900000000000E+004, 1.000070000000000E+002, 1.002350000000000E+003, 1.927780000000000E-002, 7.086130000000001E-014
 1.221330000000000E+000, 3.489880000000000E+004, 9.952679999999999E+001, 1.002620000000000E+003,-7.847110000000000E-001, 5.203560000000000E-014
 1.375230000000000E+000, 4.743230000000000E+004, 1.201330000000000E+002, 9.806390000000000E+002, 2.991580000000000E+001, 1.384260000000000E-011
 3.136130000000000E+000, 2.192180000000000E+005, 2.434700000000000E+002, 8.052080000000000E+002, 2.625930000000000E+002, 4.908120000000000E-011
 3.984240000000000E+000, 3.603850000000000E+005, 3.150540000000000E+002, 6.940660000000000E+002, 3.812540000000000E+002, 3.071420000000000E-011
 3.977870000000000E+000, 3.878840000000000E+005, 3.396380000000000E+002, 6.558570000000000E+002, 3.952480000000000E+002, 7.592130000000000E-011
 3.358420000000000E+000, 3.323570000000000E+005, 3.446940000000000E+002, 6.603900000000000E+002, 3.653660000000000E+002, 1.690610000000000E-010
 2.868790000000000E+000, 2.928370000000000E+005, 3.555420000000000E+002, 6.835940000000001E+002, 3.325770000000000E+002,-8.927890000000000E-011
 2.462930000000000E+000, 2.643760000000000E+005, 3.738810000000000E+002, 6.932380000000001E+002, 3.411020000000000E+002,-6.365780000000000E-011
 2.084480000000000E+000, 2.352280000000000E+005, 3.930560000000000E+002, 7.260970000000000E+002, 3.193770000000000E+002,-3.107880000000000E-011
 1.721980000000000E+000, 2.025130000000000E+005, 4.096270000000000E+002, 7.106310000000000E+002, 3.268750000000000E+002, 2.719380000000000E-011
 1.468600000000000E+000, 1.796710000000000E+005, 4.261260000000000E+002, 6.737080000000000E+002, 2.244470000000000E+002,-2.225440000000000E-011
 1.245700000000000E+000, 1.542080000000000E+005, 4.311790000000000E+002, 3.194420000000000E+002, 2.019570000000000E+002,-4.052150000000000E-014
 1.224810000000000E+000, 3.516460000000000E+004, 1.000000000000000E+002, 1.002350000000000E+003,-2.068510000000000E-010, 1.399940000000000E-015
 1.224810000000000E+000, 3.516460000000000E+004, 1.000000000000000E+002, 1.002350000000000E+003,-5.137390000000000E-010,-4.607980000000000E-014
 1.224810000000000E+000, 3.516460000000000E+004, 1.000000000000000E+002, 1.002350000000000E+003,-5.868150000000000E-010, 3.964530000000000E-014
 1.224810000000000E+000, 3.516460000000000E+004, 1.000000000000000E+002, 1.002350000000000E+003,-8.252990000000000E-010, 4.146220000000000E-015
 1.224810000000000E+000, 3.516460000000000E+004, 1.000000000000000E+002, 1.002350000000000E+003,-3.177500000000000E-008,-1.212330000000000E-014
 1.224810000000000E+000, 3.516460000000000E+004, 1.000000000000000E+002, 1.002350000000000E+003,-3.265280000000000E-006,-4.680300000000000E-015
 1.224810000000000E+000, 3.516460000000000E+004, 1.000000000000000E+002, 1.002350000000000E+003,-1.442290000000000E-004, 3.757370000000000E-015
 1.224800000000000E+000, 3.516090000000000E+004, 9.999060000000000E+001, 1.002350000000000E+003,-1.235300000000000E-002,-9.809520000000000E-014
 1.220290000000000E+000, 3.488020000000000E+004, 9.955889999999999E+001, 1.002650000000000E+003,-9.845840000000000E-001,-5.164930000000000E-012
 1.339180000000000E+000, 4.410100000000000E+004, 1.147020000000000E+002, 9.918800000000000E+002, 2.109990000000000E+001, 1.677620000000000E-012
 2.847320000000000E+000, 1.833860000000000E+005, 2.243340000000000E+002, 8.532720000000000E+002, 2.355840000000000E+002,-2.600350000000000E-011
 3.791440000000000E+000, 3.166160000000000E+005, 2.908660000000000E+002, 7.475830000000000E+002, 3.560330000000000E+002,-1.423820000000000E-011
 3.821890000000000E+000, 3.442970000000000E+005, 3.137760000000000E+002, 7.033400000000000E+002, 3.837700000000000E+002,-3.632410000000000E-011
 3.276130000000000E+000, 3.039560000000000E+005, 3.231570000000000E+002, 7.011580000000000E+002, 3.601090000000000E+002,-1.507620000000000E-010
 2.661760000000000E+000, 2.501730000000000E+005, 3.273680000000000E+002, 7.195190000000000E+002, 3.277480000000000E+002,-2.687450000000000E-010
 2.263600000000000E+000, 2.227260000000000E+005, 3.427160000000000E+002, 7.435340000000000E+002, 3.118010000000000E+002, 1.966840000000000E-010
 1.869320000000000E+000, 1.920140000000000E+005, 3.577780000000000E+002, 7.656470000000000E+002, 3.165090000000000E+002, 4.426770000000000E-011
 1.552040000000000E+000, 1.651460000000000E+005, 3.706200000000000E+002, 8.050490000000000E+002, 2.770740000000000E+002, 3.583980000000000E-011
 1.285820000000000E+000, 1.409880000000000E+005, 3.819120000000000E+002, 7.703560000000000E+002, 2.695980000000000E+002,-1.195240000000000E-011
 1.107450000000000E+000, 1.258300000000000E+005, 3.957530000000000E+002, 6.844410000000000E+002, 1.488810000000000E+002, 1.122960000000000E-012
 9.880679999999999E-001, 1.159830000000000E+005, 4.088560000000000E+002, 3.169410000000000E+002, 1.269930000000000E+002,-1.263880000000000E-013
 1.224810000000000E+000, 3.516460000000000E+004, 1.000000000000000E+002, 1.002350000000000E+003,-3.814830000000000E-010, 2.758210000000000E-014
 1.224810000000000E+000, 3.516460000000000E+004, 1.000000000000000E+002, 1.002350000000000E+003,-3.334080000000000E-010, 3.143370000000000E-014
 1.224810000000000E+000, 3.516460000000000E+004, 1.000000000000000E+002, 1.002350000000000E+003,-3.024330000000000E-010,-2.038540000000000E-014
 1.224810000000000E+000, 3.516460000000000E+004, 1.000000000000000E+002, 1.002350000000000E+003,-3.216660000000000E-010,-1.221760000000000E-014
 1.224810000000000E+000, 3.516460000000000E+004, 1.000000000000000E+002, 1.002350000000000E+003,-3.812140000000000E-010,-4.984440000000000E-015
 1.224810000000000E+000, 3.516460000000000E+004, 1.000000000000000E+002, 1.002350000000000E+003,-4.031940000000000E-010, 1.187900000000000E-014
 1.224810000000000E+000, 3.516460000000000E+004, 1.000000000000000E+002, 1.002350000000000E+003,-3.834870000000000E-010,-2.297850000000000E-014
 1.224810000000000E+000, 3.516460000000000E+004, 1.000000000000000E+002, 1.002350000000000E+003,-3.607820000000000E-010,-6.964060000000000E-015
 1.224810000000000E+000, 3.516460000000000E+004, 1.000000000000000E+002, 1.002350000000000E+003,-3.631480000000000E-010,-1.605280000000000E-015
 1.224810000000000E+000, 3.516460000000000E+004, 1.000000000000000E+002, 1.002350000000000E+003,-3.700780000000000E-010, 3.533850000000000E-015
 1.224810000000000E+000, 3.516460000000000E+004, 1.000000000000000E+002, 1.002350000000000E+003,-3.729230000000000E-010, 1.875450000000000E-014
 1.224810000000000E+000, 3.516460000000000E+004, 1.000000000000000E+002, 1.002350000000000E+003,-3.701310000000000E-010, 2.797820000000000E-014
 1.224810000000000E+000, 3.516460000000000E+004, 1.000000000000000E+002, 1.002350000000000E+003,-3.748580000000000E-010, 1.321690000000000E-014
 1.224810000000000E+000, 3.516460000000000E+004, 1.000000000000000E+002, 1.002350000000000E+003,-3.687110000000000E-010,-1.235470000000000E-014
 1.224810000000000E+000, 3.516460000000000E+004, 1.000000000000000E+002, 1.002350000000000E+003,-3.572350000000000E-010, 4.495700000000000E-014
 1.224810000000000E+000, 3.516460000000000E+004, 1.000000000000000E+002, 1.002350000000000E+003,-3.555000000000000E-010, 1.121780000000000E-015
 1.224810000000000E+000, 3.516460000000000E+004, 1.000000000000000E+002, 1.002350000000000E+003,-3.628540000000000E-010, 1.091780000000000E-014
 1.224810000000000E+000, 3.516460000000000E+004, 1.000000000000000E+002, 1.002350000000000E+003,-3.644370000000000E-010,-2.943690000000000E-014
 1.224810000000000E+000, 3.516460000000000E+004, 1.000000000000000E+002, 1.002350000000000E+003,-3.626690000000000E-010,-1.130210000000000E-014
 1.224810000000000E+000, 3.516460000000000E+004, 1.000000000000000E+002, 1.002350000000000E+003,-3.708180000000000E-010, 9.186430000000000E-015
 1.224810000000000E+000, 3.516460000000000E+004, 1.000000000000000E+002, 1.002350000000000E+003,-3.751300000000000E-010, 1.704500000000000E-014
 1.224810000000000E+000, 3.516460000000000E+004, 1.000000000000000E+002, 1.002350000000000E+003,-3.858900000000000E-010, 1.157700000000000E-014
 1.224810000000000E+000, 3.516460000000000E+004, 1.000000000000000E+002, 1.002350000000000E+003,-3.931720000000000E-010, 9.817370000000000E-015
 1.224810000000000E+000, 3.516460000000000E+004, 1.000000000000000E+002, 1.002350000000000E+003,-4.072150000000000E-010, 3.789090000000000E-015
 1.224810000000000E+000, 3.516460000000000E+004, 1.000000000000000E+002, 1.002350000000000E+003,-4.168120000000000E-010,-2.570010000000000E-015
 1.224810000000000E+000, 3.516460000000000E+004, 1.000000000000000E+002, 1.002350000000000E+003,-4.262570000000000E-010, 1.254470000000000E-015
 1.224810000000000E+000, 3.516460000000000E+004, 1.000000000000000E+002, 1.002350000000000E+003,-4.285710000000000E-010, 8.647210000000000E-015
 1.224810000000000E+000, 3.516460000000000E+004, 1.000000000000000E+002, 1.002350000000000E+003,-4.330470000000000E-010,-1.650140000000000E-015
 1.224810000000000E+000, 3.516460000000000E+004, 1.000000000000000E+002, 1.002350000000000E+003,-4.395470000000000E-010,-4.470070000000000E-015
 1.224810000000000E+000, 3.516460000000000E+004, 1.000000000000000E+002, 1.002350000000000E+003,-4.477510000000000E-010,-1.972730000000000E-015
 1.224810000000000E+000, 3.516460000000000E+004, 1.000000000000000E+002, 1.002350000000000E+003,-4.590760000000000E-010,-1.026360000000000E-014
 1.224810000000000E+000, 3.516460000000000E+004, 1.000000000000000E+002, 1.002350000000000E+003,-4.678710000000000E-010,-1.261440000000000E-014
 1.224810000000000E+000, 3.516460000000000E+004, 1.000000000000000E+002, 1.002350000000000E+003,-4.760420000000000E-010,-9.312379999999999E-015
 1.224810000000000E+000, 3.516460000000000E+004, 1.000000000000000E+002, 1.002350000000000E+003,-4.848140000000000E-010,-2.609330000000000E-015
 1.224810000000000E+000, 3.516460000000000E+004, 1.000000000000000E+002, 1.002350000000000E+003,-4.941210000000000E-010,-2.763660000000000E-015
 1.224810000000000E+000, 3.516460000000000E+004, 1.000000000000000E+002, 1.002350000000000E+003,-5.029370000000000E-010,-8.761920000000001E-018
 1.224810000000000E+000, 3.516460000000000E+004, 1.000000000000000E+002, 1.002350000000000E+003,-5.123650000000000E-010,-3.360590000000000E-015
 1.224810000000000E+000, 3.516460000000000E+004, 1.000000000000000E+002, 1.002350000000000E+003,-5.196230000000000E-010,-5.577110000000000E-015
 1.224810000000000E+000, 3.516460000000000E+004, 1.000000000000000E+002, 1.002350000000000E+003,-5.233610000000001E-010,-5.895940000000000E-015
 1.224810000000000E+000, 3.516460000000000E+004, 1.000000000000000E+002, 1.002350000000000E+003,-5.265870000000000E-010,-8.516179999999999E-015
 1.224810000000000E+000, 3.516460000000000E+004, 1.000000000000000E+002, 1.002350000000000E+003,-5.232920000000000E-010,-5.389510000000000E-015
 1.224810000000000E+000, 3.516460000000000E+004, 1.000000000000000E+002, 1.002350000000000E+003,-5.126590000000000E-010,-2.523960000000000E-015
 1.224810000000000E+000, 3.516460000000000E+004, 1.000000000000000E+002, 1.002350000000000E+003,-5.035450000000000E-010,-2.994710000000000E-015
 1.224810000000000E+000, 3.516460000000000E+004, 1.000000000000000E+002, 1.002350000000000E+003,-5.022890000000000E-010, 3.340380000000000E-016
 1.224810000000000E+000, 3.516460000000000E+004, 1.000000000000000E+002, 1.002350000000000E+003,-5.082810000000000E-010, 6.362390000000000E-016
 1.224810000000000E+000, 3.516460000000000E+004, 1.000000000000000E+002, 1.002350000000000E+003,-5.160520000000000E-010,-5.044010000000000E-016
 1.224810000000000E+000, 3.516460000000000E+004, 1.000000000000000E+002, 1.002350000000000E+003,-5.238800000000000E-010, 1.988680000000000E-015
 1.224810000000000E+000, 3.516460000000000E+004, 1.000000000000000E+002, 1.002350000000000E+003,-5.239970000000000E-010, 4.066620000000000E-016
 1.224810000000000E+000, 3.516460000000000E+004, 1.000000000000000E+002, 1.002350000000000E+003,-5.263990000000000E-010, 4.608120000000000E-015
 1.224810000000000E+000, 3.516460000000000E+004, 1.000000000000000E+002, 1.002350000000000E+003,-5.298650000000000E-010, 5.579840000000000E-015
 1.224810000000000E+000, 3.516460000000000E+004, 1.000000000000000E+002, 1.002350000000000E+003,-5.296810000000000E-010, 6.879840000000000E-015
 1.224810000000000E+000, 3.516460000000000E+004, 1.000000000000000E+002, 1.002350000000000E+003,-5.289860000000000E-010, 7.294720000000000E-015
 1.224810000000000E+000, 3.516460000000000E+004, 1.000000000000000E+002, 1.002350000000000E+003,-5.309010000000000E-010, 7.600730000000000E-015
 1.224810000000000E+000, 3.516460000000000E+004, 1.000000000000000E+002, 1.002350000000000E+003,-5.358640000000000E-010, 6.536250000000000E-015
 1.224810000000000E+000, 3.516460000000000E+004, 1.000000000000000E+002, 1.002350000000000E+003,-5.424860000000000E-010, 1.326910000000000E-015
 1.224810000000000E+000, 3.516460000000000E+004, 1.000000000000000E+002, 1.002350000000000E+003,-5.451030000000000E-010, 4.895840000000000E-016
 1.224810000000000E+000, 3.516460000000000E+004, 1.000000000000000E+002, 1.002350000000000E+003,-5.439960000000001E-010,-4.661700000000000E-015
 1.224810000000000E+000, 3.516460000000000E+004, 1.000000000000000E+002, 1.002350000000000E+003,-5.418340000000000E-010,-7.444380000000000E-015
 1.224810000000000E+000, 3.516460000000000E+004, 1.000000000000000E+002, 1.002350000000000E+003,-5.388430000000000E-010,-9.537570000000000E-015
 1.224810000000000E+000, 3.516460000000000E+004, 1.000000000000000E+002, 1.002350000000000E+003,-5.368880000000000E-010,-8.027800000000000E-015
 1.224810000000000E+000, 3.516460000000000E+004, 1.000000000000000E+002, 1.002350000000000E+003,-5.333240000000000E-010,-6.219360000000000E-015
 1.224810000000000E+000, 3.516460000000000E+004, 1.000000000000000E+002, 1.002350000000000E+003,-5.294050000000000E-010,-7.709369999999999E-015
 1.224810000000000E+000, 3.516460000000000E+004, 1.000000000000000E+002, 1.002350000000000E+003,-5.269040000000000E-010,-7.787480000000000E-015
 1.224810000000000E+000, 3.516460000000000E+004, 1.000000000000000E+002, 1.002350000000000E+003,-5.283760000000000E-010,-6.521650000000000E-015
 1.224810000000000E+000, 3.516460000000000E+004, 1.000000000000000E+002, 1.002350000000000E+003,-5.286190000000000E-010,-4.315490000000000E-015
 1.224810000000000E+000, 3.516460000000000E+004, 1.000000000000000E+002, 1.002350000000000E+003,-5.271680000000000E-010,-4.737410000000000E-015
 1.224810000000000E+000, 3.516460000000000E+004, 1.000000000000000E+002, 1.002350000000000E+003,-5.290570000000000E-010,-5.291230000000000E-015
 1.224810000000000E+000, 3.516460000000000E+004, 1.000000000000000E+002, 1.002350000000000E+003,-5.324520000000000E-010,-1.920640000000000E-015
 1.224810000000000E+000, 3.516460000000000E+004, 1.000000000000000E+002, 1.002350000000000E+003,-5.341100000000000E-010, 7.459640000000000E-016
 1.224810000000000E+000, 3.516460000000000E+004, 1.000000000000000E+002, 1.002350000000000E+003,-5.326970000000000E-010, 5.065760000000000E-015
 1.224810000000000E+000, 3.516460000000000E+004, 1.000000000000000E+002, 1.002350000000000E+003,-5.292670000000001E-010, 6.076680000000000E-015
 1.224810000000000E+000, 3.516460000000000E+004, 1.000000000000000E+002, 1.002350000000000E+003,-5.240110000000000E-010, 6.454280000000000E-015
 1.224810000000000E+000, 3.516460000000000E+004, 1.000000000000000E+002, 1.002350000000000E+003,-5.209540000000000E-010, 7.571980000000000E-015
 1.224810000000000E+000, 3.516460000000000E+004, 1.000000000000000E+002, 1.002350000000000E+003,-5.169330000000000E-010, 6.524080000000000E-015
 1.224810000000000E+000, 3.516460000000000E+004, 1.000000000000000E+002, 1.002350000000000E+003,-5.125540000000000E-010, 4.921050000000000E-015
 1.224810000000000E+000, 3.516460000000000E+004, 1.000000000000000E+002, 1.002350000000000E+003,-5.079280000000000E-010, 4.042300000000000E-015
 1.224810000000000E+000, 3.516460000000000E+004, 1.000000000000000E+002, 1.002350000000000E+003,-5.046130000000000E-010, 3.054110000000000E-015
 1.224810000000000E+000, 3.516460000000000E+004, 1.000000000000000E+002, 1.002350000000000E+003,-5.015240000000000E-010, 3.298920000000000E-015
 1.224810000000000E+000, 3.516460000000000E+004, 1.000000000000000E+002, 1.002350000000000E+003,-4.976320000000000E-010, 3.898720000000000E-015
 1.224810000000000E+000, 3.516460000000000E+004, 1.000000000000000E+002, 1.002350000000000E+003,-4.922290000000000E-010, 2.573200000000000E-015
 1.224810000000000E+000, 3.516460000000000E+004, 1.000000000000000E+002, 1.002350000000000E+003,-4.865040000000000E-010, 2.869470000000000E-015
 1.224810000000000E+000, 3.516460000000000E+004, 1.000000000000000E+002, 1.002350000000000E+003,-4.811470000000000E-010, 2.283800000000000E-015
 1.224810000000000E+000, 3.516460000000000E+004, 1.000000000000000E+002, 1.002350000000000E+003,-4.778100000000000E-010, 1.995330000000000E-015
 1.224810000000000E+000, 3.516460000000000E+004, 1.000000000000000E+002, 1.002350000000000E+003,-4.760850000000000E-010, 1.579390000000000E-015
 1.224810000000000E+000, 3.516460000000000E+004, 1.000000000000000E+002, 1.002350000000000E+003,-4.751580000000000E-010, 4.220230000000000E-016
 1.224810000000000E+000, 3.516460000000000E+004, 1.000000000000000E+002, 1.002350000000000E+003,-4.729810000000000E-010, 4.437710000000000E-016
 1.224810000000000E+000, 3.516460000000000E+004, 1.000000000000000E+002, 1.002350000000000E+003,-4.665050000000000E-010, 3.712430000000000E-016
 1.224810000000000E+000, 3.516460000000000E+004, 1.000000000000000E+002, 1.002350000000000E+003,-4.560030000000000E-010,-9.255559999999999E-016
 1.224810000000000E+000, 3.516460000000000E+004, 1.000000000000000E+002, 1.002350000000000E+003,-4.436090000000000E-010,-9.024660000000000E-016
 1.224810000000000E+000, 3.516460000000000E+004, 1.000000000000000E+002, 1.002350000000000E+003,-4.401920000000000E-010,-1.242190000000000E-015
 1.224810000000000E+000, 3.516460000000000E+004, 1.000000000000000E+002, 1.002350000000000E+003,-4.375950000000000E-010,-5.639940000000000E-016
 1.224810000000000E+000, 3.516460000000000E+004, 1.000000000000000E+002, 1.002350000000000E+003,-4.348680000000000E-010, 7.894550000000000E-017
 1.224810000000000E+000, 3.516460000000000E+004, 1.000000000000000E+002, 1.002350000000000E+003,-4.319140000000000E-010,-7.918180000000000E-016
 1.224810000000000E+000, 3.516460000000000E+004, 1.000000000000000E+002, 1.002350000000000E+003,-4.302850000000000E-010,-4.599680000000000E-016
 1.224810000000000E+000, 3.516460000000000E+004, 1.000000000000000E+002, 1.002350000000000E+003,-4.262770000000000E-010, 1.664850000000000E-017
 1.224810000000000E+000, 3.516460000000000E+004, 1.000000000000000E+002, 1.002350000000000E+003,-4.229890000000000E-010,-8.169750000000000E-016
 1.224810000000000E+000, 3.516460000000000E+004, 1.000000000000000E+002, 1.002350000000000E+003, 1.021520000000000E-007,-8.183160000000000E-017
 1.224810000000000E+000, 3.516460000000000E+004, 1.000000000000000E+002, 1.002350000000000E+003,-3.919610000000000E-006, 4.158260000000000E-016
 1.224810000000000E+000, 3.516460000000000E+004, 1.000000000000000E+002, 1.002350000000000E+003, 1.199060000000000E-004, 2.155890000000000E-018
 1.224810000000000E+000, 3.516460000000000E+004, 1.000000000000000E+002, 1.002350000000000E+003,-4.743160000000000E-010,-2.411240000000000E-014
 1.224810000000000E+000, 3.516460000000000E+004, 1.000000000000000E+002, 1.002350000000000E+003,-1.137800000000000E-009, 3.972750000000000E-014
 1.224810000000000E+000, 3.516460000000000E+004, 1.000000000000000E+002, 1.002350000000000E+003,-1.316570000000000E-009, 2.987190000000000E-014
 1.224810000000000E+000, 3.516460000000000E+004, 1.000000000000000E+002, 1.002350000000000E+003,-1.409630000000000E-009,-6.646830000000000E-015
 1.224810000000000E+000, 3.516460000000000E+004, 1.000000000000000E+002, 1.002350000000000E+003,-1.463720000000000E-009,-7.114190000000001E-015
 1.224810000000000E+000, 3.516460000000000E+004, 1.000000000000000E+002, 1.002350000000000E+003,-1.192380000000000E-009,-2.238680000000000E-014
 1.224810000000000E+000, 3.516460000000000E+004, 1.000000000000000E+002, 1.002350000000000E+003,-1.186570000000000E-009, 1.383370000000000E-014
 1.224810000000000E+000, 3.516460000000000E+004, 1.000000000000000E+002, 1.002350000000000E+003,-1.264540000000000E-009, 8.263850000000000E-015
 1.224810000000000E+000, 3.516460000000000E+004, 1.000000000000000E+002, 1.002350000000000E+003,-1.260000000000000E-009,-2.564370000000000E-014
 1.224810000000000E+000, 3.516460000000000E+004, 1.000000000000000E+002, 1.002350000000000E+003,-1.243520000000000E-009,-4.914550000000000E-014
 1.224810000000000E+000, 3.516460000000000E+004, 1.000000000000000E+002, 1.002350000000000E+003,-1.251870000000000E-009,-6.239050000000000E-014
 1.224810000000000E+000, 3.516460000000000E+004, 1.000000000000000E+002, 1.002350000000000E+003,-1.263700000000000E-009,-6.483549999999999E-014
 1.224810000000000E+000, 3.516460000000000E+004, 1.000000000000000E+002, 1.002350000000000E+003,-1.276060000000000E-009,-2.579230000000000E-014
 1.224810000000000E+000, 3.516460000000000E+004, 1.000000000000000E+002, 1.002350000000000E+003,-1.303490000000000E-009,-1.601460000000000E-014
 1.224810000000000E+000, 3.516460000000000E+004, 1.000000000000000E+002, 1.002350000000000E+003,-1.332240000000000E-009,-3.393760000000000E-014
 1.224810000000000E+000, 3.516460000000000E+004, 1.000000000000000E+002, 1.002350000000000E+003,-1.335830000000000E-009,-4.500430000000000E-015
 1.224810000000000E+000, 3.516460000000000E+004, 1.000000000000000E+002, 1.002350000000000E+003,-1.333440000000000E-009,-1.312770000000000E-014
 1.224810000000000E+000, 3.516460000000000E+004, 1.000000000000000E+002, 1.002350000000000E+003,-1.340380000000000E-009, 2.719590000000000E-014
 1.224810000000000E+000, 3.516460000000000E+004, 1.000000000000000E+002, 1.002350000000000E+003,-1.359500000000000E-009,-7.066690000000000E-015
 1.224810000000000E+000, 3.516460000000000E+004, 1.000000000000000E+002, 1.002350000000000E+003,-1.341210000000000E-009,-2.613920000000000E-014
 1.224810000000000E+000, 3.516460000000000E+004, 1.000000000000000E+002, 1.002350000000000E+003,-1.340800000000000E-009,-3.000290000000000E-014
 1.224810000000000E+000, 3.516460000000000E+004, 1.000000000000000E+002, 1.002350000000000E+003,-1.329510000000000E-009,-1.799920000000000E-014
 1.224810000000000E+000, 3.516460000000000E+004, 1.000000000000000E+002, 1.002350000000000E+003,-1.292980000000000E-009,-2.894900000000000E-015
 1.224810000000000E+000, 3.516460000000000E+004, 1.000000000000000E+002, 1.002350000000000E+003,-1.269570000000000E-009, 7.683630000000000E-015
 1.224810000000000E+000, 3.516460000000000E+004, 1.000000000000000E+002, 1.002350000000000E+003,-1.282940000000000E-009, 1.901220000000000E-014
 1.224810000000000E+000, 3.516460000000000E+004, 1.000000000000000E+002, 1.002350000000000E+003,-1.273820000000000E-009, 2.197130000000000E-014
 1.224810000000000E+000, 3.516460000000000E+004, 1.000000000000000E+002, 1.002350000000000E+003,-1.255020000000000E-009,-4.346820000000000E-015
 1.224810000000000E+000, 3.516460000000000E+004, 1.000000000000000E+002, 1.002350000000000E+003,-1.256020000000000E-009, 1.877290000000000E-014
 1.224810000000000E+000, 3.516460000000000E+004, 1.000000000000000E+002, 1.002350000000000E+003,-1.250120000000000E-009, 1.476000000000000E-014
 1.224810000000000E+000, 3.516460000000000E+004, 1.000000000000000E+002, 1.002350000000000E+003,-1.229400000000000E-009,-5.866250000000000E-015
 1.224810000000000E+000, 3.516460000000000E+004, 1.000000000000000E+002, 1.002350000000000E+003,-1.203060000000000E-009, 2.476220000000000E-014
 1.224810000000000E+000, 3.516460000000000E+004, 1.000000000000000E+002, 1.002350000000000E+003,-1.189160000000000E-009, 1.683440000000000E-014
 1.224810000000000E+000, 3.516460000000000E+004, 1.000000000000000E+002, 1.002350000000000E+003,-1.182690000000000E-009, 1.976680000000000E-014
 1.224810000000000E+000, 3.516460000000000E+004, 1.000000000000000E+002, 1.002350000000000E+003,-1.167570000000000E-009,-6.472810000000000E-015
 1.224810000000000E+000, 3.516460000000000E+004, 1.000000000000000E+002, 1.002350000000000E+003,-1.151170000000000E-009, 1.733380000000000E-015
 1.224810000000000E+000, 3.516460000000000E+004, 1.000000000000000E+002, 1.002350000000000E+003,-1.124060000000000E-009,-4.983920000000000E-015
 1.224810000000000E+000, 3.516460000000000E+004, 1.000000000000000E+002, 1.002350000000000E+003,-1.098120000000000E-009, 9.492090000000000E-015
 1.224810000000000E+000, 3.516460000000000E+004, 1.000000000000000E+002, 1.002350000000000E+003,-1.083990000000000E-009,-1.651020000000000E-015
 1.224810000000000E+000, 3.516460000000000E+004, 1.000000000000000E+002, 1.002350000000000E+003,-1.070120000000000E-009, 1.421540000000000E-014
 1.224810000000000E+000, 3.516460000000000E+004, 1.000000000000000E+002, 1.002350000000000E+003,-1.043990000000000E-009, 3.136020000000000E-015
 1.224810000000000E+000, 3.516460000000000E+004, 1.000000000000000E+002, 1.002350000000000E+003,-1.032290000000000E-009,-2.500580000000000E-016
 1.224810000000000E+000, 3.516460000000000E+004, 1.000000000000000E+002, 1.002350000000000E+003,-1.038990000000000E-009, 3.540640000000000E-015
 1.224810000000000E+000, 3.516460000000000E+004, 1.000000000000000E+002, 1.002350000000000E+003,-1.035400000000000E-009, 1.101890000000000E-014
 1.224810000000000E+000, 3.516460000000000E+004, 1.000000000000000E+002, 1.002350000000000E+003,-1.011360000000000E-009, 3.968300000000000E-015
 1.224810000000000E+000, 3.516460000000000E+004, 1.000000000000000E+002, 1.002350000000000E+003,-9.758900000000000E-010, 3.494130000000000E-015
 1.224810000000000E+000, 3.516460000000000E+004, 1.000000000000000E+002, 1.002350000000000E+003,-9.430850000000000E-010, 7.255860000000000E-015
 1.224810000000000E+000, 3.516460000000000E+004, 1.000000000000000E+002, 1.002350000000000E+003,-9.125370000000000E-010,-1.075010000000000E-014
 1.224810000000000E+000, 3.516460000000000E+004, 1.000000000000000E+002, 1.002350000000000E+003,-8.956340000000000E-010,-5.058300000000000E-015
 1.224810000000000E+000, 3.516460000000000E+004, 1.000000000000000E+002, 1.002350000000000E+003,-8.811540000000000E-010,-7.561940000000001E-015
 1.224810000000000E+000, 3.516460000000000E+004, 1.000000000000000E+002, 1.002350000000000E+003,-8.504710000000000E-010,-9.376440000000001E-015
 1.224810000000000E+000, 3.516460000000000E+004, 1.000000000000000E+002, 1.002350000000000E+003,-8.422220000000000E-010,-1.213730000000000E-014
 1.224810000000000E+000, 3.516460000000000E+004, 1.000000000000000E+002, 1.002350000000000E+003,-8.298930000000000E-010,-2.044640000000000E-014
 1.224810000000000E+000, 3.516460000000000E+004, 1.000000000000000E+002, 1.002350000000000E+003,-8.068390000000000E-010,-1.683680000000000E-014
 1.224810000000000E+000, 3.516460000000000E+004, 1.000000000000000E+002, 1.002350000000000E+003,-7.784410000000000E-010,-9.554880000000000E-015
 1.224810000000000E+000, 3.516460000000000E+004, 1.000000000000000E+002, 1.002350000000000E+003,-7.528680000000000E-010, 1.685570000000000E-014
 1.224810000000000E+000, 3.516460000000000E+004, 1.000000000000000E+002, 1.002350000000000E+003,-7.454930000000000E-010,-3.307010000000000E-015
 1.224810000000000E+000, 3.516460000000000E+004, 1.000000000000000E+002, 1.002350000000000E+003,-7.439770000000000E-010, 1.561110000000000E-014
 1.224810000000000E+000, 3.516460000000000E+004, 1.000000000000000E+002, 1.002350000000000E+003,-7.368809999999999E-010, 5.348640000000000E-015
 1.224810000000000E+000, 3.516460000000000E+004, 1.000000000000000E+002, 1.002350000000000E+003,-7.296890000000000E-010, 2.293590000000000E-014
 1.224810000000000E+000, 3.516460000000000E+004, 1.000000000000000E+002, 1.002350000000000E+003,-7.062440000000000E-010, 1.261660000000000E-014
 1.224810000000000E+000, 3.516460000000000E+004, 1.000000000000000E+002, 1.002350000000000E+003,-6.942100000000000E-010, 9.380039999999999E-015
 1.224810000000000E+000, 3.516460000000000E+004, 1.000000000000000E+002, 1.002350000000000E+003,-6.757750000000000E-010, 1.008470000000000E-014
 1.224810000000000E+000, 3.516460000000000E+004, 1.000000000000000E+002, 1.002350000000000E+003,-6.515080000000000E-010, 1.024550000000000E-014
 1.224810000000000E+000, 3.516460000000000E+004, 1.000000000000000E+002, 1.002350000000000E+003,-6.331200000000000E-010, 4.273610000000000E-015
 1.224810000000000E+000, 3.516460000000000E+004, 1.000000000000000E+002, 1.002350000000000E+003,-6.158840000000000E-010, 7.844460000000000E-015
 1.224810000000000E+000, 3.516460000000000E+004, 1.000000000000000E+002, 1.002350000000000E+003,-6.102850000000000E-010,-3.220240000000000E-016
 1.224810000000000E+000, 3.516460000000000E+004, 1.000000000000000E+002, 1.002350000000000E+003,-5.931450000000000E-010, 7.790279999999999E-015
 1.224810000000000E+000, 3.516460000000000E+004, 1.000000000000000E+002, 1.002350000000000E+003,-5.650690000000000E-010,-3.304770000000000E-015
 1.224810000000000E+000, 3.516460000000000E+004, 1.000000000000000E+002, 1.002350000000000E+003,-5.359370000000000E-010,-1.857530000000000E-015
 1.224810000000000E+000, 3.516460000000000E+004, 1.000000000000000E+002, 1.002350000000000E+003,-5.232420000000000E-010,-1.002190000000000E-014
 1.224810000000000E+000, 3.516460000000000E+004, 1.000000000000000E+002, 1.002350000000000E+003,-5.097810000000000E-010,-6.739400000000000E-015
 1.224810000000000E+000, 3.516460000000000E+004, 1.000000000000000E+002, 1.002350000000000E+003,-5.057680000000000E-010,-8.675920000000000E-015
 1.224810000000000E+000, 3.516460000000000E+004, 1.000000000000000E+002, 1.002350000000000E+003,-5.002530000000000E-010,-7.150210000000000E-015
 1.224810000000000E+000, 3.516460000000000E+004, 1.000000000000000E+002, 1.002350000000000E+003,-4.951600000000000E-010,-1.136740000000000E-014
 1.224810000000000E+000, 3.516460000000000E+004, 1.000000000000000E+002, 1.002350000000000E+003,-4.832600000000000E-010,-6.079460000000000E-015
 1.224810000000000E+000, 3.516460000000000E+004, 1.000000000000000E+002, 1.002350000000000E+003,-4.683540000000000E-010,-8.564210000000000E-016
 1.224810000000000E+000, 3.516460000000000E+004, 1.000000000000000E+002, 1.002350000000000E+003,-4.490290000000000E-010, 9.658870000000000E-016
 1.224810000000000E+000, 3.516460000000000E+004, 1.000000000000000E+002, 1.002350000000000E+003,-4.353560000000000E-010,-9.883880000000000E-015
 1.224810000000000E+000, 3.516460000000000E+004, 1.000000000000000E+002, 1.002350000000000E+003,-4.275060000000000E-010,-5.532870000000000E-015
 1.224810000000000E+000, 3.516460000000000E+004, 1.000000000000000E+002, 1.002350000000000E+003,-4.254400000000000E-010,-2.092260000000000E-015
 1.224810000000000E+000, 3.516460000000000E+004, 1.000000000000000E+002, 1.002350000000000E+003,-4.226270000000000E-010,-4.727290000000000E-016
 1.224810000000000E+000, 3.516460000000000E+004, 1.000000000000000E+002, 1.002350000000000E+003,-4.186090000000000E-010,-1.615290000000000E-015
 1.224810000000000E+000, 3.516460000000000E+004, 1.000000000000000E+002, 1.002350000000000E+003,-4.145710000000000E-010,-3.699110000000000E-015
 1.224810000000000E+000, 3.516460000000000E+004, 1.000000000000000E+002, 1.002350000000000E+003,-4.060220000000000E-010,-2.149040000000000E-015
 1.224810000000000E+000, 3.516460000000000E+004, 1.000000000000000E+002, 1.002350000000000E+003,-3.885460000000000E-010,-1.523900000000000E-015
 1.224810000000000E+000, 3.516460000000000E+004, 1.000000000000000E+002, 1.002350000000000E+003,-3.739640000000000E-010, 3.616040000000000E-015
 1.224810000000000E+000, 3.516460000000000E+004, 1.000000000000000E+002, 1.002350000000000E+003,-3.668980000000000E-010,-4.605920000000000E-015
 1.224810000000000E+000, 3.516460000000000E+004, 1.000000000000000E+002, 1.002350000000000E+003,-3.642910000000000E-010,-6.417180000000000E-016
 1.224810000000000E+000, 3.516460000000000E+004, 1.000000000000000E+002, 1.002350000000000E+003,-3.613160000000000E-010,-2.664070000000000E-015
 1.224810000000000E+000, 3.516460000000000E+004, 1.000000000000000E+002, 1.002350000000000E+003,-3.576090000000000E-010,-8.772190000000000E-016
 1.224810000000000E+000, 3.516460000000000E+004, 1.000000000000000E+002, 1.002350000000000E+003,-3.462240000000000E-010, 1.474690000000000E-015
 1.224810000000000E+000, 3.516460000000000E+004, 1.000000000000000E+002, 1.002350000000000E+003,-3.310810000000000E-010,-2.302360000000000E-016
 1.224810000000000E+000, 3.516460000000000E+004, 1.000000000000000E+002, 1.002350000000000E+003,-3.218880000000000E-010, 3.995080000000000E-015
 1.224810000000000E+000, 3.516460000000000E+004, 1.000000000000000E+002, 1.002350000000000E+003,-3.088000000000000E-010, 4.183360000000000E-015
 1.224810000000000E+000, 3.516460000000000E+004, 1.000000000000000E+002, 1.002350000000000E+003,-2.972150000000000E-010, 3.209810000000000E-015
 1.224810000000000E+000, 3.516460000000000E+004, 1.000000000000000E+002, 1.002350000000000E+003,-8.245380000000000E-010, 1.164910000000000E-015
 1.224810000000000E+000, 3.516460000000000E+004, 1.000000000000000E+002, 1.002350000000000E+003, 2.404850000000000E-007, 2.767580000000000E-016
 1.224810000000000E+000, 3.516460000000000E+004, 1.000000000000000E+002, 1.002350000000000E+003,-7.566390000000000E-006,-3.146100000000000E-017
 1.224810000000000E+000, 3.516460000000000E+004, 1.000010000000000E+002, 1.002350000000000E+003, 2.304050000000000E-004, 6.617290000000000E-018
 1.224810000000000E+000, 3.516460000000000E+004, 1.000000000000000E+002, 1.002350000000000E+003,-9.766060000000000E-010,-1.268990000000000E-014
 1.224810000000000E+000, 3.516460000000000E+004, 1.000000000000000E+002, 1.002350000000000E+003, 4.294220000000000E-009,-8.544340000000000E-015
 1.224810000000000E+000, 3.516460000000000E+004, 1.000000000000000E+002, 1.002350000000000E+003, 9.773310000000000E-009, 1.418450000000000E-014
 1.224810000000000E+000, 3.516460000000000E+004, 1.000000000000000E+002, 1.002350000000000E+003, 1.220970000000000E-008,-5.479700000000000E-015
 1.224810000000000E+000, 3.516460000000000E+004, 1.000000000000000E+002, 1.002350000000000E+003, 4.813830000000000E-009, 1.684920000000000E-015
 1.224810000000000E+000, 3.516460000000000E+004, 1.000000000000000E+002, 1.002350000000000E+003,-8.586620000000000E-010, 1.465470000000000E-014
 1.224810000000000E+000, 3.516460000000000E+004, 1.000000000000000E+002, 1.002350000000000E+003,-2.276610000000000E-009, 1.441530000000000E-014
 1.224810000000000E+000, 3.516460000000000E+004, 1.000000000000000E+002, 1.002350000000000E+003,-2.138710000000000E-009, 2.216360000000000E-014
 1.224810000000000E+000, 3.516460000000000E+004, 1.000000000000000E+002, 1.002350000000000E+003,-2.071380000000000E-009, 1.746450000000000E-014
 1.224810000000000E+000, 3.516460000000000E+004, 1.000000000000000E+002, 1.002350000000000E+003,-2.063460000000000E-009, 1.482940000000000E-014
 1.224810000000000E+000, 3.516460000000000E+004, 1.000000000000000E+002, 1.002350000000000E+003,-2.021030000000000E-009, 2.882250000000000E-014
 1.224810000000000E+000, 3.516460000000000E+004, 1.000000000000000E+002, 1.002350000000000E+003,-1.963860000000000E-009, 3.005910000000000E-014
 1.224810000000000E+000, 3.516460000000000E+004, 1.000000000000000E+002, 1.002350000000000E+003,-1.933560000000000E-009,-9.862729999999999E-015
 1.224810000000000E+000, 3.516460000000000E+004, 1.000000000000000E+002, 1.002350000000000E+003,-1.896500000000000E-009, 2.550970000000000E-014
 1.224810000000000E+000, 3.516460000000000E+004, 1.000000000000000E+002, 1.002350000000000E+003,-1.856340000000000E-009,-9.128710000000000E-015
 1.224810000000000E+000, 3.516460000000000E+004, 1.000000000000000E+002, 1.002350000000000E+003,-1.829920000000000E-009,-3.011330000000000E-014
 1.224810000000000E+000, 3.516460000000000E+004, 1.000000000000000E+002, 1.002350000000000E+003,-1.797280000000000E-009, 1.147310000000000E-014
 1.224810000000000E+000, 3.516460000000000E+004, 1.000000000000000E+002, 1.002350000000000E+003,-1.737600000000000E-009,-1.392850000000000E-014
 1.224810000000000E+000, 3.516460000000000E+004, 1.000000000000000E+002, 1.002350000000000E+003,-1.683780000000000E-009, 3.099260000000000E-014
 1.224810000000000E+000, 3.516460000000000E+004, 1.000000000000000E+002, 1.002350000000000E+003,-1.641120000000000E-009,-8.498259999999999E-015
 1.224810000000000E+000, 3.516460000000000E+004, 1.000000000000000E+002, 1.002350000000000E+003,-1.599310000000000E-009,-4.688650000000000E-015
 1.224810000000000E+000, 3.516460000000000E+004, 1.000000000000000E+002, 1.002350000000000E+003,-1.554350000000000E-009,-6.369430000000000E-015
 1.224810000000000E+000, 3.516460000000000E+004, 1.000000000000000E+002, 1.002350000000000E+003,-1.520940000000000E-009,-1.148870000000000E-014
 1.224810000000000E+000, 3.516460000000000E+004, 1.000000000000000E+002, 1.002350000000000E+003,-1.486500000000000E-009,-9.979860000000000E-015
 1.224810000000000E+000, 3.516460000000000E+004, 1.000000000000000E+002, 1.002350000000000E+003,-1.433830000000000E-009,-1.048260000000000E-014
 1.224810000000000E+000, 3.516460000000000E+004, 1.000000000000000E+002, 1.002350000000000E+003,-1.399820000000000E-009,-3.084330000000000E-014
 1.224810000000000E+000, 3.516460000000000E+004, 1.000000000000000E+002, 1.002350000000000E+003,-1.369340000000000E-009, 1.423460000000000E-015
 1.224810000000000E+000, 3.516460000000000E+004, 1.000000000000000E+002, 1.002350000000000E+003,-1.323740000000000E-009,-3.061110000000000E-014
 1.224810000000000E+000, 3.516460000000000E+004, 1.000000000000000E+002, 1.002350000000000E+003,-1.278610000000000E-009, 1.489810000000000E-014
 1.224810000000000E+000, 3.516460000000000E+004, 1.000000000000000E+002, 1.002350000000000E+003,-1.237960000000000E-009,-1.463710000000000E-014
 1.224810000000000E+000, 3.516460000000000E+004, 1.000000000000000E+002, 1.002350000000000E+003,-1.196990000000000E-009, 1.099530000000000E-014
 1.224810000000000E+000, 3.516460000000000E+004, 1.000000000000000E+002, 1.002350000000000E+003,-1.164030000000000E-009, 6.309490000000000E-015
 1.224810000000000E+000, 3.516460000000000E+004, 1.000000000000000E+002, 1.002350000000000E+003,-1.130890000000000E-009,-4.699110000000000E-015
 1.224810000000000E+000, 3.516460000000000E+004, 1.000000000000000E+002, 1.002350000000000E+003,-1.073340000000000E-009, 1.418210000000000E-014
 1.224810000000000E+000, 3.516460000000000E+004, 1.000000000000000E+002, 1.002350000000000E+003,-1.029270000000000E-009, 1.214030000000000E-015
 1.224810000000000E+000, 3.516460000000000E+004, 1.000000000000000E+002, 1.002350000000000E+003,-1.003680000000000E-009, 4.348980000000000E-015
 1.224810000000000E+000, 3.516460000000000E+004, 1.000000000000000E+002, 1.002350000000000E+003,-9.945810000000000E-010, 2.862000000000000E-015
 1.224810000000000E+000, 3.516460000000000E+004, 1.000000000000000E+002, 1.002350000000000E+003,-9.449010000000000E-010,-4.140180000000000E-015
 1.224810000000000E+000, 3.516460000000000E+004, 1.000000000000000E+002, 1.002350000000000E+003,-8.876320000000000E-010, 6.153050000000000E-015
 1.224810000000000E+000, 3.516460000000000E+004, 1.000000000000000E+002, 1.002350000000000E+003,-8.583150000000000E-010, 9.000810000000000E-015
 1.224810000000000E+000, 3.516460000000000E+004, 1.000000000000000E+002, 1.002350000000000E+003,-8.352960000000000E-010, 1.213930000000000E-014
 1.224810000000000E+000, 3.516460000000000E+004, 1.000000000000000E+002, 1.002350000000000E+003,-8.019040000000000E-010, 2.671210000000000E-015
 1.224810000000000E+000, 3.516460000000000E+004, 1.000000000000000E+002, 1.002350000000000E+003,-7.778630000000000E-010, 9.490300000000000E-015
 1.224810000000000E+000, 3.516460000000000E+004, 1.000000000000000E+002, 1.002350000000000E+003,-7.653440000000000E-010, 2.093530000000000E-014
 1.224810000000000E+000, 3.516460000000000E+004, 1.000000000000000E+002, 1.002350000000000E+003,-7.340480000000000E-010, 9.746050000000001E-015
 1.224810000000000E+000, 3.516460000000000E+004, 1.000000000000000E+002, 1.002350000000000E+003,-6.997720000000000E-010, 9.117360000000000E-015
 1.224810000000000E+000, 3.516460000000000E+004, 1.000000000000000E+002, 1.002350000000000E+003,-6.830600000000000E-010, 1.114130000000000E-014
 1.224810000000000E+000, 3.516460000000000E+004, 1.000000000000000E+002, 1.002350000000000E+003,-6.743310000000000E-010, 1.470500000000000E-014
 1.224810000000000E+000, 3.516460000000000E+004, 1.000000000000000E+002, 1.002350000000000E+003,-6.490080000000000E-010, 1.656530000000000E-014
 1.224810000000000E+000, 3.516460000000000E+004, 1.000000000000000E+002, 1.002350000000000E+003,-6.326560000000000E-010, 1.785840000000000E-014
 1.224810000000000E+000, 3.516460000000000E+004, 1.000000000000000E+002, 1.002350000000000E+003,-5.979700000000000E-010, 9.134890000000000E-015
 1.224810000000000E+000, 3.516460000000000E+004, 1.000000000000000E+002, 1.002350000000000E+003,-5.983580000000000E-010, 1.031120000000000E-016
 1.224810000000000E+000, 3.516460000000000E+004, 1.000000000000000E+002, 1.002350000000000E+003,-5.761400000000000E-010, 5.592600000000000E-015
 1.224810000000000E+000, 3.516460000000000E+004, 1.000000000000000E+002, 1.002350000000000E+003,-5.352750000000000E-010, 9.623599999999999E-016
 1.224810000000000E+000, 3.516460000000000E+004, 1.000000000000000E+002, 1.002350000000000E+003,-5.037180000000000E-010,-4.479020000000000E-015
 1.224810000000000E+000, 3.516460000000000E+004, 1.000000000000000E+002, 1.002350000000000E+003,-4.722560000000000E-010, 8.808630000000000E-015
 1.224810000000000E+000, 3.516460000000000E+004, 1.000000000000000E+002, 1.002350000000000E+003,-4.485520000000000E-010,-7.713980000000001E-015
 1.224810000000000E+000, 3.516460000000000E+004, 1.000000000000000E+002, 1.002350000000000E+003,-4.278760000000000E-010, 6.198700000000000E-016
 1.224810000000000E+000, 3.516460000000000E+004, 1.000000000000000E+002, 1.002350000000000E+003,-3.977750000000000E-010,-2.367600000000000E-014
 1.224810000000000E+000, 3.516460000000000E+004, 1.000000000000000E+002, 1.002350000000000E+003,-3.884080000000000E-010, 5.755140000000000E-015
 1.224810000000000E+000, 3.516460000000000E+004, 1.000000000000000E+002, 1.002350000000000E+003,-3.760550000000000E-010,-1.931800000000000E-015
 1.224810000000000E+000, 3.516460000000000E+004, 1.000000000000000E+002, 1.002350000000000E+003,-3.764090000000000E-010,-3.241790000000000E-015
 1.224810000000000E+000, 3.516460000000000E+004, 1.000000000000000E+002, 1.002350000000000E+003,-3.812000000000000E-010,-6.466320000000000E-015
 1.224810000000000E+000, 3.516460000000000E+004, 1.000000000000000E+002, 1.002350000000000E+003,-3.633440000000000E-010, 7.334649999999999E-015
 1.224810000000000E+000, 3.516460000000000E+004, 1.000000000000000E+002, 1.002350000000000E+003,-3.355060000000000E-010,-2.306270000000000E-015
 1.224810000000000E+000, 3.516460000000000E+004, 1.000000000000000E+002, 1.002350000000000E+003,-3.160020000000000E-010, 5.381490000000000E-015
 1.224810000000000E+000, 3.516460000000000E+004, 1.000000000000000E+002, 1.002350000000000E+003,-3.063940000000000E-010,-4.986960000000000E-015
 1.224810000000000E+000, 3.516460000000000E+004, 1.000000000000000E+002, 1.002350000000000E+003,-3.021420000000000E-010, 9.752210000000001E-015
 1.224810000000000E+000, 3.516460000000000E+004, 1.000000000000000E+002, 1.002350000000000E+003,-3.065100000000000E-010, 3.201480000000000E-015
 1.224810000000000E+000, 3.516460000000000E+004, 1.000000000000000E+002, 1.002350000000000E+003,-2.832970000000000E-010, 1.449530000000000E-014
 1.224810000000000E+000, 3.516460000000000E+004, 1.000000000000000E+002, 1.002350000000000E+003,-2.767190000000000E-010,-4.498080000000000E-015
 1.224810000000000E+000, 3.516460000000000E+004, 1.000000000000000E+002, 1.002350000000000E+003,-2.497180000000000E-010, 5.882570000000000E-015
 1.224810000000000E+000, 3.516460000000000E+004, 1.000000000000000E+002, 1.002350000000000E+003,-2.226810000000000E-010, 5.934650000000000E-016
 1.224810000000000E+000, 3.516460000000000E+004, 1.000000000000000E+002, 1.002350000000000E+003,-2.180150000000000E-010, 3.028620000000000E-015
 1.224810000000000E+000, 3.516460000000000E+004, 1.000000000000000E+002, 1.002350000000000E+003,-2.071130000000000E-010,-4.630290000000000E-015
 1.224810000000000E+000, 3.516460000000000E+004, 1.000000000000000E+002, 1.002350000000000E+003,-1.925900000000000E-010, 8.657830000000000E-016
 1.224810000000000E+000, 3.516460000000000E+004, 1.000000000000000E+002, 1.002350000000000E+003,-1.801480000000000E-010, 4.028870000000000E-017
 1.224810000000000E+000, 3.516460000000000E+004, 1.000000000000000E+002, 1.002350000000000E+003,-1.737000000000000E-010, 9.069810000000001E-015
 1.224810000000000E+000, 3.516460000000000E+004, 1.000000000000000E+002, 1.002350000000000E+003,-1.751960000000000E-010,-1.791820000000000E-015
 1.224810000000000E+000, 3.516460000000000E+004, 1.000000000000000E+002, 1.002350000000000E+003,-1.735240000000000E-010, 8.196299999999999E-015
 1.224810000000000E+000, 3.516460000000000E+004, 1.000000000000000E+002, 1.002350000000000E+003,-1.870200000000000E-010,-8.638780000000000E-015
 1.224810000000000E+000, 3.516460000000000E+004, 1.000000000000000E+002, 1.002350000000000E+003,-1.915980000000000E-010, 4.829280000000000E-015
 1.224810000000000E+000, 3.516460000000000E+004, 1.000000000000000E+002, 1.002350000000000E+003,-1.841950000000000E-010,-6.891210000000000E-015
 1.224810000000000E+000, 3.516460000000000E+004, 1.000000000000000E+002, 1.002350000000000E+003,-1.873120000000000E-010,-2.298380000000000E-015
 1.224810000000000E+000, 3.516460000000000E+004, 1.000000000000000E+002, 1.002350000000000E+003,-1.696400000000000E-010,-1.535580000000000E-015
 1.224810000000000E+000, 3.516460000000000E+004, 1.000000000000000E+002, 1.002350000000000E+003,-1.600180000000000E-010,-3.438380000000000E-015
 1.224810000000000E+000, 3.516460000000000E+004, 1.000000000000000E+002, 1.002350000000000E+003,-1.425530000000000E-010, 1.791250000000000E-015
 1.224810000000000E+000, 3.516460000000000E+004, 1.000000000000000E+002, 1.002350000000000E+003,-1.299980000000000E-010,-2.211180000000000E-015
 1.224810000000000E+000, 3.516460000000000E+004, 1.000000000000000E+002, 1.002350000000000E+003,-1.219950000000000E-010, 4.631210000000000E-015
 1.224810000000000E+000, 3.516460000000000E+004, 1.000000000000000E+002, 1.002350000000000E+003,-1.142550000000000E-010,-3.193210000000000E-015
 1.224810000000000E+000, 3.516460000000000E+004, 1.000000000000000E+002, 1.002350000000000E+003,-1.233940000000000E-010, 6.618900000000000E-015
 1.224810000000000E+000, 3.516460000000000E+004, 1.000000000000000E+002, 1.002350000000000E+003,-1.194960000000000E-010,-2.517610000000000E-015
 1.224810000000000E+000, 3.516460000000000E+004, 1.000000000000000E+002, 1.002350000000000E+003,-1.178120000000000E-010, 3.230290000000000E-015
 1.224810000000000E+000, 3.516460000000000E+004, 1.000000000000000E+002, 1.002350000000000E+003,-1.118020000000000E-010,-3.568870000000000E-016
 1.224810000000000E+000, 3.516460000000000E+004, 1.000000000000000E+002, 1.002350000000000E+003,-1.102190000000000E-010, 4.886490000000000E-016
 1.224810000000000E+000, 3.516460000000000E+004, 1.000000000000000E+002, 1.002350000000000E+003,-8.847400000000000E-010, 8.770250000000001E-017
 1.224810000000000E+000, 3.516460000000000E+004, 1.000000000000000E+002, 1.002350000000000E+003, 1.716870000000000E-007,-1.658120000000000E-016
 1.224810000000000E+000, 3.516460000000000E+004, 1.000000000000000E+002, 1.002350000000000E+003,-5.068700000000000E-006, 2.134320000000000E-015
 1.224800000000000E+000, 3.516460000000000E+004, 1.000010000000000E+002, 1.002350000000000E+003, 1.215380000000000E-004, 2.887040000000000E-015
 1.224810000000000E+000, 3.516460000000000E+004, 1.000000000000000E+002, 1.002350000000000E+003, 7.472990000000000E-009,-5.177980000000000E-015
 1.224810000000000E+000, 3.516460000000000E+004, 1.000000000000000E+002, 1.002350000000000E+003, 9.084500000000000E-007,-1.304910000000000E-014
 1.224810000000000E+000, 3.516460000000000E+004, 1.000000000000000E+002, 1.002350000000000E+003, 2.077030000000000E-006, 7.988520000000001E-015
 1.224810000000000E+000, 3.516460000000000E+004, 1.000000000000000E+002, 1.002350000000000E+003, 2.338600000000000E-006, 4.735320000000000E-015
 1.224810000000000E+000, 3.516460000000000E+004, 1.000000000000000E+002, 1.002350000000000E+003, 1.246060000000000E-006,-8.199480000000000E-016
 1.224810000000000E+000, 3.516460000000000E+004, 1.000000000000000E+002, 1.002350000000000E+003, 2.356840000000000E-007, 1.740490000000000E-014
 1.224810000000000E+000, 3.516460000000000E+004, 1.000000000000000E+002, 1.002350000000000E+003, 1.088510000000000E-008, 2.195990000000000E-015
 1.224810000000000E+000, 3.516460000000000E+004, 1.000000000000000E+002, 1.002350000000000E+003,-1.912680000000000E-009, 4.633450000000000E-015
 1.224810000000000E+000, 3.516460000000000E+004, 1.000000000000000E+002, 1.002350000000000E+003,-2.360590000000000E-009, 2.087850000000000E-014
 1.224810000000000E+000, 3.516460000000000E+004, 1.000000000000000E+002, 1.002350000000000E+003,-2.264190000000000E-009, 1.656200000000000E-014
 1.224810000000000E+000, 3.516460000000000E+004, 1.000000000000000E+002, 1.002350000000000E+003,-2.184290000000000E-009, 1.724010000000000E-015
 1.224810000000000E+000, 3.516460000000000E+004, 1.000000000000000E+002, 1.002350000000000E+003,-2.110010000000000E-009, 2.065420000000000E-014
 1.224810000000000E+000, 3.516460000000000E+004, 1.000000000000000E+002, 1.002350000000000E+003,-2.014680000000000E-009,-2.876770000000000E-014
 1.224810000000000E+000, 3.516460000000000E+004, 1.000000000000000E+002, 1.002350000000000E+003,-1.920190000000000E-009,-2.241890000000000E-014
 1.224810000000000E+000, 3.516460000000000E+004, 1.000000000000000E+002, 1.002350000000000E+003,-1.857530000000000E-009, 2.539930000000000E-014
 1.224810000000000E+000, 3.516460000000000E+004, 1.000000000000000E+002, 1.002350000000000E+003,-1.807760000000000E-009,-3.055340000000000E-014
 1.224810000000000E+000, 3.516460000000000E+004, 1.000000000000000E+002, 1.002350000000000E+003,-1.730720000000000E-009,-1.095690000000000E-015
 1.224810000000000E+000, 3.516460000000000E+004, 1.000000000000000E+002, 1.002350000000000E+003,-1.659730000000000E-009,-2.626990000000000E-014
 1.224810000000000E+000, 3.516460000000000E+004, 1.000000000000000E+002, 1.002350000000000E+003,-1.587750000000000E-009,-1.246490000000000E-014
 1.224810000000000E+000, 3.516460000000000E+004, 1.000000000000000E+002, 1.002350000000000E+003,-1.520680000000000E-009, 2.577740000000000E-014
 1.224810000000000E+000, 3.516460000000000E+004, 1.000000000000000E+002, 1.002350000000000E+003,-1.453320000000000E-009, 1.990650000000000E-014
 1.224810000000000E+000, 3.516460000000000E+004, 1.000000000000000E+002, 1.002350000000000E+003,-1.416730000000000E-009, 3.096270000000000E-015
 1.224810000000000E+000, 3.516460000000000E+004, 1.000000000000000E+002, 1.002350000000000E+003,-1.365210000000000E-009,-1.681780000000000E-014
 1.224810000000000E+000, 3.516460000000000E+004, 1.000000000000000E+002, 1.002350000000000E+003,-1.289660000000000E-009,-1.316990000000000E-014
 1.224810000000000E+000, 3.516460000000000E+004, 1.000000000000000E+002, 1.002350000000000E+003,-1.217230000000000E-009, 2.565210000000000E-015
 1.224810000000000E+000, 3.516460000000000E+004, 1.000000000000000E+002, 1.002350000000000E+003,-1.182720000000000E-009,-7.975730000000000E-015
 1.224810000000000E+000, 3.516460000000000E+004, 1.000000000000000E+002, 1.002350000000000E+003,-1.151750000000000E-009,-1.650120000000000E-014
 1.224810000000000E+000, 3.516460000000000E+004, 1.000000000000000E+002, 1.002350000000000E+003,-1.100150000000000E-009,-5.836990000000000E-015
 1.224810000000000E+000, 3.516460000000000E+004, 1.000000000000000E+002, 1.002350000000000E+003,-1.028040000000000E-009,-4.041160000000000E-014
 1.224810000000000E+000, 3.516460000000000E+004, 1.000000000000000E+002, 1.002350000000000E+003,-9.793510000000000E-010, 3.503880000000000E-015
 1.224810000000000E+000, 3.516460000000000E+004, 1.000000000000000E+002, 1.002350000000000E+003,-9.468629999999999E-010,-2.820030000000000E-014
 1.224810000000000E+000, 3.516460000000000E+004, 1.000000000000000E+002, 1.002350000000000E+003,-8.922940000000000E-010, 1.331380000000000E-015
 1.224810000000000E+000, 3.516460000000000E+004, 1.000000000000000E+002, 1.002350000000000E+003,-8.406170000000000E-010,-1.916720000000000E-014
 1.224810000000000E+000, 3.516460000000000E+004, 1.000000000000000E+002, 1.002350000000000E+003,-8.137340000000000E-010, 4.384560000000000E-015
 1.224810000000000E+000, 3.516460000000000E+004, 1.000000000000000E+002, 1.002350000000000E+003,-7.750140000000000E-010,-9.870729999999999E-016
 1.224810000000000E+000, 3.516460000000000E+004, 1.000000000000000E+002, 1.002350000000000E+003,-7.225880000000000E-010, 2.873060000000000E-015
 1.224810000000000E+000, 3.516460000000000E+004, 1.000000000000000E+002, 1.002350000000000E+003,-6.717180000000000E-010, 3.004390000000000E-015
 1.224810000000000E+000, 3.516460000000000E+004, 1.000000000000000E+002, 1.002350000000000E+003,-6.368160000000000E-010, 5.440610000000000E-015
 1.224810000000000E+000, 3.516460000000000E+004, 1.000000000000000E+002, 1.002350000000000E+003,-6.269760000000000E-010,-8.825110000000000E-016
 1.224810000000000E+000, 3.516460000000000E+004, 1.000000000000000E+002, 1.002350000000000E+003,-6.019620000000000E-010, 6.747710000000000E-015
 1.224810000000000E+000, 3.516460000000000E+004, 1.000000000000000E+002, 1.002350000000000E+003,-5.560350000000000E-010,-9.923299999999999E-015
 1.224810000000000E+000, 3.516460000000000E+004, 1.000000000000000E+002, 1.002350000000000E+003,-5.134570000000000E-010, 1.788720000000000E-015
 1.224810000000000E+000, 3.516460000000000E+004, 1.000000000000000E+002, 1.002350000000000E+003,-4.938760000000000E-010,-1.605870000000000E-014
 1.224810000000000E+000, 3.516460000000000E+004, 1.000000000000000E+002, 1.002350000000000E+003,-4.749540000000000E-010, 1.093310000000000E-014
 1.224810000000000E+000, 3.516460000000000E+004, 1.000000000000000E+002, 1.002350000000000E+003,-4.499590000000000E-010,-2.172650000000000E-014
 1.224810000000000E+000, 3.516460000000000E+004, 1.000000000000000E+002, 1.002350000000000E+003,-4.624330000000000E-010, 1.428480000000000E-014
 1.224810000000000E+000, 3.516460000000000E+004, 1.000000000000000E+002, 1.002350000000000E+003,-4.313550000000000E-010,-1.342400000000000E-014
 1.224810000000000E+000, 3.516460000000000E+004, 1.000000000000000E+002, 1.002350000000000E+003,-3.695470000000000E-010, 5.221100000000000E-017
 1.224810000000000E+000, 3.516460000000000E+004, 1.000000000000000E+002, 1.002350000000000E+003,-3.350920000000000E-010,-1.074310000000000E-014
 1.224810000000000E+000, 3.516460000000000E+004, 1.000000000000000E+002, 1.002350000000000E+003,-3.161720000000000E-010,-9.617229999999999E-015
 1.224810000000000E+000, 3.516460000000000E+004, 1.000000000000000E+002, 1.002350000000000E+003,-3.103180000000000E-010,-6.162750000000000E-015
 1.224810000000000E+000, 3.516460000000000E+004, 1.000000000000000E+002, 1.002350000000000E+003,-2.911030000000000E-010, 1.428790000000000E-015
 1.224810000000000E+000, 3.516460000000000E+004, 1.000000000000000E+002, 1.002350000000000E+003,-2.909860000000000E-010,-3.465180000000000E-015
 1.224810000000000E+000, 3.516460000000000E+004, 1.000000000000000E+002, 1.002350000000000E+003,-3.164340000000000E-010,-9.533010000000001E-015
 1.224810000000000E+000, 3.516460000000000E+004, 1.000000000000000E+002, 1.002350000000000E+003,-2.838850000000000E-010,-2.567940000000000E-016
 1.224810000000000E+000, 3.516460000000000E+004, 1.000000000000000E+002, 1.002350000000000E+003,-2.332160000000000E-010, 5.740530000000000E-015
 1.224810000000000E+000, 3.516460000000000E+004, 1.000000000000000E+002, 1.002350000000000E+003,-2.060100000000000E-010,-1.062730000000000E-015
 1.224810000000000E+000, 3.516460000000000E+004, 1.000000000000000E+002, 1.002350000000000E+003,-1.918650000000000E-010,-1.374730000000000E-015
 1.224810000000000E+000, 3.516460000000000E+004, 1.000000000000000E+002, 1.002350000000000E+003,-1.979570000000000E-010, 1.166820000000000E-014
 1.224810000000000E+000, 3.516460000000000E+004, 1.000000000000000E+002, 1.002350000000000E+003,-1.944960000000000E-010,-8.316959999999999E-015
 1.224810000000000E+000, 3.516460000000000E+004, 1.000000000000000E+002, 1.002350000000000E+003,-1.832290000000000E-010, 1.462100000000000E-014
 1.224810000000000E+000, 3.516460000000000E+004, 1.000000000000000E+002, 1.002350000000000E+003,-1.645960000000000E-010,-9.234610000000000E-015
 1.224810000000000E+000, 3.516460000000000E+004, 1.000000000000000E+002, 1.002350000000000E+003,-1.532090000000000E-010, 1.840660000000000E-015
 1.224810000000000E+000, 3.516460000000000E+004, 1.000000000000000E+002, 1.002350000000000E+003,-1.457110000000000E-010,-9.427680000000000E-015
 1.224810000000000E+000, 3.516460000000000E+004, 1.000000000000000E+002, 1.002350000000000E+003,-1.508460000000000E-010,-4.256580000000000E-015
 1.224810000000000E+000, 3.516460000000000E+004, 1.000000000000000E+002, 1.002350000000000E+003,-1.461670000000000E-010,-7.128250000000000E-015
 1.224810000000000E+000, 3.516460000000000E+004, 1.000000000000000E+002, 1.002350000000000E+003,-1.403550000000000E-010,-4.937090000000000E-015
 1.224810000000000E+000, 3.516460000000000E+004, 1.000000000000000E+002, 1.002350000000000E+003,-1.270130000000000E-010,-4.303280000000000E-015
 1.224810000000000E+000, 3.516460000000000E+004, 1.000000000000000E+002, 1.002350000000000E+003,-1.137450000000000E-010,-6.400090000000000E-016
 1.224810000000000E+000, 3.516460000000000E+004, 1.000000000000000E+002, 1.002350000000000E+003,-1.243170000000000E-010,-8.242330000000000E-015
 1.224810000000000E+000, 3.516460000000000E+004, 1.000000000000000E+002, 1.002350000000000E+003,-1.076050000000000E-010, 6.849580000000000E-015
 1.224810000000000E+000, 3.516460000000000E+004, 1.000000000000000E+002, 1.002350000000000E+003,-1.142010000000000E-010,-7.149309999999999E-015
 1.224810000000000E+000, 3.516460000000000E+004, 1.000000000000000E+002, 1.002350000000000E+003,-1.162060000000000E-010, 1.177030000000000E-015
 1.224810000000000E+000, 3.516460000000000E+004, 1.000000000000000E+002, 1.002350000000000E+003,-1.033310000000000E-010,-4.013140000000000E-015
 1.224810000000000E+000, 3.516460000000000E+004, 1.000000000000000E+002, 1.002350000000000E+003,-1.077460000000000E-010,-5.260340000000000E-015
 1.224810000000000E+000, 3.516460000000000E+004, 1.000000000000000E+002, 1.002350000000000E+003,-1.125660000000000E-010,-2.663230000000000E-015
 1.224810000000000E+000, 3.516460000000000E+004, 1.000000000000000E+002, 1.002350000000000E+003,-1.171620000000000E-010,-1.089150000000000E-014
 1.224810000000000E+000, 3.516460000000000E+004, 1.000000000000000E+002, 1.002350000000000E+003,-1.051000000000000E-010,-2.883250000000000E-016
 1.224810000000000E+000, 3.516460000000000E+004, 1.000000000000000E+002, 1.002350000000000E+003,-8.445310000000000E-011,-6.797690000000000E-015
 1.224810000000000E+000, 3.516460000000000E+004, 1.000000000000000E+002, 1.002350000000000E+003,-6.368060000000000E-011,-5.088100000000000E-016
 1.224810000000000E+000, 3.516460000000000E+004, 1.000000000000000E+002, 1.002350000000000E+003,-4.401930000000000E-011,-2.448000000000000E-015
 1.224810000000000E+000, 3.516460000000000E+004, 1.000000000000000E+002, 1.002350000000000E+003,-2.688890000000000E-011,-7.657920000000000E-015
 1.224810000000000E+000, 3.516460000000000E+004, 1.000000000000000E+002, 1.002350000000000E+003,-2.572180000000000E-011,-1.673590000000000E-016
 1.224810000000000E+000, 3.516460000000000E+004, 1.000000000000000E+002, 1.002350000000000E+003,-3.358490000000000E-011,-1.098820000000000E-014
 1.224810000000000E+000, 3.516460000000000E+004, 1.000000000000000E+002, 1.002350000000000E+003,-4.934910000000000E-011, 3.218550000000000E-015
 1.224810000000000E+000, 3.516460000000000E+004, 1.000000000000000E+002, 1.002350000000000E+003,-5.559030000000000E-011,-4.610900000000000E-015
 1.224810000000000E+000, 3.516460000000000E+004, 1.000000000000000E+002, 1.002350000000000E+003,-7.389690000000001E-011,-2.042910000000000E-015
 1.224810000000000E+000, 3.516460000000000E+004, 1.000000000000000E+002, 1.002350000000000E+003,-7.236660000000001E-011,-8.638360000000000E-015
 1.224810000000000E+000, 3.516460000000000E+004, 1.000000000000000E+002, 1.002350000000000E+003,-7.695390000000001E-011,-5.521620000000000E-015
 1.224810000000000E+000, 3.516460000000000E+004, 1.000000000000000E+002, 1.002350000000000E+003,-6.612060000000000E-011,-6.538040000000000E-015
 1.224810000000000E+000, 3.516460000000000E+004, 1.000000000000000E+002, 1.002350000000000E+003,-5.330300000000000E-011,-2.445710000000000E-016
 1.224810000000000E+000, 3.516460000000000E+004, 1.000000000000000E+002, 1.002350000000000E+003,-5.659780000000000E-011,-3.046690000000000E-015
 1.224810000000000E+000, 3.516460000000000E+004, 1.000000000000000E+002, 1.002350000000000E+003,-5.434260000000000E-011,-2.246750000000000E-015
 1.224810000000000E+000, 3.516460000000000E+004, 1.000000000000000E+002, 1.002350000000000E+003,-4.779920000000000E-011,-1.797700000000000E-015
 1.224810000000000E+000, 3.516460000000000E+004, 1.000000000000000E+002, 1.002350000000000E+003,-4.847100000000000E-011, 1.502470000000000E-016
 1.224810000000000E+000, 3.516460000000000E+004, 1.000000000000000E+002, 1.002350000000000E+003,-5.687200000000000E-010, 6.646590000000000E-016
 1.224810000000000E+000, 3.516460000000000E+004, 1.000000000000000E+002, 1.002350000000000E+003, 7.313970000000000E-008,-1.962650000000000E-016
 1.224810000000000E+000, 3.516460000000000E+004, 1.000000000000000E+002, 1.002350000000000E+003,-1.549410000000000E-006, 9.660819999999999E-016
 1.224800000000000E+000, 3.516460000000000E+004, 1.000010000000000E+002, 1.002350000000000E+003, 5.127960000000000E-005, 1.015220000000000E-015
 1.224810000000000E+000, 3.516460000000000E+004, 1.000000000000000E+002, 1.002350000000000E+003, 7.211940000000000E-007,-1.600680000000000E-015
 1.224810000000000E+000, 3.516460000000000E+004, 1.000000000000000E+002, 1.002350000000000E+003, 4.125880000000000E-005,-4.780380000000000E-015
 1.224810000000000E+000, 3.516460000000000E+004, 1.000000000000000E+002, 1.002350000000000E+003, 9.812120000000001E-005,-5.976970000000000E-016
 1.224810000000000E+000, 3.516460000000000E+004, 1.000000000000000E+002, 1.002350000000000E+003, 1.164260000000000E-004, 2.051320000000000E-014
 1.224810000000000E+000, 3.516460000000000E+004, 1.000000000000000E+002, 1.002350000000000E+003, 5.818130000000000E-005,-1.370180000000000E-014
 1.224810000000000E+000, 3.516460000000000E+004, 1.000000000000000E+002, 1.002350000000000E+003, 1.389680000000000E-005,-6.797460000000000E-015
 1.224810000000000E+000, 3.516460000000000E+004, 1.000000000000000E+002, 1.002350000000000E+003, 1.629810000000000E-006, 1.911830000000000E-014
 1.224810000000000E+000, 3.516460000000000E+004, 1.000000000000000E+002, 1.002350000000000E+003, 7.912999999999999E-008, 7.034850000000000E-015
 1.224810000000000E+000, 3.516460000000000E+004, 1.000000000000000E+002, 1.002350000000000E+003,-6.523430000000000E-010, 7.008440000000000E-015
 1.224810000000000E+000, 3.516460000000000E+004, 1.000000000000000E+002, 1.002350000000000E+003,-2.211390000000000E-009, 3.149340000000000E-014
 1.224810000000000E+000, 3.516460000000000E+004, 1.000000000000000E+002, 1.002350000000000E+003,-2.090240000000000E-009,-8.302780000000000E-015
 1.224810000000000E+000, 3.516460000000000E+004, 1.000000000000000E+002, 1.002350000000000E+003,-1.993050000000000E-009, 6.043990000000000E-015
 1.224810000000000E+000, 3.516460000000000E+004, 1.000000000000000E+002, 1.002350000000000E+003,-1.891170000000000E-009,-9.992700000000000E-016
 1.224810000000000E+000, 3.516460000000000E+004, 1.000000000000000E+002, 1.002350000000000E+003,-1.805380000000000E-009,-3.985770000000000E-014
 1.224810000000000E+000, 3.516460000000000E+004, 1.000000000000000E+002, 1.002350000000000E+003,-1.703480000000000E-009, 2.118940000000000E-014
 1.224810000000000E+000, 3.516460000000000E+004, 1.000000000000000E+002, 1.002350000000000E+003,-1.615140000000000E-009, 1.186630000000000E-014
 1.224810000000000E+000, 3.516460000000000E+004, 1.000000000000000E+002, 1.002350000000000E+003,-1.548720000000000E-009, 1.774770000000000E-015
 1.224810000000000E+000, 3.516460000000000E+004, 1.000000000000000E+002, 1.002350000000000E+003,-1.460340000000000E-009,-7.355670000000000E-015
 1.224810000000000E+000, 3.516460000000000E+004, 1.000000000000000E+002, 1.002350000000000E+003,-1.389800000000000E-009,-1.579750000000000E-014
 1.224810000000000E+000, 3.516460000000000E+004, 1.000000000000000E+002, 1.002350000000000E+003,-1.342210000000000E-009,-1.280050000000000E-015
 1.224810000000000E+000, 3.516460000000000E+004, 1.000000000000000E+002, 1.002350000000000E+003,-1.275000000000000E-009, 7.494580000000000E-015
 1.224810000000000E+000, 3.516460000000000E+004, 1.000000000000000E+002, 1.002350000000000E+003,-1.202080000000000E-009, 1.333450000000000E-014
 1.224810000000000E+000, 3.516460000000000E+004, 1.000000000000000E+002, 1.002350000000000E+003,-1.134310000000000E-009, 1.024060000000000E-014
 1.224810000000000E+000, 3.516460000000000E+004, 1.000000000000000E+002, 1.002350000000000E+003,-1.061860000000000E-009, 7.643540000000000E-015
 1.224810000000000E+000, 3.516460000000000E+004, 1.000000000000000E+002, 1.002350000000000E+003,-1.002350000000000E-009, 9.655709999999999E-015
 1.224810000000000E+000, 3.516460000000000E+004, 1.000000000000000E+002, 1.002350000000000E+003,-9.400980000000001E-010, 3.134840000000000E-015
 1.224810000000000E+000, 3.516460000000000E+004, 1.000000000000000E+002, 1.002350000000000E+003,-9.119730000000000E-010, 1.882340000000000E-014
 1.224810000000000E+000, 3.516460000000000E+004, 1.000000000000000E+002, 1.002350000000000E+003,-8.608330000000000E-010, 1.332860000000000E-014
 1.224810000000000E+000, 3.516460000000000E+004, 1.000000000000000E+002, 1.002350000000000E+003,-7.838440000000000E-010,-4.632060000000000E-015
 1.224810000000000E+000, 3.516460000000000E+004, 1.000000000000000E+002, 1.002350000000000E+003,-7.306050000000000E-010,-3.108130000000000E-015
 1.224810000000000E+000, 3.516460000000000E+004, 1.000000000000000E+002, 1.002350000000000E+003,-6.762750000000000E-010,-2.088020000000000E-015
 1.224810000000000E+000, 3.516460000000000E+004, 1.000000000000000E+002, 1.002350000000000E+003,-6.441510000000000E-010,-1.558620000000000E-014
 1.224810000000000E+000, 3.516460000000000E+004, 1.000000000000000E+002, 1.002350000000000E+003,-5.869260000000000E-010,-5.790370000000000E-015
 1.224810000000000E+000, 3.516460000000000E+004, 1.000000000000000E+002, 1.002350000000000E+003,-5.322730000000000E-010,-1.654400000000000E-014
 1.224810000000000E+000, 3.516460000000000E+004, 1.000000000000000E+002, 1.002350000000000E+003,-5.005980000000000E-010,-1.202180000000000E-015
 1.224810000000000E+000, 3.516460000000000E+004, 1.000000000000000E+002, 1.002350000000000E+003,-4.870350000000000E-010,-1.779780000000000E-016
 1.224810000000000E+000, 3.516460000000000E+004, 1.000000000000000E+002, 1.002350000000000E+003,-4.505330000000000E-010, 2.762930000000000E-015
 1.224810000000000E+000, 3.516460000000000E+004, 1.000000000000000E+002, 1.002350000000000E+003,-4.224860000000000E-010, 1.222630000000000E-014
 1.224810000000000E+000, 3.516460000000000E+004, 1.000000000000000E+002, 1.002350000000000E+003,-3.982000000000000E-010, 4.052120000000000E-015
 1.224810000000000E+000, 3.516460000000000E+004, 1.000000000000000E+002, 1.002350000000000E+003,-3.760350000000000E-010, 2.833950000000000E-014
 1.224810000000000E+000, 3.516460000000000E+004, 1.000000000000000E+002, 1.002350000000000E+003,-3.511590000000000E-010, 1.077880000000000E-014
 1.224810000000000E+000, 3.516460000000000E+004, 1.000000000000000E+002, 1.002350000000000E+003,-3.282810000000000E-010, 2.675740000000000E-014
 1.224810000000000E+000, 3.516460000000000E+004, 1.000000000000000E+002, 1.002350000000000E+003,-3.019520000000000E-010, 1.099310000000000E-014
 1.224810000000000E+000, 3.516460000000000E+004, 1.000000000000000E+002, 1.002350000000000E+003,-2.724390000000000E-010, 5.018520000000000E-015
 1.224810000000000E+000, 3.516460000000000E+004, 1.000000000000000E+002, 1.002350000000000E+003,-2.548790000000000E-010, 1.377080000000000E-014
 1.224810000000000E+000, 3.516460000000000E+004, 1.000000000000000E+002, 1.002350000000000E+003,-2.166350000000000E-010,-1.103620000000000E-015
 1.224810000000000E+000, 3.516460000000000E+004, 1.000000000000000E+002, 1.002350000000000E+003,-2.072150000000000E-010, 1.886230000000000E-014
 1.224810000000000E+000, 3.516460000000000E+004, 1.000000000000000E+002, 1.002350000000000E+003,-2.168480000000000E-010,-1.084520000000000E-014
 1.224810000000000E+000, 3.516460000000000E+004, 1.000000000000000E+002, 1.002350000000000E+003,-2.096180000000000E-010, 1.276620000000000E-014
 1.224810000000000E+000, 3.516460000000000E+004, 1.000000000000000E+002, 1.002350000000000E+003,-1.982680000000000E-010,-1.427210000000000E-014
 1.224810000000000E+000, 3.516460000000000E+004, 1.000000000000000E+002, 1.002350000000000E+003,-1.912750000000000E-010, 1.421310000000000E-014
 1.224810000000000E+000, 3.516460000000000E+004, 1.000000000000000E+002, 1.002350000000000E+003,-1.702830000000000E-010,-4.329000000000000E-015
 1.224810000000000E+000, 3.516460000000000E+004, 1.000000000000000E+002, 1.002350000000000E+003,-1.475950000000000E-010, 3.132460000000000E-015
 1.224810000000000E+000, 3.516460000000000E+004, 1.000000000000000E+002, 1.002350000000000E+003,-1.248460000000000E-010, 4.140270000000000E-015
 1.224810000000000E+000, 3.516460000000000E+004, 1.000000000000000E+002, 1.002350000000000E+003,-1.458550000000000E-010,-3.600890000000000E-015
 1.224810000000000E+000, 3.516460000000000E+004, 1.000000000000000E+002, 1.002350000000000E+003,-1.678620000000000E-010, 3.986280000000000E-015
 1.224810000000000E+000, 3.516460000000000E+004, 1.000000000000000E+002, 1.002350000000000E+003,-1.664990000000000E-010, 5.008810000000000E-015
 1.224810000000000E+000, 3.516460000000000E+004, 1.000000000000000E+002, 1.002350000000000E+003,-1.424360000000000E-010,-1.153080000000000E-015
 1.224810000000000E+000, 3.516460000000000E+004, 1.000000000000000E+002, 1.002350000000000E+003,-1.263050000000000E-010, 5.857160000000000E-015
 1.224810000000000E+000, 3.516460000000000E+004, 1.000000000000000E+002, 1.002350000000000E+003,-1.011400000000000E-010, 4.481670000000000E-015
 1.224810000000000E+000, 3.516460000000000E+004, 1.000000000000000E+002, 1.002350000000000E+003,-9.192310000000000E-011,-7.267470000000000E-017
 1.224810000000000E+000, 3.516460000000000E+004, 1.000000000000000E+002, 1.002350000000000E+003,-8.454480000000000E-011, 9.442150000000000E-015
 1.224810000000000E+000, 3.516460000000000E+004, 1.000000000000000E+002, 1.002350000000000E+003,-9.135439999999999E-011,-1.635570000000000E-014
 1.224810000000000E+000, 3.516460000000000E+004, 1.000000000000000E+002, 1.002350000000000E+003,-1.008940000000000E-010, 1.676730000000000E-014
 1.224810000000000E+000, 3.516460000000000E+004, 1.000000000000000E+002, 1.002350000000000E+003,-9.501270000000000E-011,-7.598950000000000E-015
 1.224810000000000E+000, 3.516460000000000E+004, 1.000000000000000E+002, 1.002350000000000E+003,-8.262890000000000E-011, 5.096280000000000E-015
 1.224810000000000E+000, 3.516460000000000E+004, 1.000000000000000E+002, 1.002350000000000E+003,-8.566630000000000E-011,-4.312930000000000E-015
 1.224810000000000E+000, 3.516460000000000E+004, 1.000000000000000E+002, 1.002350000000000E+003,-9.471770000000000E-011, 2.046420000000000E-015
 1.224810000000000E+000, 3.516460000000000E+004, 1.000000000000000E+002, 1.002350000000000E+003,-8.772600000000000E-011,-6.869240000000000E-015
 1.224810000000000E+000, 3.516460000000000E+004, 1.000000000000000E+002, 1.002350000000000E+003,-7.221210000000000E-011,-1.455750000000000E-015
 1.224810000000000E+000, 3.516460000000000E+004, 1.000000000000000E+002, 1.002350000000000E+003,-7.588910000000001E-011,-5.627500000000000E-015
 1.224810000000000E+000, 3.516460000000000E+004, 1.000000000000000E+002, 1.002350000000000E+003,-7.286120000000000E-011,-4.614460000000000E-016
 1.224810000000000E+000, 3.516460000000000E+004, 1.000000000000000E+002, 1.002350000000000E+003,-7.921330000000000E-011, 2.933350000000000E-017
 1.224810000000000E+000, 3.516460000000000E+004, 1.000000000000000E+002, 1.002350000000000E+003,-8.001680000000000E-011,-3.341430000000000E-015
 1.224810000000000E+000, 3.516460000000000E+004, 1.000000000000000E+002, 1.002350000000000E+003,-8.673760000000000E-011,-4.931630000000000E-015
 1.224810000000000E+000, 3.516460000000000E+004, 1.000000000000000E+002, 1.002350000000000E+003,-7.231579999999999E-011,-7.430900000000000E-015
 1.224810000000000E+000, 3.516460000000000E+004, 1.000000000000000E+002, 1.002350000000000E+003,-7.192820000000000E-011,-2.287210000000000E-015
 1.224810000000000E+000, 3.516460000000000E+004, 1.000000000000000E+002, 1.002350000000000E+003,-8.363190000000000E-011,-7.264729999999999E-015
 1.224810000000000E+000, 3.516460000000000E+004, 1.000000000000000E+002, 1.002350000000000E+003,-8.384100000000000E-011, 2.891200000000000E-015
 1.224810000000000E+000, 3.516460000000000E+004, 1.000000000000000E+002, 1.002350000000000E+003,-7.947430000000000E-011,-1.325580000000000E-014
 1.224810000000000E+000, 3.516460000000000E+004, 1.000000000000000E+002, 1.002350000000000E+003,-7.316210000000001E-011, 1.241700000000000E-015
 1.224810000000000E+000, 3.516460000000000E+004, 1.000000000000000E+002, 1.002350000000000E+003,-7.256390000000000E-011,-1.585350000000000E-014
 1.224810000000000E+000, 3.516460000000000E+004, 1.000000000000000E+002, 1.002350000000000E+003,-6.487010000000000E-011,-7.680000000000000E-015
 1.224810000000000E+000, 3.516460000000000E+004, 1.000000000000000E+002, 1.002350000000000E+003,-4.392140000000000E-011,-9.499160000000000E-015
 1.224810000000000E+000, 3.516460000000000E+004, 1.000000000000000E+002, 1.002350000000000E+003,-3.335570000000000E-011, 1.956030000000000E-015
 1.224810000000000E+000, 3.516460000000000E+004, 1.000000000000000E+002, 1.002350000000000E+003,-4.357310000000000E-011,-1.092760000000000E-014
 1.224810000000000E+000, 3.516460000000000E+004, 1.000000000000000E+002, 1.002350000000000E+003,-4.194690000000000E-011,-2.063440000000000E-015
 1.224810000000000E+000, 3.516460000000000E+004, 1.000000000000000E+002, 1.002350000000000E+003,-6.302350000000000E-011,-3.066480000000000E-015
 1.224810000000000E+000, 3.516460000000000E+004, 1.000000000000000E+002, 1.002350000000000E+003,-5.649660000000000E-011, 3.521300000000000E-015
 1.224810000000000E+000, 3.516460000000000E+004, 1.000000000000000E+002, 1.002350000000000E+003,-6.283980000000000E-011,-2.608850000000000E-015
 1.224810000000000E+000, 3.516460000000000E+004, 1.000000000000000E+002, 1.002350000000000E+003,-6.854320000000000E-011, 4.530470000000000E-015
 1.224810000000000E+000, 3.516460000000000E+004, 1.000000000000000E+002, 1.002350000000000E+003,-6.435900000000000E-011, 2.411840000000000E-015
 1.224810000000000E+000, 3.516460000000000E+004, 1.000000000000000E+002, 1.002350000000000E+003,-5.050630000000000E-011, 7.037910000000000E-015
 1.224810000000000E+000, 3.516460000000000E+004, 1.000000000000000E+002, 1.002350000000000E+003,-4.829430000000000E-011, 5.703120000000000E-015
 1.224810000000000E+000, 3.516460000000000E+004, 1.000000000000000E+002, 1.002350000000000E+003,-4.873490000000000E-011, 3.198130000000000E-015
 1.224810000000000E+000, 3.516460000000000E+004, 1.000000000000000E+002, 1.002350000000000E+003, 2.426390000000000E-011, 2.353920000000000E-015
 1.224810000000000E+000, 3.516460000000000E+004, 1.000000000000000E+002, 1.002350000000000E+003, 2.874840000000000E-008, 1.282700000000000E-015
 1.224810000000000E+000, 3.516460000000000E+004, 1.000000000000000E+002, 1.002350000000000E+003,-3.370220000000000E-007, 1.905640000000000E-015
 1.224800000000000E+000, 3.516470000000000E+004, 1.000010000000000E+002, 1.002350000000000E+003, 6.290000000000000E-006, 1.283780000000000E-015
 1.224810000000000E+000, 3.516460000000000E+004, 1.000000000000000E+002, 1.002350000000000E+003, 6.188550000000000E-005,-1.077820000000000E-015
 1.224820000000000E+000, 3.516520000000000E+004, 1.000010000000000E+002, 1.002350000000000E+003, 7.746440000000000E-003, 1.853270000000000E-014
 1.224840000000000E+000, 3.516600000000000E+004, 1.000020000000000E+002, 1.002350000000000E+003, 1.951250000000000E-002,-9.804050000000000E-013
 1.224840000000000E+000, 3.516620000000000E+004, 1.000020000000000E+002, 1.002350000000000E+003, 2.062700000000000E-002,-1.125040000000000E-012
 1.224830000000000E+000, 3.516550000000000E+004, 1.000010000000000E+002, 1.002350000000000E+003, 1.257670000000000E-002,-7.005190000000000E-014
 1.224820000000000E+000, 3.516480000000000E+004, 1.000000000000000E+002, 1.002350000000000E+003, 3.175970000000000E-003,-6.885060000000000E-014
 1.224810000000000E+000, 3.516460000000000E+004, 1.000000000000000E+002, 1.002350000000000E+003, 1.712810000000000E-004,-7.644470000000000E-016
 1.224810000000000E+000, 3.516460000000000E+004, 1.000000000000000E+002, 1.002350000000000E+003, 5.222530000000000E-006, 3.065550000000000E-014
 1.224810000000000E+000, 3.516460000000000E+004, 1.000000000000000E+002, 1.002350000000000E+003, 1.692080000000000E-007,-2.554190000000000E-014
 1.224810000000000E+000, 3.516460000000000E+004, 1.000000000000000E+002, 1.002350000000000E+003, 9.429389999999999E-010, 3.310180000000000E-014
 1.224810000000000E+000, 3.516460000000000E+004, 1.000000000000000E+002, 1.002350000000000E+003,-1.968670000000000E-009, 2.518900000000000E-014
 1.224810000000000E+000, 3.516460000000000E+004, 1.000000000000000E+002, 1.002350000000000E+003,-1.863460000000000E-009,-7.065360000000000E-015
 1.224810000000000E+000, 3.516460000000000E+004, 1.000000000000000E+002, 1.002350000000000E+003,-1.768590000000000E-009, 1.195430000000000E-014
 1.224810000000000E+000, 3.516460000000000E+004, 1.000000000000000E+002, 1.002350000000000E+003,-1.645490000000000E-009,-1.727680000000000E-014
 1.224810000000000E+000, 3.516460000000000E+004, 1.000000000000000E+002, 1.002350000000000E+003,-1.532140000000000E-009,-1.944400000000000E-014
 1.224810000000000E+000, 3.516460000000000E+004, 1.000000000000000E+002, 1.002350000000000E+003,-1.453480000000000E-009,-1.624130000000000E-014
 1.224810000000000E+000, 3.516460000000000E+004, 1.000000000000000E+002, 1.002350000000000E+003,-1.372780000000000E-009,-4.913540000000000E-015
 1.224810000000000E+000, 3.516460000000000E+004, 1.000000000000000E+002, 1.002350000000000E+003,-1.282050000000000E-009, 3.884750000000000E-015
 1.224810000000000E+000, 3.516460000000000E+004, 1.000000000000000E+002, 1.002350000000000E+003,-1.199040000000000E-009,-2.827380000000000E-015
 1.224810000000000E+000, 3.516460000000000E+004, 1.000000000000000E+002, 1.002350000000000E+003,-1.135650000000000E-009,-1.397370000000000E-014
 1.224810000000000E+000, 3.516460000000000E+004, 1.000000000000000E+002, 1.002350000000000E+003,-1.054070000000000E-009,-1.874750000000000E-014
 1.224810000000000E+000, 3.516460000000000E+004, 1.000000000000000E+002, 1.002350000000000E+003,-9.839570000000001E-010,-3.202720000000000E-015
 1.224810000000000E+000, 3.516460000000000E+004, 1.000000000000000E+002, 1.002350000000000E+003,-9.115290000000000E-010, 3.621910000000000E-015
 1.224810000000000E+000, 3.516460000000000E+004, 1.000000000000000E+002, 1.002350000000000E+003,-8.493620000000000E-010,-6.106280000000000E-016
 1.224810000000000E+000, 3.516460000000000E+004, 1.000000000000000E+002, 1.002350000000000E+003,-7.835260000000001E-010,-3.980570000000000E-015
 1.224810000000000E+000, 3.516460000000000E+004, 1.000000000000000E+002, 1.002350000000000E+003,-7.172740000000000E-010, 2.944530000000000E-016
 1.224810000000000E+000, 3.516460000000000E+004, 1.000000000000000E+002, 1.002350000000000E+003,-6.484810000000000E-010, 3.309940000000000E-015
 1.224810000000000E+000, 3.516460000000000E+004, 1.000000000000000E+002, 1.002350000000000E+003,-6.021250000000000E-010, 2.547100000000000E-014
 1.224810000000000E+000, 3.516460000000000E+004, 1.000000000000000E+002, 1.002350000000000E+003,-5.689270000000000E-010, 5.733990000000000E-015
 1.224810000000000E+000, 3.516460000000000E+004, 1.000000000000000E+002, 1.002350000000000E+003,-5.084990000000000E-010, 2.786020000000000E-014
 1.224810000000000E+000, 3.516460000000000E+004, 1.000000000000000E+002, 1.002350000000000E+003,-4.759450000000000E-010, 1.515730000000000E-014
 1.224810000000000E+000, 3.516460000000000E+004, 1.000000000000000E+002, 1.002350000000000E+003,-4.370770000000000E-010, 1.796670000000000E-014
 1.224810000000000E+000, 3.516460000000000E+004, 1.000000000000000E+002, 1.002350000000000E+003,-3.993100000000000E-010, 8.314280000000000E-016
 1.224810000000000E+000, 3.516460000000000E+004, 1.000000000000000E+002, 1.002350000000000E+003,-3.635840000000000E-010, 1.488850000000000E-016
 1.224810000000000E+000, 3.516460000000000E+004, 1.000000000000000E+002, 1.002350000000000E+003,-3.322880000000000E-010,-1.369730000000000E-014
 1.224810000000000E+000, 3.516460000000000E+004, 1.000000000000000E+002, 1.002350000000000E+003,-3.176030000000000E-010,-2.102800000000000E-014
 1.224810000000000E+000, 3.516460000000000E+004, 1.000000000000000E+002, 1.002350000000000E+003,-3.175490000000000E-010,-1.142540000000000E-014
 1.224810000000000E+000, 3.516460000000000E+004, 1.000000000000000E+002, 1.002350000000000E+003,-3.113460000000000E-010,-2.585950000000000E-014
 1.224810000000000E+000, 3.516460000000000E+004, 1.000000000000000E+002, 1.002350000000000E+003,-2.679730000000000E-010,-1.293130000000000E-014
 1.224810000000000E+000, 3.516460000000000E+004, 1.000000000000000E+002, 1.002350000000000E+003,-2.389870000000000E-010,-1.310380000000000E-014
 1.224810000000000E+000, 3.516460000000000E+004, 1.000000000000000E+002, 1.002350000000000E+003,-2.136340000000000E-010,-6.131480000000000E-015
 1.224810000000000E+000, 3.516460000000000E+004, 1.000000000000000E+002, 1.002350000000000E+003,-2.193750000000000E-010,-1.470440000000000E-014
 1.224810000000000E+000, 3.516460000000000E+004, 1.000000000000000E+002, 1.002350000000000E+003,-2.175880000000000E-010, 1.260190000000000E-014
 1.224810000000000E+000, 3.516460000000000E+004, 1.000000000000000E+002, 1.002350000000000E+003,-1.934060000000000E-010,-4.290430000000000E-015
 1.224810000000000E+000, 3.516460000000000E+004, 1.000000000000000E+002, 1.002350000000000E+003,-1.840850000000000E-010, 2.148550000000000E-014
 1.224810000000000E+000, 3.516460000000000E+004, 1.000000000000000E+002, 1.002350000000000E+003,-1.784590000000000E-010, 1.010150000000000E-015
 1.224810000000000E+000, 3.516460000000000E+004, 1.000000000000000E+002, 1.002350000000000E+003,-1.701380000000000E-010, 2.307430000000000E-014
 1.224810000000000E+000, 3.516460000000000E+004, 1.000000000000000E+002, 1.002350000000000E+003,-1.680890000000000E-010, 7.536810000000000E-015
 1.224810000000000E+000, 3.516460000000000E+004, 1.000000000000000E+002, 1.002350000000000E+003,-1.616960000000000E-010, 3.356690000000000E-015
 1.224810000000000E+000, 3.516460000000000E+004, 1.000000000000000E+002, 1.002350000000000E+003,-1.590140000000000E-010, 1.133080000000000E-014
 1.224810000000000E+000, 3.516460000000000E+004, 1.000000000000000E+002, 1.002350000000000E+003,-1.479410000000000E-010, 1.870100000000000E-016
 1.224810000000000E+000, 3.516460000000000E+004, 1.000000000000000E+002, 1.002350000000000E+003,-1.321740000000000E-010, 1.161150000000000E-014
 1.224810000000000E+000, 3.516460000000000E+004, 1.000000000000000E+002, 1.002350000000000E+003,-1.125350000000000E-010,-5.875260000000000E-016
 1.224810000000000E+000, 3.516460000000000E+004, 1.000000000000000E+002, 1.002350000000000E+003,-1.199850000000000E-010, 8.448750000000001E-015
 1.224810000000000E+000, 3.516460000000000E+004, 1.000000000000000E+002, 1.002350000000000E+003,-1.255360000000000E-010, 4.356630000000000E-015
 1.224810000000000E+000, 3.516460000000000E+004, 1.000000000000000E+002, 1.002350000000000E+003,-1.362610000000000E-010,-7.736450000000000E-016
 1.224810000000000E+000, 3.516460000000000E+004, 1.000000000000000E+002, 1.002350000000000E+003,-1.401920000000000E-010, 9.221339999999999E-015
 1.224810000000000E+000, 3.516460000000000E+004, 1.000000000000000E+002, 1.002350000000000E+003,-1.351710000000000E-010, 1.824160000000000E-015
 1.224810000000000E+000, 3.516460000000000E+004, 1.000000000000000E+002, 1.002350000000000E+003,-1.179560000000000E-010, 1.520220000000000E-014
 1.224810000000000E+000, 3.516460000000000E+004, 1.000000000000000E+002, 1.002350000000000E+003,-1.056640000000000E-010, 5.088660000000000E-015
 1.224810000000000E+000, 3.516460000000000E+004, 1.000000000000000E+002, 1.002350000000000E+003,-9.378280000000000E-011, 5.674480000000000E-015
 1.224810000000000E+000, 3.516460000000000E+004, 1.000000000000000E+002, 1.002350000000000E+003,-9.033330000000000E-011, 5.160040000000000E-015
 1.224810000000000E+000, 3.516460000000000E+004, 1.000000000000000E+002, 1.002350000000000E+003,-9.094630000000000E-011, 4.821070000000000E-017
 1.224810000000000E+000, 3.516460000000000E+004, 1.000000000000000E+002, 1.002350000000000E+003,-7.905739999999999E-011,-2.930520000000000E-016
 1.224810000000000E+000, 3.516460000000000E+004, 1.000000000000000E+002, 1.002350000000000E+003,-7.554239999999999E-011,-2.245510000000000E-015
 1.224810000000000E+000, 3.516460000000000E+004, 1.000000000000000E+002, 1.002350000000000E+003,-8.694150000000000E-011, 2.593540000000000E-016
 1.224810000000000E+000, 3.516460000000000E+004, 1.000000000000000E+002, 1.002350000000000E+003,-9.466330000000000E-011,-2.248350000000000E-015
 1.224810000000000E+000, 3.516460000000000E+004, 1.000000000000000E+002, 1.002350000000000E+003,-9.834340000000000E-011,-3.573830000000000E-015
 1.224810000000000E+000, 3.516460000000000E+004, 1.000000000000000E+002, 1.002350000000000E+003,-9.675250000000000E-011, 5.351380000000000E-015
 1.224810000000000E+000, 3.516460000000000E+004, 1.000000000000000E+002, 1.002350000000000E+003,-8.487920000000000E-011,-4.427360000000000E-015
 1.224810000000000E+000, 3.516460000000000E+004, 1.000000000000000E+002, 1.002350000000000E+003,-8.817280000000000E-011,-2.313630000000000E-015
 1.224810000000000E+000, 3.516460000000000E+004, 1.000000000000000E+002, 1.002350000000000E+003,-8.580519999999999E-011,-8.941550000000000E-015
 1.224810000000000E+000, 3.516460000000000E+004, 1.000000000000000E+002, 1.002350000000000E+003,-7.975500000000000E-011, 2.758360000000000E-016
 1.224810000000000E+000, 3.516460000000000E+004, 1.000000000000000E+002, 1.002350000000000E+003,-7.272240000000000E-011,-4.244340000000000E-015
 1.224810000000000E+000, 3.516460000000000E+004, 1.000000000000000E+002, 1.002350000000000E+003,-7.052630000000000E-011, 4.311710000000000E-015
 1.224810000000000E+000, 3.516460000000000E+004, 1.000000000000000E+002, 1.002350000000000E+003,-7.488480000000000E-011,-6.435540000000000E-015
 1.224810000000000E+000, 3.516460000000000E+004, 1.000000000000000E+002, 1.002350000000000E+003,-7.754940000000000E-011, 3.567400000000000E-015
 1.224810000000000E+000, 3.516460000000000E+004, 1.000000000000000E+002, 1.002350000000000E+003,-7.519870000000000E-011, 2.478630000000000E-015
 1.224810000000000E+000, 3.516460000000000E+004, 1.000000000000000E+002, 1.002350000000000E+003,-8.251749999999999E-011,-1.903340000000000E-015
 1.224810000000000E+000, 3.516460000000000E+004, 1.000000000000000E+002, 1.002350000000000E+003,-9.112000000000000E-011, 5.730800000000000E-015
 1.224810000000000E+000, 3.516460000000000E+004, 1.000000000000000E+002, 1.002350000000000E+003,-9.401140000000000E-011,-1.114870000000000E-015
 1.224810000000000E+000, 3.516460000000000E+004, 1.000000000000000E+002, 1.002350000000000E+003,-7.968180000000000E-011, 3.824540000000000E-015
 1.224810000000000E+000, 3.516460000000000E+004, 1.000000000000000E+002, 1.002350000000000E+003,-7.764929999999999E-011,-3.298130000000000E-015
 1.224810000000000E+000, 3.516460000000000E+004, 1.000000000000000E+002, 1.002350000000000E+003,-8.053360000000000E-011, 2.875790000000000E-015
 1.224810000000000E+000, 3.516460000000000E+004, 1.000000000000000E+002, 1.002350000000000E+003,-7.819700000000000E-011,-5.044840000000000E-015
 1.224810000000000E+000, 3.516460000000000E+004, 1.000000000000000E+002, 1.002350000000000E+003,-6.665809999999999E-011,-5.944020000000000E-015
 1.224810000000000E+000, 3.516460000000000E+004, 1.000000000000000E+002, 1.002350000000000E+003,-5.344740000000000E-011,-2.149570000000000E-015
 1.224810000000000E+000, 3.516460000000000E+004, 1.000000000000000E+002, 1.002350000000000E+003,-5.623350000000000E-011,-3.485210000000000E-015
 1.224810000000000E+000, 3.516460000000000E+004, 1.000000000000000E+002, 1.002350000000000E+003,-6.333150000000000E-011,-1.468660000000000E-015
 1.224810000000000E+000, 3.516460000000000E+004, 1.000000000000000E+002, 1.002350000000000E+003,-6.530180000000000E-011,-1.196370000000000E-015
 1.224810000000000E+000, 3.516460000000000E+004, 1.000000000000000E+002, 1.002350000000000E+003,-6.397520000000000E-011,-1.620500000000000E-015
 1.224810000000000E+000, 3.516460000000000E+004, 1.000000000000000E+002, 1.002350000000000E+003,-7.345750000000000E-011, 5.866070000000000E-015
 1.224810000000000E+000, 3.516460000000000E+004, 1.000000000000000E+002, 1.002350000000000E+003,-6.855590000000001E-011, 1.322830000000000E-015
 1.224810000000000E+000, 3.516460000000000E+004, 1.000000000000000E+002, 1.002350000000000E+003,-6.558760000000000E-011, 3.383690000000000E-015
 1.224810000000000E+000, 3.516460000000000E+004, 1.000000000000000E+002, 1.002350000000000E+003,-6.642080000000000E-011, 2.989570000000000E-015
 1.224810000000000E+000, 3.516460000000000E+004, 1.000000000000000E+002, 1.002350000000000E+003, 1.392610000000000E-010, 2.643240000000000E-015
 1.224810000000000E+000, 3.516460000000000E+004, 1.000000000000000E+002, 1.002350000000000E+003, 7.724310000000000E-009, 4.011740000000000E-015
 1.224810000000000E+000, 3.516460000000000E+004, 1.000000000000000E+002, 1.002350000000000E+003,-1.079880000000000E-007, 4.413670000000000E-015
 1.224800000000000E+000, 3.516470000000000E+004, 1.000010000000000E+002, 1.002350000000000E+003,-4.682740000000000E-006, 3.123520000000000E-015
 1.224830000000000E+000, 3.516440000000000E+004, 9.999809999999999E+001, 1.002350000000000E+003, 7.406700000000000E-003, 1.355550000000000E-012
 1.225060000000000E+000, 3.520430000000000E+004, 1.000930000000000E+002, 1.002260000000000E+003, 2.007040000000000E-001, 6.157450000000000E-012
 1.227790000000000E+000, 3.537620000000000E+004, 1.003580000000000E+002, 1.002080000000000E+003, 9.379970000000000E-001,-2.755410000000000E-012
 1.227940000000000E+000, 3.538640000000000E+004, 1.003740000000000E+002, 1.002100000000000E+003, 1.010240000000000E+000,-2.939910000000000E-012
 1.225230000000000E+000, 3.522270000000000E+004, 1.001310000000000E+002, 1.002300000000000E+003, 3.267880000000000E-001, 1.852970000000000E-014
 1.224920000000000E+000, 3.517820000000000E+004, 1.000300000000000E+002, 1.002340000000000E+003, 9.642310000000000E-002,-3.446450000000000E-014
 1.224830000000000E+000, 3.516580000000000E+004, 1.000020000000000E+002, 1.002350000000000E+003, 1.494350000000000E-002,-3.017010000000000E-014
 1.224810000000000E+000, 3.516470000000000E+004, 1.000000000000000E+002, 1.002350000000000E+003, 9.646010000000000E-004, 2.553320000000000E-014
 1.224810000000000E+000, 3.516460000000000E+004, 1.000000000000000E+002, 1.002350000000000E+003, 1.901330000000000E-005,-2.561390000000000E-014
 1.224810000000000E+000, 3.516460000000000E+004, 1.000000000000000E+002, 1.002350000000000E+003, 2.748470000000000E-007, 4.434760000000000E-015
 1.224810000000000E+000, 3.516460000000000E+004, 1.000000000000000E+002, 1.002350000000000E+003, 1.843380000000000E-009, 2.945670000000000E-014
 1.224810000000000E+000, 3.516460000000000E+004, 1.000000000000000E+002, 1.002350000000000E+003,-1.734830000000000E-009, 1.770700000000000E-014
 1.224810000000000E+000, 3.516460000000000E+004, 1.000000000000000E+002, 1.002350000000000E+003,-1.699670000000000E-009, 2.446250000000000E-014
 1.224810000000000E+000, 3.516460000000000E+004, 1.000000000000000E+002, 1.002350000000000E+003,-1.531070000000000E-009, 2.520940000000000E-014
 1.224810000000000E+000, 3.516460000000000E+004, 1.000000000000000E+002, 1.002350000000000E+003,-1.358100000000000E-009, 4.800920000000000E-015
 1.224810000000000E+000, 3.516460000000000E+004, 1.000000000000000E+002, 1.002350000000000E+003,-1.227770000000000E-009,-1.112180000000000E-014
 1.224810000000000E+000, 3.516460000000000E+004, 1.000000000000000E+002, 1.002350000000000E+003,-1.140680000000000E-009,-2.516910000000000E-014
 1.224810000000000E+000, 3.516460000000000E+004, 1.000000000000000E+002, 1.002350000000000E+003,-1.050160000000000E-009,-1.728240000000000E-014
 1.224810000000000E+000, 3.516460000000000E+004, 1.000000000000000E+002, 1.002350000000000E+003,-9.900480000000001E-010,-7.971859999999999E-015
 1.224810000000000E+000, 3.516460000000000E+004, 1.000000000000000E+002, 1.002350000000000E+003,-9.225040000000000E-010,-1.355080000000000E-014
 1.224810000000000E+000, 3.516460000000000E+004, 1.000000000000000E+002, 1.002350000000000E+003,-8.322780000000000E-010,-7.572110000000000E-015
 1.224810000000000E+000, 3.516460000000000E+004, 1.000000000000000E+002, 1.002350000000000E+003,-7.625640000000000E-010,-1.363200000000000E-015
 1.224810000000000E+000, 3.516460000000000E+004, 1.000000000000000E+002, 1.002350000000000E+003,-7.039030000000000E-010,-2.486040000000000E-015
 1.224810000000000E+000, 3.516460000000000E+004, 1.000000000000000E+002, 1.002350000000000E+003,-6.493140000000000E-010,-1.440130000000000E-015
 1.224810000000000E+000, 3.516460000000000E+004, 1.000000000000000E+002, 1.002350000000000E+003,-5.904600000000000E-010, 1.428490000000000E-014
 1.224810000000000E+000, 3.516460000000000E+004, 1.000000000000000E+002, 1.002350000000000E+003,-5.219149999999999E-010,-1.481710000000000E-014
 1.224810000000000E+000, 3.516460000000000E+004, 1.000000000000000E+002, 1.002350000000000E+003,-4.712240000000000E-010, 3.807330000000000E-015
 1.224810000000000E+000, 3.516460000000000E+004, 1.000000000000000E+002, 1.002350000000000E+003,-4.430730000000000E-010,-1.042190000000000E-014
 1.224810000000000E+000, 3.516460000000000E+004, 1.000000000000000E+002, 1.002350000000000E+003,-4.070940000000000E-010, 4.563170000000000E-015
 1.224810000000000E+000, 3.516460000000000E+004, 1.000000000000000E+002, 1.002350000000000E+003,-3.817130000000000E-010,-8.837820000000000E-015
 1.224810000000000E+000, 3.516460000000000E+004, 1.000000000000000E+002, 1.002350000000000E+003,-3.565260000000000E-010, 1.317900000000000E-014
 1.224810000000000E+000, 3.516460000000000E+004, 1.000000000000000E+002, 1.002350000000000E+003,-3.184350000000000E-010,-7.080080000000000E-015
 1.224810000000000E+000, 3.516460000000000E+004, 1.000000000000000E+002, 1.002350000000000E+003,-3.188990000000000E-010, 2.150440000000000E-014
 1.224810000000000E+000, 3.516460000000000E+004, 1.000000000000000E+002, 1.002350000000000E+003,-2.999850000000000E-010,-3.525980000000000E-015
 1.224810000000000E+000, 3.516460000000000E+004, 1.000000000000000E+002, 1.002350000000000E+003,-2.819170000000000E-010, 1.488890000000000E-014
 1.224810000000000E+000, 3.516460000000000E+004, 1.000000000000000E+002, 1.002350000000000E+003,-2.453340000000000E-010, 4.665860000000000E-015
 1.224810000000000E+000, 3.516460000000000E+004, 1.000000000000000E+002, 1.002350000000000E+003,-2.276670000000000E-010, 1.593820000000000E-014
 1.224810000000000E+000, 3.516460000000000E+004, 1.000000000000000E+002, 1.002350000000000E+003,-2.276560000000000E-010,-5.981120000000000E-015
 1.224810000000000E+000, 3.516460000000000E+004, 1.000000000000000E+002, 1.002350000000000E+003,-2.091100000000000E-010,-5.300110000000000E-015
 1.224810000000000E+000, 3.516460000000000E+004, 1.000000000000000E+002, 1.002350000000000E+003,-2.005960000000000E-010,-1.661380000000000E-014
 1.224810000000000E+000, 3.516460000000000E+004, 1.000000000000000E+002, 1.002350000000000E+003,-2.048150000000000E-010,-9.144240000000000E-015
 1.224810000000000E+000, 3.516460000000000E+004, 1.000000000000000E+002, 1.002350000000000E+003,-1.959280000000000E-010,-1.931940000000000E-014
 1.224810000000000E+000, 3.516460000000000E+004, 1.000000000000000E+002, 1.002350000000000E+003,-1.910740000000000E-010,-8.098780000000000E-015
 1.224810000000000E+000, 3.516460000000000E+004, 1.000000000000000E+002, 1.002350000000000E+003,-2.096790000000000E-010,-7.138259999999999E-015
 1.224810000000000E+000, 3.516460000000000E+004, 1.000000000000000E+002, 1.002350000000000E+003,-2.012360000000000E-010,-5.116530000000000E-015
 1.224810000000000E+000, 3.516460000000000E+004, 1.000000000000000E+002, 1.002350000000000E+003,-1.727790000000000E-010,-3.431270000000000E-015
 1.224810000000000E+000, 3.516460000000000E+004, 1.000000000000000E+002, 1.002350000000000E+003,-1.570710000000000E-010, 5.807480000000000E-016
 1.224810000000000E+000, 3.516460000000000E+004, 1.000000000000000E+002, 1.002350000000000E+003,-1.522330000000000E-010, 1.880510000000000E-015
 1.224810000000000E+000, 3.516460000000000E+004, 1.000000000000000E+002, 1.002350000000000E+003,-1.543700000000000E-010, 3.907520000000000E-015
 1.224810000000000E+000, 3.516460000000000E+004, 1.000000000000000E+002, 1.002350000000000E+003,-1.553950000000000E-010,-3.144750000000000E-015
 1.224810000000000E+000, 3.516460000000000E+004, 1.000000000000000E+002, 1.002350000000000E+003,-1.558390000000000E-010, 2.783860000000000E-015
 1.224810000000000E+000, 3.516460000000000E+004, 1.000000000000000E+002, 1.002350000000000E+003,-1.467520000000000E-010,-1.348540000000000E-014
 1.224810000000000E+000, 3.516460000000000E+004, 1.000000000000000E+002, 1.002350000000000E+003,-1.551720000000000E-010, 1.339350000000000E-015
 1.224810000000000E+000, 3.516460000000000E+004, 1.000000000000000E+002, 1.002350000000000E+003,-1.396980000000000E-010,-1.888270000000000E-014
 1.224810000000000E+000, 3.516460000000000E+004, 1.000000000000000E+002, 1.002350000000000E+003,-1.178630000000000E-010, 1.694340000000000E-015
 1.224810000000000E+000, 3.516460000000000E+004, 1.000000000000000E+002, 1.002350000000000E+003,-1.005710000000000E-010,-2.084120000000000E-014
 1.224810000000000E+000, 3.516460000000000E+004, 1.000000000000000E+002, 1.002350000000000E+003,-1.003780000000000E-010,-5.337120000000000E-015
 1.224810000000000E+000, 3.516460000000000E+004, 1.000000000000000E+002, 1.002350000000000E+003,-1.110090000000000E-010,-3.362850000000000E-015
 1.224810000000000E+000, 3.516460000000000E+004, 1.000000000000000E+002, 1.002350000000000E+003,-1.272930000000000E-010,-5.982410000000000E-015
 1.224810000000000E+000, 3.516460000000000E+004, 1.000000000000000E+002, 1.002350000000000E+003,-1.366440000000000E-010, 8.334130000000000E-016
 1.224810000000000E+000, 3.516460000000000E+004, 1.000000000000000E+002, 1.002350000000000E+003,-1.389470000000000E-010, 6.825840000000000E-016
 1.224810000000000E+000, 3.516460000000000E+004, 1.000000000000000E+002, 1.002350000000000E+003,-1.327520000000000E-010,-1.339500000000000E-015
 1.224810000000000E+000, 3.516460000000000E+004, 1.000000000000000E+002, 1.002350000000000E+003,-1.322740000000000E-010, 1.808200000000000E-015
 1.224810000000000E+000, 3.516460000000000E+004, 1.000000000000000E+002, 1.002350000000000E+003,-1.203010000000000E-010, 5.757680000000000E-015
 1.224810000000000E+000, 3.516460000000000E+004, 1.000000000000000E+002, 1.002350000000000E+003,-1.112610000000000E-010, 4.756780000000000E-015
 1.224810000000000E+000, 3.516460000000000E+004, 1.000000000000000E+002, 1.002350000000000E+003,-1.175350000000000E-010, 5.838040000000000E-015
 1.224810000000000E+000, 3.516460000000000E+004, 1.000000000000000E+002, 1.002350000000000E+003,-1.090840000000000E-010,-2.055690000000000E-015
 1.224810000000000E+000, 3.516460000000000E+004, 1.000000000000000E+002, 1.002350000000000E+003,-9.792160000000000E-011, 5.027150000000000E-015
 1.224810000000000E+000, 3.516460000000000E+004, 1.000000000000000E+002, 1.002350000000000E+003,-9.205730000000000E-011, 5.414900000000000E-015
 1.224810000000000E+000, 3.516460000000000E+004, 1.000000000000000E+002, 1.002350000000000E+003,-9.455269999999999E-011, 5.755470000000000E-015
 1.224810000000000E+000, 3.516460000000000E+004, 1.000000000000000E+002, 1.002350000000000E+003,-1.025020000000000E-010, 3.067430000000000E-015
 1.224810000000000E+000, 3.516460000000000E+004, 1.000000000000000E+002, 1.002350000000000E+003,-1.039340000000000E-010,-3.983450000000000E-015
 1.224810000000000E+000, 3.516460000000000E+004, 1.000000000000000E+002, 1.002350000000000E+003,-1.110000000000000E-010,-1.982300000000000E-015
 1.224810000000000E+000, 3.516460000000000E+004, 1.000000000000000E+002, 1.002350000000000E+003,-9.722780000000001E-011,-1.282740000000000E-015
 1.224810000000000E+000, 3.516460000000000E+004, 1.000000000000000E+002, 1.002350000000000E+003,-8.567910000000001E-011,-3.669950000000000E-015
 1.224810000000000E+000, 3.516460000000000E+004, 1.000000000000000E+002, 1.002350000000000E+003,-8.193940000000001E-011, 2.089480000000000E-016
 1.224810000000000E+000, 3.516460000000000E+004, 1.000000000000000E+002, 1.002350000000000E+003,-8.995920000000000E-011,-1.480580000000000E-014
 1.224810000000000E+000, 3.516460000000000E+004, 1.000000000000000E+002, 1.002350000000000E+003,-9.312940000000000E-011, 3.000460000000000E-017
 1.224810000000000E+000, 3.516460000000000E+004, 1.000000000000000E+002, 1.002350000000000E+003,-8.948270000000001E-011,-1.405180000000000E-014
 1.224810000000000E+000, 3.516460000000000E+004, 1.000000000000000E+002, 1.002350000000000E+003,-8.449310000000000E-011,-4.174180000000000E-015
 1.224810000000000E+000, 3.516460000000000E+004, 1.000000000000000E+002, 1.002350000000000E+003,-7.535170000000000E-011,-8.882840000000001E-015
 1.224810000000000E+000, 3.516460000000000E+004, 1.000000000000000E+002, 1.002350000000000E+003,-7.474089999999999E-011,-6.098540000000000E-015
 1.224810000000000E+000, 3.516460000000000E+004, 1.000000000000000E+002, 1.002350000000000E+003,-6.819050000000000E-011,-5.223220000000000E-015
 1.224810000000000E+000, 3.516460000000000E+004, 1.000000000000000E+002, 1.002350000000000E+003,-7.575760000000000E-011, 5.760150000000000E-016
 1.224810000000000E+000, 3.516460000000000E+004, 1.000000000000000E+002, 1.002350000000000E+003,-7.718390000000000E-011, 2.648810000000000E-015
 1.224810000000000E+000, 3.516460000000000E+004, 1.000000000000000E+002, 1.002350000000000E+003,-7.885989999999999E-011,-1.892800000000000E-015
 1.224810000000000E+000, 3.516460000000000E+004, 1.000000000000000E+002, 1.002350000000000E+003,-8.435529999999999E-011,-3.984700000000000E-015
 1.224810000000000E+000, 3.516460000000000E+004, 1.000000000000000E+002, 1.002350000000000E+003,-7.513640000000000E-011, 8.747200000000000E-016
 1.224810000000000E+000, 3.516460000000000E+004, 1.000000000000000E+002, 1.002350000000000E+003,-6.279370000000000E-011,-5.812700000000000E-015
 1.224810000000000E+000, 3.516460000000000E+004, 1.000000000000000E+002, 1.002350000000000E+003,-6.684760000000000E-011, 1.236720000000000E-015
 1.224810000000000E+000, 3.516460000000000E+004, 1.000000000000000E+002, 1.002350000000000E+003,-5.683950000000000E-011,-4.852390000000000E-015
 1.224810000000000E+000, 3.516460000000000E+004, 1.000000000000000E+002, 1.002350000000000E+003,-4.630950000000000E-011, 3.167790000000000E-015
 1.224810000000000E+000, 3.516460000000000E+004, 1.000000000000000E+002, 1.002350000000000E+003,-7.663229999999999E-011,-6.381000000000000E-015
 1.224810000000000E+000, 3.516460000000000E+004, 1.000000000000000E+002, 1.002350000000000E+003,-6.846920000000000E-011,-8.258420000000000E-016
 1.224810000000000E+000, 3.516460000000000E+004, 1.000000000000000E+002, 1.002350000000000E+003,-5.655260000000000E-011,-1.278040000000000E-015
 1.224810000000000E+000, 3.516460000000000E+004, 1.000000000000000E+002, 1.002350000000000E+003, 2.613730000000000E-010,-1.089560000000000E-015
 1.224810000000000E+000, 3.516460000000000E+004, 1.000000000000000E+002, 1.002350000000000E+003,-5.316420000000000E-009,-2.746480000000000E-015
 1.224810000000000E+000, 3.516460000000000E+004, 1.000000000000000E+002, 1.002350000000000E+003, 1.050450000000000E-007,-2.677190000000000E-015
 1.224800000000000E+000, 3.516470000000000E+004, 1.000010000000000E+002, 1.002350000000000E+003,-5.027720000000000E-006,-4.028580000000000E-015
 1.225400000000000E+000, 3.525820000000000E+004, 1.002180000000000E+002, 1.002150000000000E+003, 3.717550000000000E-001, 8.135570000000000E-013
 1.507870000000000E+000, 5.248250000000000E+004, 1.212310000000000E+002, 9.785640000000000E+002, 5.234820000000000E+001, 1.066520000000000E-009
 1.916750000000000E+000, 7.616330000000000E+004, 1.384030000000000E+002, 9.685540000000000E+002, 1.177820000000000E+002,-3.175700000000000E-010
 1.920910000000000E+000, 7.523370000000000E+004, 1.364170000000000E+002, 9.736360000000000E+002, 1.161520000000000E+002,-3.828250000000000E-010
 1.731720000000000E+000, 6.283050000000000E+004, 1.263740000000000E+002, 9.859130000000000E+002, 8.865970000000000E+001,-7.645780000000000E-011
 1.386700000000000E+000, 4.340820000000000E+004, 1.090320000000000E+002, 9.997329999999999E+002, 3.186450000000000E+001,-9.105690000000000E-012
 1.232300000000000E+000, 3.555840000000000E+004, 1.005050000000000E+002, 1.002590000000000E+003, 1.783310000000000E+000,-3.291570000000000E-013
 1.224880000000000E+000, 3.517050000000000E+004, 1.000110000000000E+002, 1.002360000000000E+003, 4.226650000000000E-002,-2.077980000000000E-014
 1.224810000000000E+000, 3.516470000000000E+004, 1.000000000000000E+002, 1.002350000000000E+003, 1.963570000000000E-003,-3.426810000000000E-014
 1.224810000000000E+000, 3.516460000000000E+004, 1.000000000000000E+002, 1.002350000000000E+003, 3.686760000000000E-005, 2.991580000000000E-014
 1.224810000000000E+000, 3.516460000000000E+004, 1.000000000000000E+002, 1.002350000000000E+003, 3.827430000000000E-007,-9.793620000000000E-015
 1.224810000000000E+000, 3.516460000000000E+004, 1.000000000000000E+002, 1.002350000000000E+003, 4.767170000000000E-009, 1.406450000000000E-014
 1.224810000000000E+000, 3.516460000000000E+004, 1.000000000000000E+002, 1.002350000000000E+003,-2.758550000000000E-010, 4.372210000000000E-015
 1.224810000000000E+000, 3.516460000000000E+004, 1.000000000000000E+002, 1.002350000000000E+003,-7.616720000000000E-010, 1.905670000000000E-014
 1.224810000000000E+000, 3.516460000000000E+004, 1.000000000000000E+002, 1.002350000000000E+003,-9.634870000000000E-010,-9.238580000000000E-016
 1.224810000000000E+000, 3.516460000000000E+004, 1.000000000000000E+002, 1.002350000000000E+003,-1.104320000000000E-009, 2.030200000000000E-014
 1.224810000000000E+000, 3.516460000000000E+004, 1.000000000000000E+002, 1.002350000000000E+003,-1.135810000000000E-009,-5.860360000000000E-015
 1.224810000000000E+000, 3.516460000000000E+004, 1.000000000000000E+002, 1.002350000000000E+003,-1.006270000000000E-009,-1.285390000000000E-014
 1.224810000000000E+000, 3.516460000000000E+004, 1.000000000000000E+002, 1.002350000000000E+003,-8.709450000000000E-010,-7.874290000000000E-015
 1.224810000000000E+000, 3.516460000000000E+004, 1.000000000000000E+002, 1.002350000000000E+003,-7.437340000000000E-010,-1.275010000000000E-014
 1.224810000000000E+000, 3.516460000000000E+004, 1.000000000000000E+002, 1.002350000000000E+003,-6.600340000000000E-010,-8.553000000000000E-015
 1.224810000000000E+000, 3.516460000000000E+004, 1.000000000000000E+002, 1.002350000000000E+003,-5.841410000000000E-010,-2.124270000000000E-014
 1.224810000000000E+000, 3.516460000000000E+004, 1.000000000000000E+002, 1.002350000000000E+003,-5.143640000000000E-010, 9.371440000000000E-015
 1.224810000000000E+000, 3.516460000000000E+004, 1.000000000000000E+002, 1.002350000000000E+003,-4.706490000000000E-010,-5.553440000000000E-015
 1.224810000000000E+000, 3.516460000000000E+004, 1.000000000000000E+002, 1.002350000000000E+003,-4.311800000000000E-010, 3.601340000000000E-015
 1.224810000000000E+000, 3.516460000000000E+004, 1.000000000000000E+002, 1.002350000000000E+003,-3.996560000000000E-010, 2.690770000000000E-015
 1.224810000000000E+000, 3.516460000000000E+004, 1.000000000000000E+002, 1.002350000000000E+003,-3.896500000000000E-010,-3.059160000000000E-016
 1.224810000000000E+000, 3.516460000000000E+004, 1.000000000000000E+002, 1.002350000000000E+003,-3.716260000000000E-010, 2.650280000000000E-014
 1.224810000000000E+000, 3.516460000000000E+004, 1.000000000000000E+002, 1.002350000000000E+003,-3.364850000000000E-010,-1.202730000000000E-014
 1.224810000000000E+000, 3.516460000000000E+004, 1.000000000000000E+002, 1.002350000000000E+003,-3.242790000000000E-010, 2.698520000000000E-014
 1.224810000000000E+000, 3.516460000000000E+004, 1.000000000000000E+002, 1.002350000000000E+003,-3.098020000000000E-010, 3.484130000000000E-015
 1.224810000000000E+000, 3.516460000000000E+004, 1.000000000000000E+002, 1.002350000000000E+003,-3.098300000000000E-010, 1.584730000000000E-014
 1.224810000000000E+000, 3.516460000000000E+004, 1.000000000000000E+002, 1.002350000000000E+003,-2.982570000000000E-010, 2.370110000000000E-014
 1.224810000000000E+000, 3.516460000000000E+004, 1.000000000000000E+002, 1.002350000000000E+003,-2.886430000000000E-010, 2.144760000000000E-014
 1.224810000000000E+000, 3.516460000000000E+004, 1.000000000000000E+002, 1.002350000000000E+003,-2.638560000000000E-010,-2.492940000000000E-015
 1.224810000000000E+000, 3.516460000000000E+004, 1.000000000000000E+002, 1.002350000000000E+003,-2.463620000000000E-010, 1.639110000000000E-014
 1.224810000000000E+000, 3.516460000000000E+004, 1.000000000000000E+002, 1.002350000000000E+003,-2.535140000000000E-010, 2.849250000000000E-016
 1.224810000000000E+000, 3.516460000000000E+004, 1.000000000000000E+002, 1.002350000000000E+003,-2.321130000000000E-010, 1.855690000000000E-014
 1.224810000000000E+000, 3.516460000000000E+004, 1.000000000000000E+002, 1.002350000000000E+003,-2.335500000000000E-010,-4.031980000000000E-015
 1.224810000000000E+000, 3.516460000000000E+004, 1.000000000000000E+002, 1.002350000000000E+003,-2.299710000000000E-010, 6.648320000000000E-015
 1.224810000000000E+000, 3.516460000000000E+004, 1.000000000000000E+002, 1.002350000000000E+003,-2.099160000000000E-010, 7.812500000000000E-015
 1.224810000000000E+000, 3.516460000000000E+004, 1.000000000000000E+002, 1.002350000000000E+003,-1.910130000000000E-010, 6.871520000000000E-016
 1.224810000000000E+000, 3.516460000000000E+004, 1.000000000000000E+002, 1.002350000000000E+003,-1.799220000000000E-010,-1.043470000000000E-015
 1.224810000000000E+000, 3.516460000000000E+004, 1.000000000000000E+002, 1.002350000000000E+003,-1.816090000000000E-010, 6.420170000000000E-015
 1.224810000000000E+000, 3.516460000000000E+004, 1.000000000000000E+002, 1.002350000000000E+003,-1.939700000000000E-010, 4.349600000000000E-016
 1.224810000000000E+000, 3.516460000000000E+004, 1.000000000000000E+002, 1.002350000000000E+003,-1.989020000000000E-010, 4.206520000000000E-015
 1.224810000000000E+000, 3.516460000000000E+004, 1.000000000000000E+002, 1.002350000000000E+003,-1.905320000000000E-010, 1.052990000000000E-014
 1.224810000000000E+000, 3.516460000000000E+004, 1.000000000000000E+002, 1.002350000000000E+003,-1.912950000000000E-010, 7.621040000000000E-015
 1.224810000000000E+000, 3.516460000000000E+004, 1.000000000000000E+002, 1.002350000000000E+003,-1.800620000000000E-010, 8.156780000000001E-015
 1.224810000000000E+000, 3.516460000000000E+004, 1.000000000000000E+002, 1.002350000000000E+003,-1.657230000000000E-010, 1.318560000000000E-014
 1.224810000000000E+000, 3.516460000000000E+004, 1.000000000000000E+002, 1.002350000000000E+003,-1.647610000000000E-010, 4.301690000000000E-016
 1.224810000000000E+000, 3.516460000000000E+004, 1.000000000000000E+002, 1.002350000000000E+003,-1.614540000000000E-010, 1.016550000000000E-014
 1.224810000000000E+000, 3.516460000000000E+004, 1.000000000000000E+002, 1.002350000000000E+003,-1.462670000000000E-010,-2.138190000000000E-015
 1.224810000000000E+000, 3.516460000000000E+004, 1.000000000000000E+002, 1.002350000000000E+003,-1.423370000000000E-010, 6.006470000000000E-015
 1.224810000000000E+000, 3.516460000000000E+004, 1.000000000000000E+002, 1.002350000000000E+003,-1.417500000000000E-010, 3.496620000000000E-015
 1.224810000000000E+000, 3.516460000000000E+004, 1.000000000000000E+002, 1.002350000000000E+003,-1.295760000000000E-010, 4.129800000000000E-015
 1.224810000000000E+000, 3.516460000000000E+004, 1.000000000000000E+002, 1.002350000000000E+003,-1.354570000000000E-010,-4.702140000000000E-015
 1.224810000000000E+000, 3.516460000000000E+004, 1.000000000000000E+002, 1.002350000000000E+003,-1.327000000000000E-010, 9.783099999999999E-016
 1.224810000000000E+000, 3.516460000000000E+004, 1.000000000000000E+002, 1.002350000000000E+003,-1.334320000000000E-010, 3.440210000000000E-015
 1.224810000000000E+000, 3.516460000000000E+004, 1.000000000000000E+002, 1.002350000000000E+003,-1.517530000000000E-010,-6.795010000000000E-015
 1.224810000000000E+000, 3.516460000000000E+004, 1.000000000000000E+002, 1.002350000000000E+003,-1.514600000000000E-010, 1.049770000000000E-014
 1.224810000000000E+000, 3.516460000000000E+004, 1.000000000000000E+002, 1.002350000000000E+003,-1.465710000000000E-010,-8.652600000000000E-015
 1.224810000000000E+000, 3.516460000000000E+004, 1.000000000000000E+002, 1.002350000000000E+003,-1.387100000000000E-010, 8.417880000000000E-015
 1.224810000000000E+000, 3.516460000000000E+004, 1.000000000000000E+002, 1.002350000000000E+003,-1.390560000000000E-010,-9.975300000000001E-016
 1.224810000000000E+000, 3.516460000000000E+004, 1.000000000000000E+002, 1.002350000000000E+003,-1.346990000000000E-010, 8.418800000000000E-015
 1.224810000000000E+000, 3.516460000000000E+004, 1.000000000000000E+002, 1.002350000000000E+003,-1.320910000000000E-010,-8.512520000000001E-015
 1.224810000000000E+000, 3.516460000000000E+004, 1.000000000000000E+002, 1.002350000000000E+003,-1.299130000000000E-010, 1.240030000000000E-014
 1.224810000000000E+000, 3.516460000000000E+004, 1.000000000000000E+002, 1.002350000000000E+003,-1.201420000000000E-010,-5.269540000000000E-015
 1.224810000000000E+000, 3.516460000000000E+004, 1.000000000000000E+002, 1.002350000000000E+003,-1.160150000000000E-010, 7.815170000000000E-015
 1.224810000000000E+000, 3.516460000000000E+004, 1.000000000000000E+002, 1.002350000000000E+003,-1.239370000000000E-010,-9.814800000000000E-015
 1.224810000000000E+000, 3.516460000000000E+004, 1.000000000000000E+002, 1.002350000000000E+003,-1.168380000000000E-010, 1.028690000000000E-014
 1.224810000000000E+000, 3.516460000000000E+004, 1.000000000000000E+002, 1.002350000000000E+003,-1.073380000000000E-010,-2.492900000000000E-015
 1.224810000000000E+000, 3.516460000000000E+004, 1.000000000000000E+002, 1.002350000000000E+003,-1.004240000000000E-010, 4.307340000000000E-015
 1.224810000000000E+000, 3.516460000000000E+004, 1.000000000000000E+002, 1.002350000000000E+003,-9.398650000000000E-011, 1.009760000000000E-014
 1.224810000000000E+000, 3.516460000000000E+004, 1.000000000000000E+002, 1.002350000000000E+003,-9.461670000000000E-011, 1.920380000000000E-015
 1.224810000000000E+000, 3.516460000000000E+004, 1.000000000000000E+002, 1.002350000000000E+003,-9.632750000000000E-011, 4.525690000000000E-015
 1.224810000000000E+000, 3.516460000000000E+004, 1.000000000000000E+002, 1.002350000000000E+003,-8.948750000000000E-011,-6.689950000000000E-017
 1.224810000000000E+000, 3.516460000000000E+004, 1.000000000000000E+002, 1.002350000000000E+003,-9.280680000000000E-011,-4.909430000000000E-017
 1.224810000000000E+000, 3.516460000000000E+004, 1.000000000000000E+002, 1.002350000000000E+003,-9.658150000000000E-011,-4.464040000000000E-017
 1.224810000000000E+000, 3.516460000000000E+004, 1.000000000000000E+002, 1.002350000000000E+003,-9.457020000000000E-011,-5.348710000000000E-015
 1.224810000000000E+000, 3.516460000000000E+004, 1.000000000000000E+002, 1.002350000000000E+003,-7.995800000000000E-011, 3.817580000000000E-015
 1.224810000000000E+000, 3.516460000000000E+004, 1.000000000000000E+002, 1.002350000000000E+003,-8.529059999999999E-011,-7.854520000000000E-015
 1.224810000000000E+000, 3.516460000000000E+004, 1.000000000000000E+002, 1.002350000000000E+003,-8.666300000000000E-011,-3.678530000000000E-016
 1.224810000000000E+000, 3.516460000000000E+004, 1.000000000000000E+002, 1.002350000000000E+003,-8.150190000000000E-011,-4.464080000000000E-015
 1.224810000000000E+000, 3.516460000000000E+004, 1.000000000000000E+002, 1.002350000000000E+003,-7.958450000000000E-011, 5.325200000000000E-016
 1.224810000000000E+000, 3.516460000000000E+004, 1.000000000000000E+002, 1.002350000000000E+003,-8.715930000000000E-011,-4.039560000000000E-015
 1.224810000000000E+000, 3.516460000000000E+004, 1.000000000000000E+002, 1.002350000000000E+003,-8.234900000000000E-011, 3.680320000000000E-015
 1.224810000000000E+000, 3.516460000000000E+004, 1.000000000000000E+002, 1.002350000000000E+003,-7.106540000000000E-011, 1.669940000000000E-015
 1.224810000000000E+000, 3.516460000000000E+004, 1.000000000000000E+002, 1.002350000000000E+003,-7.689160000000000E-011, 2.233000000000000E-015
 1.224810000000000E+000, 3.516460000000000E+004, 1.000000000000000E+002, 1.002350000000000E+003,-6.927240000000000E-011, 5.012840000000000E-015
 1.224810000000000E+000, 3.516460000000000E+004, 1.000000000000000E+002, 1.002350000000000E+003,-7.128120000000001E-011, 4.461450000000000E-015
 1.224810000000000E+000, 3.516460000000000E+004, 1.000000000000000E+002, 1.002350000000000E+003,-6.335680000000000E-011, 1.309970000000000E-015
 1.224810000000000E+000, 3.516460000000000E+004, 1.000000000000000E+002, 1.002350000000000E+003,-6.693410000000000E-011, 1.378700000000000E-015
 1.224810000000000E+000, 3.516460000000000E+004, 1.000000000000000E+002, 1.002350000000000E+003,-7.422110000000000E-011, 2.674820000000000E-015
 1.224810000000000E+000, 3.516460000000000E+004, 1.000000000000000E+002, 1.002350000000000E+003,-7.130150000000000E-011, 4.229740000000000E-015
 1.224810000000000E+000, 3.516460000000000E+004, 1.000000000000000E+002, 1.002350000000000E+003, 2.534740000000000E-010, 2.152910000000000E-015
 1.224810000000000E+000, 3.516460000000000E+004, 1.000000000000000E+002, 1.002350000000000E+003,-8.642350000000000E-009, 1.526110000000000E-015
 1.224810000000000E+000, 3.516460000000000E+004, 1.000000000000000E+002, 1.002350000000000E+003, 1.307090000000000E-007, 9.658950000000001E-016
 1.224800000000000E+000, 3.516470000000000E+004, 1.000010000000000E+002, 1.002350000000000E+003,-4.490370000000000E-006,-1.871570000000000E-018
 1.668520000000000E+000, 6.487950000000000E+004, 1.354380000000000E+002, 9.636440000000000E+002, 7.242749999999999E+001, 4.574060000000000E-010
 2.663050000000000E+000, 1.448390000000000E+005, 1.894400000000000E+002, 8.933350000000000E+002, 2.251000000000000E+002, 3.039050000000000E-009
 2.962870000000000E+000, 1.595820000000000E+005, 1.876010000000000E+002, 9.217890000000000E+002, 2.492730000000000E+002, 2.813590000000000E-010
 2.890280000000000E+000, 1.490720000000000E+005, 1.796470000000000E+002, 9.391609999999999E+002, 2.388270000000000E+002, 5.205290000000000E-011
 2.760940000000000E+000, 1.317170000000000E+005, 1.661690000000000E+002, 9.630420000000000E+002, 2.130080000000000E+002, 6.640460000000000E-012
 2.387220000000000E+000, 1.000150000000000E+005, 1.459280000000000E+002, 9.859490000000000E+002, 1.658820000000000E+002, 6.672580000000000E-013
 1.718900000000000E+000, 5.992430000000000E+004, 1.214270000000000E+002, 1.000990000000000E+003, 8.379910000000000E+001,-1.006620000000000E-013
 1.276600000000000E+000, 3.765650000000000E+004, 1.027420000000000E+002, 1.003700000000000E+003, 1.052500000000000E+001, 1.153520000000000E-013
 1.225530000000000E+000, 3.520440000000000E+004, 1.000540000000000E+002, 1.002410000000000E+003, 1.816240000000000E-001,-1.854950000000000E-013
 1.224820000000000E+000, 3.516490000000000E+004, 1.000010000000000E+002, 1.002350000000000E+003, 2.837710000000000E-003, 1.383370000000000E-013
 1.224810000000000E+000, 3.516460000000000E+004, 1.000000000000000E+002, 1.002350000000000E+003, 4.309060000000000E-005,-8.446430000000000E-014
 1.224810000000000E+000, 3.516460000000000E+004, 1.000000000000000E+002, 1.002350000000000E+003, 6.729950000000000E-007, 2.779560000000000E-014
 1.224810000000000E+000, 3.516460000000000E+004, 1.000000000000000E+002, 1.002350000000000E+003, 8.786630000000000E-008,-1.011560000000000E-014
 1.224810000000000E+000, 3.516460000000000E+004, 1.000000000000000E+002, 1.002350000000000E+003, 3.355450000000000E-008, 2.724040000000000E-014
 1.224810000000000E+000, 3.516460000000000E+004, 1.000000000000000E+002, 1.002350000000000E+003, 1.422230000000000E-008,-6.775040000000000E-015
 1.224810000000000E+000, 3.516460000000000E+004, 1.000000000000000E+002, 1.002350000000000E+003, 5.801660000000000E-009, 9.556939999999999E-015
 1.224810000000000E+000, 3.516460000000000E+004, 1.000000000000000E+002, 1.002350000000000E+003, 2.300680000000000E-009, 1.804770000000000E-014
 1.224810000000000E+000, 3.516460000000000E+004, 1.000000000000000E+002, 1.002350000000000E+003, 7.633530000000000E-010,-1.701130000000000E-015
 1.224810000000000E+000, 3.516460000000000E+004, 1.000000000000000E+002, 1.002350000000000E+003, 8.710620000000000E-011, 1.534040000000000E-014
 1.224810000000000E+000, 3.516460000000000E+004, 1.000000000000000E+002, 1.002350000000000E+003,-2.137910000000000E-010,-2.933670000000000E-015
 1.224810000000000E+000, 3.516460000000000E+004, 1.000000000000000E+002, 1.002350000000000E+003,-3.754010000000000E-010, 9.265780000000000E-015
 1.224810000000000E+000, 3.516460000000000E+004, 1.000000000000000E+002, 1.002350000000000E+003,-4.706550000000000E-010,-9.946340000000001E-015
 1.224810000000000E+000, 3.516460000000000E+004, 1.000000000000000E+002, 1.002350000000000E+003,-5.257180000000000E-010,-1.016580000000000E-014
 1.224810000000000E+000, 3.516460000000000E+004, 1.000000000000000E+002, 1.002350000000000E+003,-5.336720000000000E-010, 6.322310000000000E-015
 1.224810000000000E+000, 3.516460000000000E+004, 1.000000000000000E+002, 1.002350000000000E+003,-4.879670000000000E-010,-2.806130000000000E-014
 1.224810000000000E+000, 3.516460000000000E+004, 1.000000000000000E+002, 1.002350000000000E+003,-4.375700000000000E-010, 4.931430000000000E-015
 1.224810000000000E+000, 3.516460000000000E+004, 1.000000000000000E+002, 1.002350000000000E+003,-3.916770000000000E-010,-1.099050000000000E-014
 1.224810000000000E+000, 3.516460000000000E+004, 1.000000000000000E+002, 1.002350000000000E+003,-3.588200000000000E-010,-5.856130000000000E-016
 1.224810000000000E+000, 3.516460000000000E+004, 1.000000000000000E+002, 1.002350000000000E+003,-3.431950000000000E-010, 9.907180000000000E-015
 1.224810000000000E+000, 3.516460000000000E+004, 1.000000000000000E+002, 1.002350000000000E+003,-3.286710000000000E-010,-1.452930000000000E-014
 1.224810000000000E+000, 3.516460000000000E+004, 1.000000000000000E+002, 1.002350000000000E+003,-3.198320000000000E-010, 7.274540000000000E-015
 1.224810000000000E+000, 3.516460000000000E+004, 1.000000000000000E+002, 1.002350000000000E+003,-3.195520000000000E-010,-6.651160000000000E-016
 1.224810000000000E+000, 3.516460000000000E+004, 1.000000000000000E+002, 1.002350000000000E+003,-3.066660000000000E-010,-3.112450000000000E-016
 1.224810000000000E+000, 3.516460000000000E+004, 1.000000000000000E+002, 1.002350000000000E+003,-2.948300000000000E-010, 1.547460000000000E-014
 1.224810000000000E+000, 3.516460000000000E+004, 1.000000000000000E+002, 1.002350000000000E+003,-2.827530000000000E-010, 6.738440000000000E-015
 1.224810000000000E+000, 3.516460000000000E+004, 1.000000000000000E+002, 1.002350000000000E+003,-2.791140000000000E-010, 1.429050000000000E-014
 1.224810000000000E+000, 3.516460000000000E+004, 1.000000000000000E+002, 1.002350000000000E+003,-2.608840000000000E-010, 1.013700000000000E-014
 1.224810000000000E+000, 3.516460000000000E+004, 1.000000000000000E+002, 1.002350000000000E+003,-2.530140000000000E-010, 7.532680000000001E-015
 1.224810000000000E+000, 3.516460000000000E+004, 1.000000000000000E+002, 1.002350000000000E+003,-2.487670000000000E-010, 4.657870000000000E-016
 1.224810000000000E+000, 3.516460000000000E+004, 1.000000000000000E+002, 1.002350000000000E+003,-2.490760000000000E-010, 2.366510000000000E-015
 1.224810000000000E+000, 3.516460000000000E+004, 1.000000000000000E+002, 1.002350000000000E+003,-2.543690000000000E-010,-5.374400000000000E-015
 1.224810000000000E+000, 3.516460000000000E+004, 1.000000000000000E+002, 1.002350000000000E+003,-2.544220000000000E-010,-1.694660000000000E-016
 1.224810000000000E+000, 3.516460000000000E+004, 1.000000000000000E+002, 1.002350000000000E+003,-2.452550000000000E-010,-1.029920000000000E-014
 1.224810000000000E+000, 3.516460000000000E+004, 1.000000000000000E+002, 1.002350000000000E+003,-2.357130000000000E-010,-7.155560000000001E-015
 1.224810000000000E+000, 3.516460000000000E+004, 1.000000000000000E+002, 1.002350000000000E+003,-2.209880000000000E-010,-3.899870000000000E-015
 1.224810000000000E+000, 3.516460000000000E+004, 1.000000000000000E+002, 1.002350000000000E+003,-2.188310000000000E-010,-4.008180000000000E-015
 1.224810000000000E+000, 3.516460000000000E+004, 1.000000000000000E+002, 1.002350000000000E+003,-2.030460000000000E-010,-9.790610000000001E-015
 1.224810000000000E+000, 3.516460000000000E+004, 1.000000000000000E+002, 1.002350000000000E+003,-1.946100000000000E-010, 6.496960000000000E-015
 1.224810000000000E+000, 3.516460000000000E+004, 1.000000000000000E+002, 1.002350000000000E+003,-2.028400000000000E-010,-6.632700000000000E-015
 1.224810000000000E+000, 3.516460000000000E+004, 1.000000000000000E+002, 1.002350000000000E+003,-1.885100000000000E-010, 7.181560000000001E-015
 1.224810000000000E+000, 3.516460000000000E+004, 1.000000000000000E+002, 1.002350000000000E+003,-1.676660000000000E-010,-7.097980000000000E-015
 1.224810000000000E+000, 3.516460000000000E+004, 1.000000000000000E+002, 1.002350000000000E+003,-1.750140000000000E-010, 4.650470000000000E-015
 1.224810000000000E+000, 3.516460000000000E+004, 1.000000000000000E+002, 1.002350000000000E+003,-1.822490000000000E-010, 2.973730000000000E-015
 1.224810000000000E+000, 3.516460000000000E+004, 1.000000000000000E+002, 1.002350000000000E+003,-1.754160000000000E-010,-1.307220000000000E-015
 1.224810000000000E+000, 3.516460000000000E+004, 1.000000000000000E+002, 1.002350000000000E+003,-1.784640000000000E-010,-2.895150000000000E-015
 1.224810000000000E+000, 3.516460000000000E+004, 1.000000000000000E+002, 1.002350000000000E+003,-1.873970000000000E-010,-3.593100000000000E-015
 1.224810000000000E+000, 3.516460000000000E+004, 1.000000000000000E+002, 1.002350000000000E+003,-1.791380000000000E-010,-2.890000000000000E-015
 1.224810000000000E+000, 3.516460000000000E+004, 1.000000000000000E+002, 1.002350000000000E+003,-1.771490000000000E-010, 4.220130000000000E-015
 1.224810000000000E+000, 3.516460000000000E+004, 1.000000000000000E+002, 1.002350000000000E+003,-1.632290000000000E-010, 4.374680000000000E-016
 1.224810000000000E+000, 3.516460000000000E+004, 1.000000000000000E+002, 1.002350000000000E+003,-1.445100000000000E-010, 3.239070000000000E-015
 1.224810000000000E+000, 3.516460000000000E+004, 1.000000000000000E+002, 1.002350000000000E+003,-1.338040000000000E-010, 8.091590000000000E-016
 1.224810000000000E+000, 3.516460000000000E+004, 1.000000000000000E+002, 1.002350000000000E+003,-1.375850000000000E-010, 2.617720000000000E-016
 1.224810000000000E+000, 3.516460000000000E+004, 1.000000000000000E+002, 1.002350000000000E+003,-1.566830000000000E-010, 2.725480000000000E-015
 1.224810000000000E+000, 3.516460000000000E+004, 1.000000000000000E+002, 1.002350000000000E+003,-1.467940000000000E-010, 5.568740000000000E-016
 1.224810000000000E+000, 3.516460000000000E+004, 1.000000000000000E+002, 1.002350000000000E+003,-1.434610000000000E-010, 1.205810000000000E-014
 1.224810000000000E+000, 3.516460000000000E+004, 1.000000000000000E+002, 1.002350000000000E+003,-1.326860000000000E-010, 4.546660000000000E-016
 1.224810000000000E+000, 3.516460000000000E+004, 1.000000000000000E+002, 1.002350000000000E+003,-1.084270000000000E-010, 1.398640000000000E-014
 1.224810000000000E+000, 3.516460000000000E+004, 1.000000000000000E+002, 1.002350000000000E+003,-9.933940000000001E-011, 8.764279999999999E-017
 1.224810000000000E+000, 3.516460000000000E+004, 1.000000000000000E+002, 1.002350000000000E+003,-1.186240000000000E-010, 7.227520000000000E-015
 1.224810000000000E+000, 3.516460000000000E+004, 1.000000000000000E+002, 1.002350000000000E+003,-1.135510000000000E-010,-9.699839999999999E-016
 1.224810000000000E+000, 3.516460000000000E+004, 1.000000000000000E+002, 1.002350000000000E+003,-1.316560000000000E-010, 4.788430000000000E-015
 1.224810000000000E+000, 3.516460000000000E+004, 1.000000000000000E+002, 1.002350000000000E+003,-1.411890000000000E-010,-2.217740000000000E-015
 1.224810000000000E+000, 3.516460000000000E+004, 1.000000000000000E+002, 1.002350000000000E+003,-1.166080000000000E-010, 1.015400000000000E-015
 1.224810000000000E+000, 3.516460000000000E+004, 1.000000000000000E+002, 1.002350000000000E+003,-1.081530000000000E-010,-9.227110000000000E-016
 1.224810000000000E+000, 3.516460000000000E+004, 1.000000000000000E+002, 1.002350000000000E+003,-1.015490000000000E-010, 3.603050000000000E-015
 1.224810000000000E+000, 3.516460000000000E+004, 1.000000000000000E+002, 1.002350000000000E+003,-1.083320000000000E-010,-1.410470000000000E-015
 1.224810000000000E+000, 3.516460000000000E+004, 1.000000000000000E+002, 1.002350000000000E+003,-1.005770000000000E-010, 5.520850000000000E-015
 1.224810000000000E+000, 3.516460000000000E+004, 1.000000000000000E+002, 1.002350000000000E+003,-1.015980000000000E-010,-6.146380000000000E-015
 1.224810000000000E+000, 3.516460000000000E+004, 1.000000000000000E+002, 1.002350000000000E+003,-1.024830000000000E-010, 1.489650000000000E-014
 1.224810000000000E+000, 3.516460000000000E+004, 1.000000000000000E+002, 1.002350000000000E+003,-9.896900000000000E-011,-6.064560000000000E-015
 1.224810000000000E+000, 3.516460000000000E+004, 1.000000000000000E+002, 1.002350000000000E+003,-1.037620000000000E-010, 1.042140000000000E-014
 1.224810000000000E+000, 3.516460000000000E+004, 1.000000000000000E+002, 1.002350000000000E+003,-1.016890000000000E-010, 5.334380000000000E-015
 1.224810000000000E+000, 3.516460000000000E+004, 1.000000000000000E+002, 1.002350000000000E+003,-9.408410000000000E-011, 2.074110000000000E-016
 1.224810000000000E+000, 3.516460000000000E+004, 1.000000000000000E+002, 1.002350000000000E+003,-9.165210000000000E-011,-4.739320000000000E-015
 1.224810000000000E+000, 3.516460000000000E+004, 1.000000000000000E+002, 1.002350000000000E+003,-8.833120000000000E-011, 6.418960000000000E-015
 1.224810000000000E+000, 3.516460000000000E+004, 1.000000000000000E+002, 1.002350000000000E+003,-8.754890000000000E-011, 1.473540000000000E-015
 1.224810000000000E+000, 3.516460000000000E+004, 1.000000000000000E+002, 1.002350000000000E+003,-8.410320000000000E-011,-3.188000000000000E-015
 1.224810000000000E+000, 3.516460000000000E+004, 1.000000000000000E+002, 1.002350000000000E+003,-8.579960000000001E-011, 1.761840000000000E-015
 1.224810000000000E+000, 3.516460000000000E+004, 1.000000000000000E+002, 1.002350000000000E+003,-8.601860000000000E-011,-2.496240000000000E-015
 1.224810000000000E+000, 3.516460000000000E+004, 1.000000000000000E+002, 1.002350000000000E+003,-7.496280000000001E-011, 7.062470000000000E-016
 1.224810000000000E+000, 3.516460000000000E+004, 1.000000000000000E+002, 1.002350000000000E+003,-7.269339999999999E-011,-5.592660000000000E-015
 1.224810000000000E+000, 3.516460000000000E+004, 1.000000000000000E+002, 1.002350000000000E+003,-7.824610000000000E-011,-2.429460000000000E-015
 1.224810000000000E+000, 3.516460000000000E+004, 1.000000000000000E+002, 1.002350000000000E+003,-7.075459999999999E-011,-4.665450000000000E-015
 1.224810000000000E+000, 3.516460000000000E+004, 1.000000000000000E+002, 1.002350000000000E+003,-8.136530000000000E-011,-3.319250000000000E-015
 1.224810000000000E+000, 3.516460000000000E+004, 1.000000000000000E+002, 1.002350000000000E+003,-8.775350000000000E-011,-1.638480000000000E-015
 1.224810000000000E+000, 3.516460000000000E+004, 1.000000000000000E+002, 1.002350000000000E+003, 2.354050000000000E-010,-3.454140000000000E-016
 1.224810000000000E+000, 3.516460000000000E+004, 1.000000000000000E+002, 1.002350000000000E+003,-7.525569999999999E-009,-5.686960000000000E-018
 1.224810000000000E+000, 3.516460000000000E+004, 1.000000000000000E+002, 1.002350000000000E+003, 1.160230000000000E-007, 3.124550000000000E-018
 1.224800000000000E+000, 3.516470000000000E+004, 1.000010000000000E+002, 1.002350000000000E+003,-4.708140000000000E-006,-2.111570000000000E-018
 2.871430000000000E+000, 1.820880000000000E+005, 2.208750000000000E+002, 8.446360000000000E+002, 2.511300000000000E+002,-7.509210000000001E-011
 3.074200000000000E+000, 2.042290000000000E+005, 2.313920000000000E+002, 8.499040000000000E+002, 3.151820000000000E+002, 3.159820000000000E-010
 2.987050000000000E+000, 1.920510000000000E+005, 2.239430000000000E+002, 8.825060000000000E+002, 3.046510000000000E+002, 1.372190000000000E-010
 2.850610000000000E+000, 1.701740000000000E+005, 2.079310000000000E+002, 9.205710000000000E+002, 2.821610000000000E+002, 2.875550000000000E-011
 2.730770000000000E+000, 1.470090000000000E+005, 1.875090000000000E+002, 9.509460000000000E+002, 2.588940000000000E+002, 2.088480000000000E-012
 2.608370000000000E+000, 1.246920000000000E+005, 1.665070000000000E+002, 9.777890000000000E+002, 2.223050000000000E+002,-1.188740000000000E-012
 2.372170000000000E+000, 9.953420000000000E+004, 1.461470000000000E+002, 9.971270000000000E+002, 1.702290000000000E+002,-8.945920000000000E-013
 1.820870000000000E+000, 6.449900000000000E+004, 1.233780000000000E+002, 1.006570000000000E+003, 9.687649999999999E+001,-4.737480000000000E-015
 1.313490000000000E+000, 3.925240000000000E+004, 1.040890000000000E+002, 1.005000000000000E+003, 1.716570000000000E+001,-4.843690000000000E-013
 1.226790000000000E+000, 3.526030000000000E+004, 1.001100000000000E+002, 1.002490000000000E+003, 4.134780000000000E-001, 3.628950000000000E-013
 1.224820000000000E+000, 3.516510000000000E+004, 1.000010000000000E+002, 1.002350000000000E+003, 3.505510000000000E-003,-1.948460000000000E-013
 1.224810000000000E+000, 3.516460000000000E+004, 1.000000000000000E+002, 1.002350000000000E+003, 5.625340000000000E-005, 4.980810000000000E-014
 1.224810000000000E+000, 3.516460000000000E+004, 1.000000000000000E+002, 1.002350000000000E+003, 7.141470000000000E-006,-1.205350000000000E-014
 1.224810000000000E+000, 3.516460000000000E+004, 1.000000000000000E+002, 1.002350000000000E+003, 3.257190000000000E-006, 2.204040000000000E-014
 1.224810000000000E+000, 3.516460000000000E+004, 1.000000000000000E+002, 1.002350000000000E+003, 1.622720000000000E-006, 3.847880000000000E-014
 1.224810000000000E+000, 3.516460000000000E+004, 1.000000000000000E+002, 1.002350000000000E+003, 7.628469999999999E-007,-4.519300000000000E-014
 1.224810000000000E+000, 3.516460000000000E+004, 1.000000000000000E+002, 1.002350000000000E+003, 3.387360000000000E-007, 5.105320000000000E-014
 1.224810000000000E+000, 3.516460000000000E+004, 1.000000000000000E+002, 1.002350000000000E+003, 1.462580000000000E-007,-2.336830000000000E-014
 1.224810000000000E+000, 3.516460000000000E+004, 1.000000000000000E+002, 1.002350000000000E+003, 6.341200000000000E-008, 4.284240000000000E-014
 1.224810000000000E+000, 3.516460000000000E+004, 1.000000000000000E+002, 1.002350000000000E+003, 2.813710000000000E-008,-2.931940000000000E-014
 1.224810000000000E+000, 3.516460000000000E+004, 1.000000000000000E+002, 1.002350000000000E+003, 1.280560000000000E-008, 3.338180000000000E-014
 1.224810000000000E+000, 3.516460000000000E+004, 1.000000000000000E+002, 1.002350000000000E+003, 5.948200000000000E-009,-2.207970000000000E-014
 1.224810000000000E+000, 3.516460000000000E+004, 1.000000000000000E+002, 1.002350000000000E+003, 2.809640000000000E-009,-6.935540000000000E-015
 1.224810000000000E+000, 3.516460000000000E+004, 1.000000000000000E+002, 1.002350000000000E+003, 1.308370000000000E-009, 6.628190000000000E-015
 1.224810000000000E+000, 3.516460000000000E+004, 1.000000000000000E+002, 1.002350000000000E+003, 5.507910000000000E-010,-5.249390000000000E-016
 1.224810000000000E+000, 3.516460000000000E+004, 1.000000000000000E+002, 1.002350000000000E+003, 1.619780000000000E-010,-3.088800000000000E-015
 1.224810000000000E+000, 3.516460000000000E+004, 1.000000000000000E+002, 1.002350000000000E+003,-6.864360000000001E-011, 1.556870000000000E-014
 1.224810000000000E+000, 3.516460000000000E+004, 1.000000000000000E+002, 1.002350000000000E+003,-2.093980000000000E-010,-2.161470000000000E-014
 1.224810000000000E+000, 3.516460000000000E+004, 1.000000000000000E+002, 1.002350000000000E+003,-2.866290000000000E-010, 4.244620000000000E-015
 1.224810000000000E+000, 3.516460000000000E+004, 1.000000000000000E+002, 1.002350000000000E+003,-3.254290000000000E-010,-1.925040000000000E-015
 1.224810000000000E+000, 3.516460000000000E+004, 1.000000000000000E+002, 1.002350000000000E+003,-3.461850000000000E-010,-5.381260000000000E-015
 1.224810000000000E+000, 3.516460000000000E+004, 1.000000000000000E+002, 1.002350000000000E+003,-3.793710000000000E-010, 7.473710000000000E-015
 1.224810000000000E+000, 3.516460000000000E+004, 1.000000000000000E+002, 1.002350000000000E+003,-3.936970000000000E-010, 1.517080000000000E-015
 1.224810000000000E+000, 3.516460000000000E+004, 1.000000000000000E+002, 1.002350000000000E+003,-3.763150000000000E-010, 4.177240000000000E-015
 1.224810000000000E+000, 3.516460000000000E+004, 1.000000000000000E+002, 1.002350000000000E+003,-3.531660000000000E-010,-8.485670000000000E-015
 1.224810000000000E+000, 3.516460000000000E+004, 1.000000000000000E+002, 1.002350000000000E+003,-3.272300000000000E-010,-2.684300000000000E-015
 1.224810000000000E+000, 3.516460000000000E+004, 1.000000000000000E+002, 1.002350000000000E+003,-3.090580000000000E-010,-3.861830000000000E-016
 1.224810000000000E+000, 3.516460000000000E+004, 1.000000000000000E+002, 1.002350000000000E+003,-3.034740000000000E-010, 9.793760000000000E-015
 1.224810000000000E+000, 3.516460000000000E+004, 1.000000000000000E+002, 1.002350000000000E+003,-2.883300000000000E-010,-2.725150000000000E-015
 1.224810000000000E+000, 3.516460000000000E+004, 1.000000000000000E+002, 1.002350000000000E+003,-2.728720000000000E-010, 7.429960000000001E-015
 1.224810000000000E+000, 3.516460000000000E+004, 1.000000000000000E+002, 1.002350000000000E+003,-2.661440000000000E-010, 3.007310000000000E-015
 1.224810000000000E+000, 3.516460000000000E+004, 1.000000000000000E+002, 1.002350000000000E+003,-2.468990000000000E-010, 3.493190000000000E-015
 1.224810000000000E+000, 3.516460000000000E+004, 1.000000000000000E+002, 1.002350000000000E+003,-2.440440000000000E-010, 1.785810000000000E-014
 1.224810000000000E+000, 3.516460000000000E+004, 1.000000000000000E+002, 1.002350000000000E+003,-2.422350000000000E-010, 1.979170000000000E-015
 1.224810000000000E+000, 3.516460000000000E+004, 1.000000000000000E+002, 1.002350000000000E+003,-2.316100000000000E-010, 1.350780000000000E-014
 1.224810000000000E+000, 3.516460000000000E+004, 1.000000000000000E+002, 1.002350000000000E+003,-2.364180000000000E-010, 9.375690000000000E-015
 1.224810000000000E+000, 3.516460000000000E+004, 1.000000000000000E+002, 1.002350000000000E+003,-2.422060000000000E-010, 1.286090000000000E-014
 1.224810000000000E+000, 3.516460000000000E+004, 1.000000000000000E+002, 1.002350000000000E+003,-2.299930000000000E-010, 6.944050000000000E-015
 1.224810000000000E+000, 3.516460000000000E+004, 1.000000000000000E+002, 1.002350000000000E+003,-2.115040000000000E-010, 6.339710000000000E-015
 1.224810000000000E+000, 3.516460000000000E+004, 1.000000000000000E+002, 1.002350000000000E+003,-2.026720000000000E-010, 4.078020000000000E-015
 1.224810000000000E+000, 3.516460000000000E+004, 1.000000000000000E+002, 1.002350000000000E+003,-1.913900000000000E-010, 1.407860000000000E-014
 1.224810000000000E+000, 3.516460000000000E+004, 1.000000000000000E+002, 1.002350000000000E+003,-1.885050000000000E-010, 5.893530000000000E-015
 1.224810000000000E+000, 3.516460000000000E+004, 1.000000000000000E+002, 1.002350000000000E+003,-1.965710000000000E-010, 8.282430000000000E-015
 1.224810000000000E+000, 3.516460000000000E+004, 1.000000000000000E+002, 1.002350000000000E+003,-1.902370000000000E-010,-2.271440000000000E-015
 1.224810000000000E+000, 3.516460000000000E+004, 1.000000000000000E+002, 1.002350000000000E+003,-1.950830000000000E-010, 2.135920000000000E-015
 1.224810000000000E+000, 3.516460000000000E+004, 1.000000000000000E+002, 1.002350000000000E+003,-1.977450000000000E-010, 2.773310000000000E-015
 1.224810000000000E+000, 3.516460000000000E+004, 1.000000000000000E+002, 1.002350000000000E+003,-1.836530000000000E-010,-5.344080000000000E-015
 1.224810000000000E+000, 3.516460000000000E+004, 1.000000000000000E+002, 1.002350000000000E+003,-1.780570000000000E-010, 2.426750000000000E-015
 1.224810000000000E+000, 3.516460000000000E+004, 1.000000000000000E+002, 1.002350000000000E+003,-1.721090000000000E-010, 9.801019999999999E-016
 1.224810000000000E+000, 3.516460000000000E+004, 1.000000000000000E+002, 1.002350000000000E+003,-1.653530000000000E-010,-4.488880000000000E-016
 1.224810000000000E+000, 3.516460000000000E+004, 1.000000000000000E+002, 1.002350000000000E+003,-1.537150000000000E-010, 6.468850000000000E-016
 1.224810000000000E+000, 3.516460000000000E+004, 1.000000000000000E+002, 1.002350000000000E+003,-1.492170000000000E-010,-1.266740000000000E-015
 1.224810000000000E+000, 3.516460000000000E+004, 1.000000000000000E+002, 1.002350000000000E+003,-1.360660000000000E-010,-7.961590000000000E-016
 1.224810000000000E+000, 3.516460000000000E+004, 1.000000000000000E+002, 1.002350000000000E+003,-1.479210000000000E-010,-8.704660000000000E-016
 1.224810000000000E+000, 3.516460000000000E+004, 1.000000000000000E+002, 1.002350000000000E+003,-1.557510000000000E-010,-2.239820000000000E-015
 1.224810000000000E+000, 3.516460000000000E+004, 1.000000000000000E+002, 1.002350000000000E+003,-1.503380000000000E-010, 2.403340000000000E-015
 1.224810000000000E+000, 3.516460000000000E+004, 1.000000000000000E+002, 1.002350000000000E+003,-1.510070000000000E-010,-5.580950000000000E-015
 1.224810000000000E+000, 3.516460000000000E+004, 1.000000000000000E+002, 1.002350000000000E+003,-1.531040000000000E-010, 7.036800000000000E-015
 1.224810000000000E+000, 3.516460000000000E+004, 1.000000000000000E+002, 1.002350000000000E+003,-1.376500000000000E-010, 6.736980000000000E-016
 1.224810000000000E+000, 3.516460000000000E+004, 1.000000000000000E+002, 1.002350000000000E+003,-1.173270000000000E-010, 1.105430000000000E-014
 1.224810000000000E+000, 3.516460000000000E+004, 1.000000000000000E+002, 1.002350000000000E+003,-9.867200000000000E-011,-4.899620000000000E-015
 1.224810000000000E+000, 3.516460000000000E+004, 1.000000000000000E+002, 1.002350000000000E+003,-1.079440000000000E-010, 1.231210000000000E-014
 1.224810000000000E+000, 3.516460000000000E+004, 1.000000000000000E+002, 1.002350000000000E+003,-1.177720000000000E-010, 4.890820000000000E-015
 1.224810000000000E+000, 3.516460000000000E+004, 1.000000000000000E+002, 1.002350000000000E+003,-1.319540000000000E-010, 2.876300000000000E-015
 1.224810000000000E+000, 3.516460000000000E+004, 1.000000000000000E+002, 1.002350000000000E+003,-1.261770000000000E-010, 8.996749999999999E-015
 1.224810000000000E+000, 3.516460000000000E+004, 1.000000000000000E+002, 1.002350000000000E+003,-1.329910000000000E-010, 3.095360000000000E-015
 1.224810000000000E+000, 3.516460000000000E+004, 1.000000000000000E+002, 1.002350000000000E+003,-1.352660000000000E-010, 1.724960000000000E-015
 1.224810000000000E+000, 3.516460000000000E+004, 1.000000000000000E+002, 1.002350000000000E+003,-1.364880000000000E-010,-8.573320000000000E-016
 1.224810000000000E+000, 3.516460000000000E+004, 1.000000000000000E+002, 1.002350000000000E+003,-1.236090000000000E-010, 4.654350000000000E-015
 1.224810000000000E+000, 3.516460000000000E+004, 1.000000000000000E+002, 1.002350000000000E+003,-1.058830000000000E-010,-7.657700000000000E-015
 1.224810000000000E+000, 3.516460000000000E+004, 1.000000000000000E+002, 1.002350000000000E+003,-1.020510000000000E-010, 8.320700000000000E-015
 1.224810000000000E+000, 3.516460000000000E+004, 1.000000000000000E+002, 1.002350000000000E+003,-1.029970000000000E-010,-4.969570000000000E-016
 1.224810000000000E+000, 3.516460000000000E+004, 1.000000000000000E+002, 1.002350000000000E+003,-1.110630000000000E-010, 7.892330000000000E-015
 1.224810000000000E+000, 3.516460000000000E+004, 1.000000000000000E+002, 1.002350000000000E+003,-1.098090000000000E-010,-3.500890000000000E-015
 1.224810000000000E+000, 3.516460000000000E+004, 1.000000000000000E+002, 1.002350000000000E+003,-9.976660000000000E-011, 9.163090000000000E-015
 1.224810000000000E+000, 3.516460000000000E+004, 1.000000000000000E+002, 1.002350000000000E+003,-9.028800000000000E-011,-1.563300000000000E-015
 1.224810000000000E+000, 3.516460000000000E+004, 1.000000000000000E+002, 1.002350000000000E+003,-9.698800000000000E-011, 1.914960000000000E-014
 1.224810000000000E+000, 3.516460000000000E+004, 1.000000000000000E+002, 1.002350000000000E+003,-1.065930000000000E-010,-3.227250000000000E-015
 1.224810000000000E+000, 3.516460000000000E+004, 1.000000000000000E+002, 1.002350000000000E+003,-1.073960000000000E-010, 1.384100000000000E-014
 1.224810000000000E+000, 3.516460000000000E+004, 1.000000000000000E+002, 1.002350000000000E+003,-1.211530000000000E-010, 5.045320000000000E-015
 1.224810000000000E+000, 3.516460000000000E+004, 1.000000000000000E+002, 1.002350000000000E+003,-1.202800000000000E-010, 1.272450000000000E-014
 1.224810000000000E+000, 3.516460000000000E+004, 1.000000000000000E+002, 1.002350000000000E+003,-1.033620000000000E-010, 5.047760000000000E-015
 1.224810000000000E+000, 3.516460000000000E+004, 1.000000000000000E+002, 1.002350000000000E+003,-8.957060000000000E-011, 1.138090000000000E-014
 1.224810000000000E+000, 3.516460000000000E+004, 1.000000000000000E+002, 1.002350000000000E+003,-8.758810000000001E-011, 2.431290000000000E-015
 1.224810000000000E+000, 3.516460000000000E+004, 1.000000000000000E+002, 1.002350000000000E+003,-8.785710000000000E-011, 2.734060000000000E-016
 1.224810000000000E+000, 3.516460000000000E+004, 1.000000000000000E+002, 1.002350000000000E+003, 2.330970000000000E-010,-8.197940000000000E-016
 1.224810000000000E+000, 3.516460000000000E+004, 1.000000000000000E+002, 1.002350000000000E+003,-7.081870000000000E-009,-1.547040000000000E-015
 1.224810000000000E+000, 3.516460000000000E+004, 1.000000000000000E+002, 1.002350000000000E+003, 1.147580000000000E-007,-2.086370000000000E-015
 1.224800000000000E+000, 3.516470000000000E+004, 1.000010000000000E+002, 1.002350000000000E+003,-4.739810000000000E-006, 6.707530000000001E-017
 3.362720000000000E+000, 2.563280000000000E+005, 2.655030000000000E+002, 7.959580000000000E+002, 3.344290000000000E+002, 8.969010000000000E-012
 3.077060000000000E+000, 2.275030000000000E+005, 2.575230000000000E+002, 8.148700000000000E+002, 3.387470000000000E+002, 2.071100000000000E-011
 2.605000000000000E+000, 1.782330000000000E+005, 2.383110000000000E+002, 8.665069999999999E+002, 2.922240000000000E+002, 2.832710000000000E-011
 2.234170000000000E+000, 1.368200000000000E+005, 2.133030000000000E+002, 9.243339999999999E+002, 2.405410000000000E+002, 2.803400000000000E-012
 2.220520000000000E+000, 1.223000000000000E+005, 1.918390000000000E+002, 9.498950000000000E+002, 2.262810000000000E+002,-7.649040000000001E-012
 2.330820000000000E+000, 1.172050000000000E+005, 1.751470000000000E+002, 9.844860000000000E+002, 2.089720000000000E+002,-8.796190000000001E-012
 2.328800000000000E+000, 1.050640000000000E+005, 1.571390000000000E+002, 9.984370000000000E+002, 1.923420000000000E+002,-5.801060000000000E-012
 2.165350000000000E+000, 8.617789999999999E+004, 1.386220000000000E+002, 1.009590000000000E+003, 1.514480000000000E+002,-1.831270000000000E-012
 1.737300000000000E+000, 5.956230000000000E+004, 1.194150000000000E+002, 1.010060000000000E+003, 8.436080000000000E+001,-6.729760000000000E-013
 1.307780000000000E+000, 3.885260000000000E+004, 1.034790000000000E+002, 1.004850000000000E+003, 1.555490000000000E+001, 3.444430000000000E-013
 1.226990000000000E+000, 3.526360000000000E+004, 1.001040000000000E+002, 1.002480000000000E+003, 4.301920000000000E-001,-2.996560000000000E-013
 1.224830000000000E+000, 3.516530000000000E+004, 1.000010000000000E+002, 1.002350000000000E+003, 5.606300000000000E-003, 1.124480000000000E-013
 1.224810000000000E+000, 3.516460000000000E+004, 1.000000000000000E+002, 1.002350000000000E+003, 6.955810000000000E-004,-3.591900000000000E-014
 1.224810000000000E+000, 3.516460000000000E+004, 1.000000000000000E+002, 1.002350000000000E+003, 2.389480000000000E-004,-1.230440000000000E-014
 1.224810000000000E+000, 3.516460000000000E+004, 1.000000000000000E+002, 1.002350000000000E+003, 1.030900000000000E-004, 1.045800000000000E-013
 1.224810000000000E+000, 3.516460000000000E+004, 1.000000000000000E+002, 1.002350000000000E+003, 4.584440000000000E-005,-1.356540000000000E-013
 1.224810000000000E+000, 3.516460000000000E+004, 1.000000000000000E+002, 1.002350000000000E+003, 2.109860000000000E-005, 1.388680000000000E-013
 1.224810000000000E+000, 3.516460000000000E+004, 1.000000000000000E+002, 1.002350000000000E+003, 1.022690000000000E-005,-1.351220000000000E-013
 1.224810000000000E+000, 3.516460000000000E+004, 1.000000000000000E+002, 1.002350000000000E+003, 5.212740000000000E-006, 1.583270000000000E-013
 1.224810000000000E+000, 3.516460000000000E+004, 1.000000000000000E+002, 1.002350000000000E+003, 2.746280000000000E-006,-1.349920000000000E-013
 1.224810000000000E+000, 3.516460000000000E+004, 1.000000000000000E+002, 1.002350000000000E+003, 1.465910000000000E-006, 1.016040000000000E-013
 1.224810000000000E+000, 3.516460000000000E+004, 1.000000000000000E+002, 1.002350000000000E+003, 7.813380000000000E-007,-5.957650000000000E-014
 1.224810000000000E+000, 3.516460000000000E+004, 1.000000000000000E+002, 1.002350000000000E+003, 4.127950000000000E-007, 2.625040000000000E-014
 1.224810000000000E+000, 3.516460000000000E+004, 1.000000000000000E+002, 1.002350000000000E+003, 2.161700000000000E-007,-5.932110000000000E-015
 1.224810000000000E+000, 3.516460000000000E+004, 1.000000000000000E+002, 1.002350000000000E+003, 1.129540000000000E-007, 1.261310000000000E-015
 1.224810000000000E+000, 3.516460000000000E+004, 1.000000000000000E+002, 1.002350000000000E+003, 5.940320000000000E-008, 1.503940000000000E-014
 1.224810000000000E+000, 3.516460000000000E+004, 1.000000000000000E+002, 1.002350000000000E+003, 3.165020000000000E-008,-2.386590000000000E-014
 1.224810000000000E+000, 3.516460000000000E+004, 1.000000000000000E+002, 1.002350000000000E+003, 1.710300000000000E-008, 6.138430000000000E-015
 1.224810000000000E+000, 3.516460000000000E+004, 1.000000000000000E+002, 1.002350000000000E+003, 9.387370000000000E-009,-1.637050000000000E-014
 1.224810000000000E+000, 3.516460000000000E+004, 1.000000000000000E+002, 1.002350000000000E+003, 5.211170000000000E-009, 2.200850000000000E-014
 1.224810000000000E+000, 3.516460000000000E+004, 1.000000000000000E+002, 1.002350000000000E+003, 2.909120000000000E-009,-2.445980000000000E-014
 1.224810000000000E+000, 3.516460000000000E+004, 1.000000000000000E+002, 1.002350000000000E+003, 1.638420000000000E-009, 2.625210000000000E-014
 1.224810000000000E+000, 3.516460000000000E+004, 1.000000000000000E+002, 1.002350000000000E+003, 9.125230000000000E-010,-8.886900000000000E-015
 1.224810000000000E+000, 3.516460000000000E+004, 1.000000000000000E+002, 1.002350000000000E+003, 4.609600000000000E-010, 8.903869999999999E-015
 1.224810000000000E+000, 3.516460000000000E+004, 1.000000000000000E+002, 1.002350000000000E+003, 1.787210000000000E-010, 2.505990000000000E-016
 1.224810000000000E+000, 3.516460000000000E+004, 1.000000000000000E+002, 1.002350000000000E+003, 7.237940000000000E-012, 8.498730000000000E-015
 1.224810000000000E+000, 3.516460000000000E+004, 1.000000000000000E+002, 1.002350000000000E+003,-8.829340000000000E-011,-9.151990000000001E-015
 1.224810000000000E+000, 3.516460000000000E+004, 1.000000000000000E+002, 1.002350000000000E+003,-1.528180000000000E-010, 5.635000000000000E-015
 1.224810000000000E+000, 3.516460000000000E+004, 1.000000000000000E+002, 1.002350000000000E+003,-2.045190000000000E-010,-3.742030000000000E-016
 1.224810000000000E+000, 3.516460000000000E+004, 1.000000000000000E+002, 1.002350000000000E+003,-2.498190000000000E-010,-7.225280000000001E-015
 1.224810000000000E+000, 3.516460000000000E+004, 1.000000000000000E+002, 1.002350000000000E+003,-2.783950000000000E-010, 2.425030000000000E-015
 1.224810000000000E+000, 3.516460000000000E+004, 1.000000000000000E+002, 1.002350000000000E+003,-2.860350000000000E-010,-1.353030000000000E-014
 1.224810000000000E+000, 3.516460000000000E+004, 1.000000000000000E+002, 1.002350000000000E+003,-2.987310000000000E-010,-1.574700000000000E-014
 1.224810000000000E+000, 3.516460000000000E+004, 1.000000000000000E+002, 1.002350000000000E+003,-3.040960000000000E-010,-1.414480000000000E-014
 1.224810000000000E+000, 3.516460000000000E+004, 1.000000000000000E+002, 1.002350000000000E+003,-2.911110000000000E-010,-7.706090000000000E-015
 1.224810000000000E+000, 3.516460000000000E+004, 1.000000000000000E+002, 1.002350000000000E+003,-2.867410000000000E-010,-7.977430000000000E-015
 1.224810000000000E+000, 3.516460000000000E+004, 1.000000000000000E+002, 1.002350000000000E+003,-2.885960000000000E-010,-7.125219999999999E-015
 1.224810000000000E+000, 3.516460000000000E+004, 1.000000000000000E+002, 1.002350000000000E+003,-2.742160000000000E-010,-4.831320000000000E-015
 1.224810000000000E+000, 3.516460000000000E+004, 1.000000000000000E+002, 1.002350000000000E+003,-2.573090000000000E-010,-1.783090000000000E-015
 1.224810000000000E+000, 3.516460000000000E+004, 1.000000000000000E+002, 1.002350000000000E+003,-2.330120000000000E-010,-7.451470000000000E-015
 1.224810000000000E+000, 3.516460000000000E+004, 1.000000000000000E+002, 1.002350000000000E+003,-2.173890000000000E-010,-3.803250000000000E-015
 1.224810000000000E+000, 3.516460000000000E+004, 1.000000000000000E+002, 1.002350000000000E+003,-2.121620000000000E-010,-5.671030000000000E-015
 1.224810000000000E+000, 3.516460000000000E+004, 1.000000000000000E+002, 1.002350000000000E+003,-2.166780000000000E-010,-1.025780000000000E-014
 1.224810000000000E+000, 3.516460000000000E+004, 1.000000000000000E+002, 1.002350000000000E+003,-2.198170000000000E-010, 1.547430000000000E-015
 1.224810000000000E+000, 3.516460000000000E+004, 1.000000000000000E+002, 1.002350000000000E+003,-1.998330000000000E-010, 2.473080000000000E-016
 1.224810000000000E+000, 3.516460000000000E+004, 1.000000000000000E+002, 1.002350000000000E+003,-1.961900000000000E-010,-3.356600000000000E-015
 1.224810000000000E+000, 3.516460000000000E+004, 1.000000000000000E+002, 1.002350000000000E+003,-1.948620000000000E-010,-2.315960000000000E-015
 1.224810000000000E+000, 3.516460000000000E+004, 1.000000000000000E+002, 1.002350000000000E+003,-1.897730000000000E-010,-4.093890000000000E-015
 1.224810000000000E+000, 3.516460000000000E+004, 1.000000000000000E+002, 1.002350000000000E+003,-1.799190000000000E-010,-5.291750000000000E-016
 1.224810000000000E+000, 3.516460000000000E+004, 1.000000000000000E+002, 1.002350000000000E+003,-1.811440000000000E-010,-4.530690000000000E-015
 1.224810000000000E+000, 3.516460000000000E+004, 1.000000000000000E+002, 1.002350000000000E+003,-1.940030000000000E-010, 2.116130000000000E-015
 1.224810000000000E+000, 3.516460000000000E+004, 1.000000000000000E+002, 1.002350000000000E+003,-1.836750000000000E-010, 9.539130000000000E-015
 1.224810000000000E+000, 3.516460000000000E+004, 1.000000000000000E+002, 1.002350000000000E+003,-1.546520000000000E-010,-1.874010000000000E-015
 1.224810000000000E+000, 3.516460000000000E+004, 1.000000000000000E+002, 1.002350000000000E+003,-1.577780000000000E-010, 4.304700000000000E-015
 1.224810000000000E+000, 3.516460000000000E+004, 1.000000000000000E+002, 1.002350000000000E+003,-1.512000000000000E-010, 5.809580000000000E-015
 1.224810000000000E+000, 3.516460000000000E+004, 1.000000000000000E+002, 1.002350000000000E+003,-1.363520000000000E-010, 2.602410000000000E-015
 1.224810000000000E+000, 3.516460000000000E+004, 1.000000000000000E+002, 1.002350000000000E+003,-1.439950000000000E-010, 8.062840000000001E-015
 1.224810000000000E+000, 3.516460000000000E+004, 1.000000000000000E+002, 1.002350000000000E+003,-1.541120000000000E-010, 3.074400000000000E-015
 1.224810000000000E+000, 3.516460000000000E+004, 1.000000000000000E+002, 1.002350000000000E+003,-1.417580000000000E-010, 1.148900000000000E-014
 1.224810000000000E+000, 3.516460000000000E+004, 1.000000000000000E+002, 1.002350000000000E+003,-1.477050000000000E-010,-9.662289999999999E-016
 1.224810000000000E+000, 3.516460000000000E+004, 1.000000000000000E+002, 1.002350000000000E+003,-1.332070000000000E-010, 9.207790000000000E-015
 1.224810000000000E+000, 3.516460000000000E+004, 1.000000000000000E+002, 1.002350000000000E+003,-1.385640000000000E-010, 3.146100000000000E-015
 1.224810000000000E+000, 3.516460000000000E+004, 1.000000000000000E+002, 1.002350000000000E+003,-1.405390000000000E-010, 2.705180000000000E-015
 1.224810000000000E+000, 3.516460000000000E+004, 1.000000000000000E+002, 1.002350000000000E+003,-1.471010000000000E-010,-2.703940000000000E-016
 1.224810000000000E+000, 3.516460000000000E+004, 1.000000000000000E+002, 1.002350000000000E+003,-1.543710000000000E-010, 3.094450000000000E-015
 1.224810000000000E+000, 3.516460000000000E+004, 1.000000000000000E+002, 1.002350000000000E+003,-1.493790000000000E-010,-9.057840000000000E-015
 1.224810000000000E+000, 3.516460000000000E+004, 1.000000000000000E+002, 1.002350000000000E+003,-1.476460000000000E-010,-5.107660000000000E-015
 1.224810000000000E+000, 3.516460000000000E+004, 1.000000000000000E+002, 1.002350000000000E+003,-1.216830000000000E-010,-6.151960000000000E-015
 1.224810000000000E+000, 3.516460000000000E+004, 1.000000000000000E+002, 1.002350000000000E+003,-1.213630000000000E-010,-3.614570000000000E-015
 1.224810000000000E+000, 3.516460000000000E+004, 1.000000000000000E+002, 1.002350000000000E+003,-1.178370000000000E-010,-5.611330000000000E-015
 1.224810000000000E+000, 3.516460000000000E+004, 1.000000000000000E+002, 1.002350000000000E+003,-1.172340000000000E-010,-5.716100000000000E-015
 1.224810000000000E+000, 3.516460000000000E+004, 1.000000000000000E+002, 1.002350000000000E+003,-1.173800000000000E-010, 3.628080000000000E-015
 1.224810000000000E+000, 3.516460000000000E+004, 1.000000000000000E+002, 1.002350000000000E+003,-1.170170000000000E-010,-6.896910000000000E-015
 1.224810000000000E+000, 3.516460000000000E+004, 1.000000000000000E+002, 1.002350000000000E+003,-1.138480000000000E-010,-1.176570000000000E-015
 1.224810000000000E+000, 3.516460000000000E+004, 1.000000000000000E+002, 1.002350000000000E+003,-1.129940000000000E-010, 3.508350000000000E-015
 1.224810000000000E+000, 3.516460000000000E+004, 1.000000000000000E+002, 1.002350000000000E+003,-1.156190000000000E-010, 2.581590000000000E-015
 1.224810000000000E+000, 3.516460000000000E+004, 1.000000000000000E+002, 1.002350000000000E+003,-1.164030000000000E-010, 5.691360000000000E-015
 1.224810000000000E+000, 3.516460000000000E+004, 1.000000000000000E+002, 1.002350000000000E+003,-1.082790000000000E-010, 9.061820000000000E-015
 1.224810000000000E+000, 3.516460000000000E+004, 1.000000000000000E+002, 1.002350000000000E+003,-1.066790000000000E-010, 2.439960000000000E-015
 1.224810000000000E+000, 3.516460000000000E+004, 1.000000000000000E+002, 1.002350000000000E+003,-1.070120000000000E-010, 9.220120000000000E-015
 1.224810000000000E+000, 3.516460000000000E+004, 1.000000000000000E+002, 1.002350000000000E+003,-1.121500000000000E-010, 4.965290000000000E-015
 1.224810000000000E+000, 3.516460000000000E+004, 1.000000000000000E+002, 1.002350000000000E+003,-1.096150000000000E-010, 8.324930000000000E-015
 1.224810000000000E+000, 3.516460000000000E+004, 1.000000000000000E+002, 1.002350000000000E+003,-9.911230000000000E-011, 5.097380000000000E-015
 1.224810000000000E+000, 3.516460000000000E+004, 1.000000000000000E+002, 1.002350000000000E+003,-9.313390000000000E-011, 7.550809999999999E-015
 1.224810000000000E+000, 3.516460000000000E+004, 1.000000000000000E+002, 1.002350000000000E+003,-9.270289999999999E-011, 5.224840000000000E-015
 1.224810000000000E+000, 3.516460000000000E+004, 1.000000000000000E+002, 1.002350000000000E+003, 2.187760000000000E-010, 1.459810000000000E-015
 1.224810000000000E+000, 3.516460000000000E+004, 1.000000000000000E+002, 1.002350000000000E+003,-6.750390000000000E-009, 1.396210000000000E-016
 1.224810000000000E+000, 3.516460000000000E+004, 1.000000000000000E+002, 1.002350000000000E+003, 1.126590000000000E-007,-5.479300000000000E-016
 1.224800000000000E+000, 3.516470000000000E+004, 1.000010000000000E+002, 1.002350000000000E+003,-4.688060000000000E-006,-6.049630000000000E-019
 3.382070000000000E+000, 2.770450000000000E+005, 2.853200000000000E+002, 7.651740000000000E+002, 3.605740000000000E+002, 1.311290000000000E-011
 2.593020000000000E+000, 1.977640000000000E+005, 2.656470000000000E+002, 8.211470000000000E+002, 3.088130000000000E+002, 8.933980000000000E-011
 1.903750000000000E+000, 1.290640000000000E+005, 2.361360000000000E+002, 8.543440000000001E+002, 2.473270000000000E+002, 8.602080000000000E-011
 1.682070000000000E+000, 1.021760000000000E+005, 2.115770000000000E+002, 9.436810000000000E+002, 1.686180000000000E+002,-3.644820000000000E-012
 1.700140000000000E+000, 9.263439999999999E+004, 1.897810000000000E+002, 9.661609999999999E+002, 1.545750000000000E+002,-2.544200000000000E-011
 1.796970000000000E+000, 8.833910000000001E+004, 1.712290000000000E+002, 9.922070000000000E+002, 1.540030000000000E+002,-2.837620000000000E-011
 1.981900000000000E+000, 8.891170000000000E+004, 1.562580000000000E+002, 1.008840000000000E+003, 1.577880000000000E+002,-1.769610000000000E-011
 2.068370000000000E+000, 8.544060000000001E+004, 1.438800000000000E+002, 1.014170000000000E+003, 1.484630000000000E+002,-9.352670000000000E-012
 1.974630000000000E+000, 7.354270000000000E+004, 1.297230000000000E+002, 1.015300000000000E+003, 1.235980000000000E+002,-4.525650000000000E-012
 1.624820000000000E+000, 5.338690000000000E+004, 1.144440000000000E+002, 1.010070000000000E+003, 6.692010000000001E+001,-5.273940000000000E-013
 1.289730000000000E+000, 3.797270000000000E+004, 1.025500000000000E+002, 1.004080000000000E+003, 1.192270000000000E+001,-9.495700000000000E-013
 1.226770000000000E+000, 3.525590000000000E+004, 1.001000000000000E+002, 1.002440000000000E+003, 4.191820000000000E-001, 7.122210000000000E-013
 1.224890000000000E+000, 3.516920000000000E+004, 1.000070000000000E+002, 1.002350000000000E+003, 3.646630000000000E-002,-3.733220000000000E-013
 1.224840000000000E+000, 3.516630000000000E+004, 1.000020000000000E+002, 1.002350000000000E+003, 1.692410000000000E-002, 6.326030000000000E-014
 1.224830000000000E+000, 3.516540000000000E+004, 1.000010000000000E+002, 1.002350000000000E+003, 9.346280000000000E-003, 1.678040000000000E-013
 1.224820000000000E+000, 3.516500000000000E+004, 1.000000000000000E+002, 1.002350000000000E+003, 5.015010000000000E-003,-3.188250000000000E-013
 1.224820000000000E+000, 3.516480000000000E+004, 1.000000000000000E+002, 1.002350000000000E+003, 2.528410000000000E-003, 3.872920000000000E-013
 1.224810000000000E+000, 3.516470000000000E+004, 1.000000000000000E+002, 1.002350000000000E+003, 1.199590000000000E-003,-4.267410000000000E-013
 1.224810000000000E+000, 3.516460000000000E+004, 1.000000000000000E+002, 1.002350000000000E+003, 5.502530000000000E-004, 3.788610000000000E-013
 1.224810000000000E+000, 3.516460000000000E+004, 1.000000000000000E+002, 1.002350000000000E+003, 2.529860000000000E-004,-2.596010000000000E-013
 1.224810000000000E+000, 3.516460000000000E+004, 1.000000000000000E+002, 1.002350000000000E+003, 1.190130000000000E-004, 1.709990000000000E-013
 1.224810000000000E+000, 3.516460000000000E+004, 1.000000000000000E+002, 1.002350000000000E+003, 5.800590000000000E-005,-1.259600000000000E-013
 1.224810000000000E+000, 3.516460000000000E+004, 1.000000000000000E+002, 1.002350000000000E+003, 2.948840000000000E-005, 6.440160000000000E-014
 1.224810000000000E+000, 3.516460000000000E+004, 1.000000000000000E+002, 1.002350000000000E+003, 1.566250000000000E-005, 5.295290000000000E-015
 1.224810000000000E+000, 3.516460000000000E+004, 1.000000000000000E+002, 1.002350000000000E+003, 8.696540000000000E-006,-6.906310000000000E-014
 1.224810000000000E+000, 3.516460000000000E+004, 1.000000000000000E+002, 1.002350000000000E+003, 5.026560000000000E-006, 1.270260000000000E-013
 1.224810000000000E+000, 3.516460000000000E+004, 1.000000000000000E+002, 1.002350000000000E+003, 2.997350000000000E-006,-1.345470000000000E-013
 1.224810000000000E+000, 3.516460000000000E+004, 1.000000000000000E+002, 1.002350000000000E+003, 1.824660000000000E-006, 9.128230000000001E-014
 1.224810000000000E+000, 3.516460000000000E+004, 1.000000000000000E+002, 1.002350000000000E+003, 1.124250000000000E-006,-4.893320000000000E-014
 1.224810000000000E+000, 3.516460000000000E+004, 1.000000000000000E+002, 1.002350000000000E+003, 6.968560000000000E-007, 3.945120000000000E-014
 1.224810000000000E+000, 3.516460000000000E+004, 1.000000000000000E+002, 1.002350000000000E+003, 4.329160000000000E-007,-6.424780000000000E-014
 1.224810000000000E+000, 3.516460000000000E+004, 1.000000000000000E+002, 1.002350000000000E+003, 2.691610000000000E-007, 5.492470000000000E-014
 1.224810000000000E+000, 3.516460000000000E+004, 1.000000000000000E+002, 1.002350000000000E+003, 1.675880000000000E-007,-4.201890000000000E-014
 1.224810000000000E+000, 3.516460000000000E+004, 1.000000000000000E+002, 1.002350000000000E+003, 1.046710000000000E-007, 2.911190000000000E-014
 1.224810000000000E+000, 3.516460000000000E+004, 1.000000000000000E+002, 1.002350000000000E+003, 6.571790000000000E-008,-1.336490000000000E-014
 1.224810000000000E+000, 3.516460000000000E+004, 1.000000000000000E+002, 1.002350000000000E+003, 4.156300000000000E-008, 1.774000000000000E-014
 1.224810000000000E+000, 3.516460000000000E+004, 1.000000000000000E+002, 1.002350000000000E+003, 2.650790000000000E-008,-5.270330000000000E-015
 1.224810000000000E+000, 3.516460000000000E+004, 1.000000000000000E+002, 1.002350000000000E+003, 1.703640000000000E-008, 1.086280000000000E-015
 1.224810000000000E+000, 3.516460000000000E+004, 1.000000000000000E+002, 1.002350000000000E+003, 1.103920000000000E-008, 4.315530000000000E-015
 1.224810000000000E+000, 3.516460000000000E+004, 1.000000000000000E+002, 1.002350000000000E+003, 7.192800000000000E-009,-1.364420000000000E-014
 1.224810000000000E+000, 3.516460000000000E+004, 1.000000000000000E+002, 1.002350000000000E+003, 4.718830000000000E-009, 1.693320000000000E-014
 1.224810000000000E+000, 3.516460000000000E+004, 1.000000000000000E+002, 1.002350000000000E+003, 3.104910000000000E-009,-6.961940000000000E-015
 1.224810000000000E+000, 3.516460000000000E+004, 1.000000000000000E+002, 1.002350000000000E+003, 2.070480000000000E-009, 8.790050000000000E-015
 1.224810000000000E+000, 3.516460000000000E+004, 1.000000000000000E+002, 1.002350000000000E+003, 1.378710000000000E-009,-1.082540000000000E-014
 1.224810000000000E+000, 3.516460000000000E+004, 1.000000000000000E+002, 1.002350000000000E+003, 8.951890000000000E-010, 1.131330000000000E-014
 1.224810000000000E+000, 3.516460000000000E+004, 1.000000000000000E+002, 1.002350000000000E+003, 5.742080000000000E-010,-4.115470000000000E-015
 1.224810000000000E+000, 3.516460000000000E+004, 1.000000000000000E+002, 1.002350000000000E+003, 3.544380000000000E-010, 1.084020000000000E-014
 1.224810000000000E+000, 3.516460000000000E+004, 1.000000000000000E+002, 1.002350000000000E+003, 1.940250000000000E-010,-5.376560000000000E-015
 1.224810000000000E+000, 3.516460000000000E+004, 1.000000000000000E+002, 1.002350000000000E+003, 8.756630000000000E-011, 8.154850000000000E-015
 1.224810000000000E+000, 3.516460000000000E+004, 1.000000000000000E+002, 1.002350000000000E+003, 2.680780000000000E-012,-4.237410000000000E-015
 1.224810000000000E+000, 3.516460000000000E+004, 1.000000000000000E+002, 1.002350000000000E+003,-5.906870000000000E-011, 3.175450000000000E-015
 1.224810000000000E+000, 3.516460000000000E+004, 1.000000000000000E+002, 1.002350000000000E+003,-1.051630000000000E-010,-9.306040000000000E-015
 1.224810000000000E+000, 3.516460000000000E+004, 1.000000000000000E+002, 1.002350000000000E+003,-1.312830000000000E-010,-1.883240000000000E-015
 1.224810000000000E+000, 3.516460000000000E+004, 1.000000000000000E+002, 1.002350000000000E+003,-1.519530000000000E-010,-1.860240000000000E-014
 1.224810000000000E+000, 3.516460000000000E+004, 1.000000000000000E+002, 1.002350000000000E+003,-1.677330000000000E-010,-2.419390000000000E-015
 1.224810000000000E+000, 3.516460000000000E+004, 1.000000000000000E+002, 1.002350000000000E+003,-1.717220000000000E-010,-1.523270000000000E-014
 1.224810000000000E+000, 3.516460000000000E+004, 1.000000000000000E+002, 1.002350000000000E+003,-1.847660000000000E-010,-1.124420000000000E-014
 1.224810000000000E+000, 3.516460000000000E+004, 1.000000000000000E+002, 1.002350000000000E+003,-1.964950000000000E-010,-4.326000000000000E-015
 1.224810000000000E+000, 3.516460000000000E+004, 1.000000000000000E+002, 1.002350000000000E+003,-2.079360000000000E-010,-8.042390000000000E-015
 1.224810000000000E+000, 3.516460000000000E+004, 1.000000000000000E+002, 1.002350000000000E+003,-2.139050000000000E-010,-2.646420000000000E-015
 1.224810000000000E+000, 3.516460000000000E+004, 1.000000000000000E+002, 1.002350000000000E+003,-2.058660000000000E-010,-1.267010000000000E-014
 1.224810000000000E+000, 3.516460000000000E+004, 1.000000000000000E+002, 1.002350000000000E+003,-2.025620000000000E-010, 3.753040000000000E-015
 1.224810000000000E+000, 3.516460000000000E+004, 1.000000000000000E+002, 1.002350000000000E+003,-2.162200000000000E-010,-6.571970000000000E-015
 1.224810000000000E+000, 3.516460000000000E+004, 1.000000000000000E+002, 1.002350000000000E+003,-2.261350000000000E-010,-6.652450000000000E-016
 1.224810000000000E+000, 3.516460000000000E+004, 1.000000000000000E+002, 1.002350000000000E+003,-2.259740000000000E-010,-5.327090000000000E-015
 1.224810000000000E+000, 3.516460000000000E+004, 1.000000000000000E+002, 1.002350000000000E+003,-2.244250000000000E-010, 2.255200000000000E-015
 1.224810000000000E+000, 3.516460000000000E+004, 1.000000000000000E+002, 1.002350000000000E+003,-2.134970000000000E-010,-6.114870000000000E-015
 1.224810000000000E+000, 3.516460000000000E+004, 1.000000000000000E+002, 1.002350000000000E+003,-1.888860000000000E-010, 7.739850000000001E-015
 1.224810000000000E+000, 3.516460000000000E+004, 1.000000000000000E+002, 1.002350000000000E+003,-1.788160000000000E-010,-4.900710000000000E-015
 1.224810000000000E+000, 3.516460000000000E+004, 1.000000000000000E+002, 1.002350000000000E+003,-1.872150000000000E-010, 8.573600000000000E-015
 1.224810000000000E+000, 3.516460000000000E+004, 1.000000000000000E+002, 1.002350000000000E+003,-1.903800000000000E-010,-8.280630000000001E-015
 1.224810000000000E+000, 3.516460000000000E+004, 1.000000000000000E+002, 1.002350000000000E+003,-1.800030000000000E-010, 1.494040000000000E-014
 1.224810000000000E+000, 3.516460000000000E+004, 1.000000000000000E+002, 1.002350000000000E+003,-1.830100000000000E-010, 3.841290000000000E-015
 1.224810000000000E+000, 3.516460000000000E+004, 1.000000000000000E+002, 1.002350000000000E+003,-1.771360000000000E-010, 1.091370000000000E-014
 1.224810000000000E+000, 3.516460000000000E+004, 1.000000000000000E+002, 1.002350000000000E+003,-1.580820000000000E-010, 1.768500000000000E-015
 1.224810000000000E+000, 3.516460000000000E+004, 1.000000000000000E+002, 1.002350000000000E+003,-1.345060000000000E-010, 4.570060000000000E-015
 1.224810000000000E+000, 3.516460000000000E+004, 1.000000000000000E+002, 1.002350000000000E+003,-1.324630000000000E-010,-4.039260000000000E-015
 1.224810000000000E+000, 3.516460000000000E+004, 1.000000000000000E+002, 1.002350000000000E+003,-1.311920000000000E-010, 3.958580000000000E-015
 1.224810000000000E+000, 3.516460000000000E+004, 1.000000000000000E+002, 1.002350000000000E+003,-1.310020000000000E-010,-4.391300000000000E-015
 1.224810000000000E+000, 3.516460000000000E+004, 1.000000000000000E+002, 1.002350000000000E+003,-1.470640000000000E-010,-4.275260000000000E-016
 1.224810000000000E+000, 3.516460000000000E+004, 1.000000000000000E+002, 1.002350000000000E+003,-1.484410000000000E-010,-1.186920000000000E-014
 1.224810000000000E+000, 3.516460000000000E+004, 1.000000000000000E+002, 1.002350000000000E+003,-1.361540000000000E-010, 4.047310000000000E-015
 1.224810000000000E+000, 3.516460000000000E+004, 1.000000000000000E+002, 1.002350000000000E+003,-1.345590000000000E-010,-1.340330000000000E-014
 1.224810000000000E+000, 3.516460000000000E+004, 1.000000000000000E+002, 1.002350000000000E+003,-1.320810000000000E-010, 6.940570000000000E-015
 1.224810000000000E+000, 3.516460000000000E+004, 1.000000000000000E+002, 1.002350000000000E+003,-1.320870000000000E-010,-8.546149999999999E-015
 1.224810000000000E+000, 3.516460000000000E+004, 1.000000000000000E+002, 1.002350000000000E+003,-1.258190000000000E-010, 1.299560000000000E-014
 1.224810000000000E+000, 3.516460000000000E+004, 1.000000000000000E+002, 1.002350000000000E+003,-1.209950000000000E-010,-7.458730000000000E-015
 1.224810000000000E+000, 3.516460000000000E+004, 1.000000000000000E+002, 1.002350000000000E+003,-1.044610000000000E-010, 1.577940000000000E-014
 1.224810000000000E+000, 3.516460000000000E+004, 1.000000000000000E+002, 1.002350000000000E+003,-8.890390000000000E-011, 3.419510000000000E-015
 1.224810000000000E+000, 3.516460000000000E+004, 1.000000000000000E+002, 1.002350000000000E+003,-7.304430000000000E-011, 2.301340000000000E-014
 1.224810000000000E+000, 3.516460000000000E+004, 1.000000000000000E+002, 1.002350000000000E+003,-6.476910000000000E-011, 2.906270000000000E-015
 1.224810000000000E+000, 3.516460000000000E+004, 1.000000000000000E+002, 1.002350000000000E+003,-8.521930000000000E-011, 2.117940000000000E-014
 1.224810000000000E+000, 3.516460000000000E+004, 1.000000000000000E+002, 1.002350000000000E+003,-7.895900000000000E-011, 6.062460000000000E-015
 1.224810000000000E+000, 3.516460000000000E+004, 1.000000000000000E+002, 1.002350000000000E+003,-6.292439999999999E-011, 1.015760000000000E-014
 1.224810000000000E+000, 3.516460000000000E+004, 1.000000000000000E+002, 1.002350000000000E+003,-5.926560000000000E-011, 9.025590000000001E-015
 1.224810000000000E+000, 3.516460000000000E+004, 1.000000000000000E+002, 1.002350000000000E+003, 2.410800000000000E-010, 5.088240000000000E-015
 1.224810000000000E+000, 3.516460000000000E+004, 1.000000000000000E+002, 1.002350000000000E+003,-6.536500000000000E-009, 3.655610000000000E-015
 1.224810000000000E+000, 3.516460000000000E+004, 1.000000000000000E+002, 1.002350000000000E+003, 1.160140000000000E-007, 7.105400000000000E-016
 1.224800000000000E+000, 3.516470000000000E+004, 1.000010000000000E+002, 1.002350000000000E+003,-4.676030000000000E-006, 1.255380000000000E-017
 2.848880000000000E+000, 2.410410000000000E+005, 2.947010000000000E+002, 7.614380000000000E+002, 3.363470000000000E+002, 5.373380000000000E-011
 2.085710000000000E+000, 1.620920000000000E+005, 2.706900000000000E+002, 8.302610000000000E+002, 2.631500000000000E+002, 2.402860000000000E-010
 1.490950000000000E+000, 1.034070000000000E+005, 2.415750000000000E+002, 8.669440000000000E+002, 2.137330000000000E+002, 1.575680000000000E-010
 1.356940000000000E+000, 8.463500000000000E+004, 2.172460000000000E+002, 9.424070000000000E+002, 1.733250000000000E+002, 7.314190000000000E-011
 1.369430000000000E+000, 7.637420000000000E+004, 1.942550000000000E+002, 9.585870000000000E+002, 1.652700000000000E+002, 5.823130000000000E-011
 1.435060000000000E+000, 7.113989999999999E+004, 1.726660000000000E+002, 9.833770000000000E+002, 1.567950000000000E+002, 3.256640000000000E-011
 1.619040000000000E+000, 7.208739999999999E+004, 1.550840000000000E+002, 1.006910000000000E+003, 1.463690000000000E+002,-7.333620000000000E-012
 1.853660000000000E+000, 7.561610000000001E+004, 1.420850000000000E+002, 1.018250000000000E+003, 1.356010000000000E+002,-1.489650000000000E-011
 1.928790000000000E+000, 7.327060000000001E+004, 1.323150000000000E+002, 1.016900000000000E+003, 1.219340000000000E+002,-1.041470000000000E-011
 1.881860000000000E+000, 6.674939999999999E+004, 1.235450000000000E+002, 1.013830000000000E+003, 1.040660000000000E+002,-4.737680000000000E-012
 1.634380000000000E+000, 5.339700000000000E+004, 1.137960000000000E+002, 1.006540000000000E+003, 6.420050000000001E+001,-2.679330000000000E-012
 1.353440000000000E+000, 4.077050000000000E+004, 1.049230000000000E+002, 1.002400000000000E+003, 2.181160000000000E+001, 1.096750000000000E-012
 1.251400000000000E+000, 3.634820000000000E+004, 1.011700000000000E+002, 1.001980000000000E+003, 4.895280000000000E+000,-1.008030000000000E-012
 1.232010000000000E+000, 3.549630000000000E+004, 1.003540000000000E+002, 1.002180000000000E+003, 1.460010000000000E+000, 2.550450000000000E-013
 1.227390000000000E+000, 3.529070000000000E+004, 1.001480000000000E+002, 1.002290000000000E+003, 5.779550000000000E-001, 4.091050000000000E-013
 1.225790000000000E+000, 3.521550000000000E+004, 1.000650000000000E+002, 1.002320000000000E+003, 2.492770000000000E-001,-1.049190000000000E-012
 1.225180000000000E+000, 3.518520000000000E+004, 1.000280000000000E+002, 1.002340000000000E+003, 1.134330000000000E-001, 1.495580000000000E-012
 1.224960000000000E+000, 3.517330000000000E+004, 1.000120000000000E+002, 1.002340000000000E+003, 5.571180000000000E-002,-1.595900000000000E-012
 1.224880000000000E+000, 3.516850000000000E+004, 1.000050000000000E+002, 1.002350000000000E+003, 2.981640000000000E-002, 1.259240000000000E-012
 1.224850000000000E+000, 3.516650000000000E+004, 1.000030000000000E+002, 1.002350000000000E+003, 1.702770000000000E-002,-8.847870000000000E-013
 1.224830000000000E+000, 3.516560000000000E+004, 1.000010000000000E+002, 1.002350000000000E+003, 1.004320000000000E-002, 6.697670000000000E-013
 1.224820000000000E+000, 3.516510000000000E+004, 1.000010000000000E+002, 1.002350000000000E+003, 5.953140000000000E-003,-6.045300000000001E-013
 1.224820000000000E+000, 3.516490000000000E+004, 1.000000000000000E+002, 1.002350000000000E+003, 3.482630000000000E-003, 4.929690000000000E-013
 1.224820000000000E+000, 3.516470000000000E+004, 1.000000000000000E+002, 1.002350000000000E+003, 1.993800000000000E-003,-3.381030000000000E-013
 1.224810000000000E+000, 3.516470000000000E+004, 1.000000000000000E+002, 1.002350000000000E+003, 1.118230000000000E-003, 1.921090000000000E-013
 1.224810000000000E+000, 3.516460000000000E+004, 1.000000000000000E+002, 1.002350000000000E+003, 6.198450000000001E-004,-5.921360000000000E-014
 1.224810000000000E+000, 3.516460000000000E+004, 1.000000000000000E+002, 1.002350000000000E+003, 3.438460000000000E-004, 4.055650000000000E-014
 1.224810000000000E+000, 3.516460000000000E+004, 1.000000000000000E+002, 1.002350000000000E+003, 1.926670000000000E-004,-1.180280000000000E-013
 1.224810000000000E+000, 3.516460000000000E+004, 1.000000000000000E+002, 1.002350000000000E+003, 1.094390000000000E-004, 2.312170000000000E-013
 1.224810000000000E+000, 3.516460000000000E+004, 1.000000000000000E+002, 1.002350000000000E+003, 6.323700000000000E-005,-2.129620000000000E-013
 1.224810000000000E+000, 3.516460000000000E+004, 1.000000000000000E+002, 1.002350000000000E+003, 3.733460000000000E-005, 1.215430000000000E-013
 1.224810000000000E+000, 3.516460000000000E+004, 1.000000000000000E+002, 1.002350000000000E+003, 2.255640000000000E-005,-5.508080000000000E-014
 1.224810000000000E+000, 3.516460000000000E+004, 1.000000000000000E+002, 1.002350000000000E+003, 1.397230000000000E-005, 2.824900000000000E-014
 1.224810000000000E+000, 3.516460000000000E+004, 1.000000000000000E+002, 1.002350000000000E+003, 8.883869999999999E-006,-2.230210000000000E-014
 1.224810000000000E+000, 3.516460000000000E+004, 1.000000000000000E+002, 1.002350000000000E+003, 5.792680000000000E-006, 4.118010000000000E-014
 1.224810000000000E+000, 3.516460000000000E+004, 1.000000000000000E+002, 1.002350000000000E+003, 3.862750000000000E-006,-6.866030000000000E-014
 1.224810000000000E+000, 3.516460000000000E+004, 1.000000000000000E+002, 1.002350000000000E+003, 2.624440000000000E-006, 9.092310000000000E-014
 1.224810000000000E+000, 3.516460000000000E+004, 1.000000000000000E+002, 1.002350000000000E+003, 1.810190000000000E-006,-7.547400000000000E-014
 1.224810000000000E+000, 3.516460000000000E+004, 1.000000000000000E+002, 1.002350000000000E+003, 1.263440000000000E-006, 1.602160000000000E-014
 1.224810000000000E+000, 3.516460000000000E+004, 1.000000000000000E+002, 1.002350000000000E+003, 8.898990000000000E-007,-2.960390000000000E-015
 1.224810000000000E+000, 3.516460000000000E+004, 1.000000000000000E+002, 1.002350000000000E+003, 6.313270000000000E-007,-2.113000000000000E-014
 1.224810000000000E+000, 3.516460000000000E+004, 1.000000000000000E+002, 1.002350000000000E+003, 4.502480000000000E-007, 4.518820000000000E-016
 1.224810000000000E+000, 3.516460000000000E+004, 1.000000000000000E+002, 1.002350000000000E+003, 3.226070000000000E-007, 6.993000000000000E-014
 1.224810000000000E+000, 3.516460000000000E+004, 1.000000000000000E+002, 1.002350000000000E+003, 2.318390000000000E-007,-9.994220000000000E-014
 1.224810000000000E+000, 3.516460000000000E+004, 1.000000000000000E+002, 1.002350000000000E+003, 1.671530000000000E-007, 9.068090000000000E-014
 1.224810000000000E+000, 3.516460000000000E+004, 1.000000000000000E+002, 1.002350000000000E+003, 1.208900000000000E-007,-7.733530000000000E-014
 1.224810000000000E+000, 3.516460000000000E+004, 1.000000000000000E+002, 1.002350000000000E+003, 8.763880000000000E-008, 3.361450000000000E-014
 1.224810000000000E+000, 3.516460000000000E+004, 1.000000000000000E+002, 1.002350000000000E+003, 6.374329999999999E-008,-3.382970000000000E-014
 1.224810000000000E+000, 3.516460000000000E+004, 1.000000000000000E+002, 1.002350000000000E+003, 4.649850000000000E-008, 2.006060000000000E-014
 1.224810000000000E+000, 3.516460000000000E+004, 1.000000000000000E+002, 1.002350000000000E+003, 3.403030000000000E-008,-1.613630000000000E-014
 1.224810000000000E+000, 3.516460000000000E+004, 1.000000000000000E+002, 1.002350000000000E+003, 2.502070000000000E-008, 9.650010000000000E-015
 1.224810000000000E+000, 3.516460000000000E+004, 1.000000000000000E+002, 1.002350000000000E+003, 1.849210000000000E-008, 3.408110000000000E-015
 1.224810000000000E+000, 3.516460000000000E+004, 1.000000000000000E+002, 1.002350000000000E+003, 1.374590000000000E-008,-1.282290000000000E-014
 1.224810000000000E+000, 3.516460000000000E+004, 1.000000000000000E+002, 1.002350000000000E+003, 1.026630000000000E-008,-6.671410000000000E-015
 1.224810000000000E+000, 3.516460000000000E+004, 1.000000000000000E+002, 1.002350000000000E+003, 7.730380000000001E-009,-4.000060000000000E-015
 1.224810000000000E+000, 3.516460000000000E+004, 1.000000000000000E+002, 1.002350000000000E+003, 5.835920000000000E-009,-2.026940000000000E-014
 1.224810000000000E+000, 3.516460000000000E+004, 1.000000000000000E+002, 1.002350000000000E+003, 4.439130000000000E-009,-3.805510000000000E-015
 1.224810000000000E+000, 3.516460000000000E+004, 1.000000000000000E+002, 1.002350000000000E+003, 3.413270000000000E-009,-1.370040000000000E-014
 1.224810000000000E+000, 3.516460000000000E+004, 1.000000000000000E+002, 1.002350000000000E+003, 2.639420000000000E-009,-1.084400000000000E-014
 1.224810000000000E+000, 3.516460000000000E+004, 1.000000000000000E+002, 1.002350000000000E+003, 2.060050000000000E-009, 2.185260000000000E-015
 1.224810000000000E+000, 3.516460000000000E+004, 1.000000000000000E+002, 1.002350000000000E+003, 1.607990000000000E-009,-7.520310000000000E-015
 1.224810000000000E+000, 3.516460000000000E+004, 1.000000000000000E+002, 1.002350000000000E+003, 1.272540000000000E-009, 2.470780000000000E-016
 1.224810000000000E+000, 3.516460000000000E+004, 1.000000000000000E+002, 1.002350000000000E+003, 1.000810000000000E-009,-4.196480000000000E-015
 1.224810000000000E+000, 3.516460000000000E+004, 1.000000000000000E+002, 1.002350000000000E+003, 7.878380000000000E-010,-8.734340000000000E-016
 1.224810000000000E+000, 3.516460000000000E+004, 1.000000000000000E+002, 1.002350000000000E+003, 6.286830000000000E-010,-4.500590000000000E-016
 1.224810000000000E+000, 3.516460000000000E+004, 1.000000000000000E+002, 1.002350000000000E+003, 5.041230000000000E-010,-1.629980000000000E-015
 1.224810000000000E+000, 3.516460000000000E+004, 1.000000000000000E+002, 1.002350000000000E+003, 4.003940000000000E-010,-2.747820000000000E-015
 1.224810000000000E+000, 3.516460000000000E+004, 1.000000000000000E+002, 1.002350000000000E+003, 3.166860000000000E-010,-2.095360000000000E-015
 1.224810000000000E+000, 3.516460000000000E+004, 1.000000000000000E+002, 1.002350000000000E+003, 2.467380000000000E-010,-3.684220000000000E-015
 1.224810000000000E+000, 3.516460000000000E+004, 1.000000000000000E+002, 1.002350000000000E+003, 1.879870000000000E-010,-1.152570000000000E-015
 1.224810000000000E+000, 3.516460000000000E+004, 1.000000000000000E+002, 1.002350000000000E+003, 1.400830000000000E-010,-3.445830000000000E-015
 1.224810000000000E+000, 3.516460000000000E+004, 1.000000000000000E+002, 1.002350000000000E+003, 1.006920000000000E-010,-4.250400000000000E-015
 1.224810000000000E+000, 3.516460000000000E+004, 1.000000000000000E+002, 1.002350000000000E+003, 7.173400000000000E-011, 2.592510000000000E-015
 1.224810000000000E+000, 3.516460000000000E+004, 1.000000000000000E+002, 1.002350000000000E+003, 4.513980000000000E-011, 1.200340000000000E-015
 1.224810000000000E+000, 3.516460000000000E+004, 1.000000000000000E+002, 1.002350000000000E+003, 1.668690000000000E-011, 4.319210000000000E-015
 1.224810000000000E+000, 3.516460000000000E+004, 1.000000000000000E+002, 1.002350000000000E+003,-1.331430000000000E-012,-5.049620000000000E-016
 1.224810000000000E+000, 3.516460000000000E+004, 1.000000000000000E+002, 1.002350000000000E+003,-1.772530000000000E-011, 3.506990000000000E-016
 1.224810000000000E+000, 3.516460000000000E+004, 1.000000000000000E+002, 1.002350000000000E+003,-3.158360000000000E-011, 1.536440000000000E-015
 1.224810000000000E+000, 3.516460000000000E+004, 1.000000000000000E+002, 1.002350000000000E+003,-4.571770000000000E-011, 9.931800000000001E-016
 1.224810000000000E+000, 3.516460000000000E+004, 1.000000000000000E+002, 1.002350000000000E+003,-6.089830000000001E-011, 7.614620000000000E-016
 1.224810000000000E+000, 3.516460000000000E+004, 1.000000000000000E+002, 1.002350000000000E+003,-7.130670000000001E-011,-1.809930000000000E-015
 1.224810000000000E+000, 3.516460000000000E+004, 1.000000000000000E+002, 1.002350000000000E+003,-7.910450000000000E-011,-1.812480000000000E-015
 1.224810000000000E+000, 3.516460000000000E+004, 1.000000000000000E+002, 1.002350000000000E+003,-7.031730000000000E-011, 2.899980000000000E-016
 1.224810000000000E+000, 3.516460000000000E+004, 1.000000000000000E+002, 1.002350000000000E+003,-7.927220000000000E-011,-5.761820000000000E-015
 1.224810000000000E+000, 3.516460000000000E+004, 1.000000000000000E+002, 1.002350000000000E+003,-8.730130000000000E-011,-1.783160000000000E-015
 1.224810000000000E+000, 3.516460000000000E+004, 1.000000000000000E+002, 1.002350000000000E+003,-9.533489999999999E-011, 2.693530000000000E-015
 1.224810000000000E+000, 3.516460000000000E+004, 1.000000000000000E+002, 1.002350000000000E+003,-8.606290000000000E-011,-1.434880000000000E-015
 1.224810000000000E+000, 3.516460000000000E+004, 1.000000000000000E+002, 1.002350000000000E+003,-9.849080000000000E-011, 1.937070000000000E-015
 1.224810000000000E+000, 3.516460000000000E+004, 1.000000000000000E+002, 1.002350000000000E+003,-9.899020000000000E-011, 5.117220000000000E-016
 1.224810000000000E+000, 3.516460000000000E+004, 1.000000000000000E+002, 1.002350000000000E+003,-9.480470000000000E-011, 3.919440000000000E-015
 1.224810000000000E+000, 3.516460000000000E+004, 1.000000000000000E+002, 1.002350000000000E+003,-1.061710000000000E-010, 2.303850000000000E-016
 1.224810000000000E+000, 3.516460000000000E+004, 1.000000000000000E+002, 1.002350000000000E+003,-1.088400000000000E-010, 6.104340000000000E-015
 1.224810000000000E+000, 3.516460000000000E+004, 1.000000000000000E+002, 1.002350000000000E+003,-1.363580000000000E-010, 6.254490000000000E-015
 1.224810000000000E+000, 3.516460000000000E+004, 1.000000000000000E+002, 1.002350000000000E+003,-1.388560000000000E-010, 4.998720000000000E-015
 1.224810000000000E+000, 3.516460000000000E+004, 1.000000000000000E+002, 1.002350000000000E+003,-1.235420000000000E-010, 3.771900000000000E-015
 1.224810000000000E+000, 3.516460000000000E+004, 1.000000000000000E+002, 1.002350000000000E+003, 1.727930000000000E-010, 2.812610000000000E-015
 1.224810000000000E+000, 3.516460000000000E+004, 1.000000000000000E+002, 1.002350000000000E+003,-6.256680000000000E-009, 1.719400000000000E-015
 1.224810000000000E+000, 3.516460000000000E+004, 1.000000000000000E+002, 1.002350000000000E+003, 1.088810000000000E-007,-3.703840000000000E-015
 1.224800000000000E+000, 3.516470000000000E+004, 1.000010000000000E+002, 1.002350000000000E+003,-4.779160000000000E-006,-7.862819999999999E-015
 2.313150000000000E+000, 1.992310000000000E+005, 2.999970000000000E+002, 7.809530000000000E+002, 2.935770000000000E+002, 9.028760000000000E-011
 1.679430000000000E+000, 1.340810000000000E+005, 2.780790000000000E+002, 8.389470000000000E+002, 2.366920000000000E+002, 3.976700000000000E-010
 1.277910000000000E+000, 9.294250000000000E+004, 2.533250000000000E+002, 9.028330000000000E+002, 1.810560000000000E+002,-5.622490000000000E-010
 1.200040000000000E+000, 7.875630000000000E+004, 2.285870000000000E+002, 9.570230000000000E+002, 1.346870000000000E+002,-7.615050000000000E-010
 1.205300000000000E+000, 7.029039999999999E+004, 2.031250000000000E+002, 9.716420000000001E+002, 1.285200000000000E+002,-6.604680000000000E-010
 1.299230000000000E+000, 6.742710000000001E+004, 1.807640000000000E+002, 9.951160000000000E+002, 1.238080000000000E+002,-4.619660000000000E-010
 1.489870000000000E+000, 6.880989999999999E+004, 1.608670000000000E+002, 1.013750000000000E+003, 1.177110000000000E+002,-2.327840000000000E-010
 1.710900000000000E+000, 7.085870000000000E+004, 1.442560000000000E+002, 1.020450000000000E+003, 1.194010000000000E+002,-1.082750000000000E-010
 1.895020000000000E+000, 7.258080000000000E+004, 1.334050000000000E+002, 1.017230000000000E+003, 1.205340000000000E+002,-4.458560000000000E-011
 1.957060000000000E+000, 7.119280000000000E+004, 1.267060000000000E+002, 1.009010000000000E+003, 1.155070000000000E+002,-1.476430000000000E-011
 1.942460000000000E+000, 6.841470000000000E+004, 1.226760000000000E+002, 1.004260000000000E+003, 1.082050000000000E+002,-8.878880000000001E-012
 1.836120000000000E+000, 6.272870000000000E+004, 1.189950000000000E+002, 9.972540000000000E+002, 9.059370000000000E+001,-2.136600000000000E-012
 1.667170000000000E+000, 5.498770000000000E+004, 1.148820000000000E+002, 9.951380000000000E+002, 6.740020000000000E+001,-9.212359999999999E-013
 1.524940000000000E+000, 4.857360000000000E+004, 1.109460000000000E+002, 9.965309999999999E+002, 4.718800000000000E+001,-3.273720000000000E-013
 1.427670000000000E+000, 4.417010000000000E+004, 1.077610000000000E+002, 9.982800000000000E+002, 3.276390000000000E+001, 1.056030000000000E-012
 1.357030000000000E+000, 4.099930000000000E+004, 1.052330000000000E+002, 9.997130000000000E+002, 2.193890000000000E+001,-2.214980000000000E-012
 1.303890000000000E+000, 3.864220000000000E+004, 1.032250000000000E+002, 1.000780000000000E+003, 1.350940000000000E+001, 3.517060000000000E-012
 1.267270000000000E+000, 3.703100000000000E+004, 1.017800000000000E+002, 1.001490000000000E+003, 7.491040000000000E+000,-4.513750000000000E-012
 1.245420000000000E+000, 3.607520000000000E+004, 1.008920000000000E+002, 1.001910000000000E+003, 3.779880000000000E+000, 4.891900000000000E-012
 1.234250000000000E+000, 3.558770000000000E+004, 1.004290000000000E+002, 1.002140000000000E+003, 1.818490000000000E+000,-5.015770000000000E-012
 1.229060000000000E+000, 3.536060000000000E+004, 1.002100000000000E+002, 1.002250000000000E+003, 8.695780000000000E-001, 5.095320000000000E-012
 1.226730000000000E+000, 3.525660000000000E+004, 1.001050000000000E+002, 1.002300000000000E+003, 4.191040000000000E-001,-5.019170000000000E-012
 1.225680000000000E+000, 3.520790000000000E+004, 1.000520000000000E+002, 1.002330000000000E+003, 2.092230000000000E-001, 4.426270000000000E-012
 1.225220000000000E+000, 3.518530000000000E+004, 1.000260000000000E+002, 1.002340000000000E+003, 1.091190000000000E-001,-3.466890000000000E-012
 1.225010000000000E+000, 3.517480000000000E+004, 1.000130000000000E+002, 1.002340000000000E+003, 6.016010000000000E-002, 2.481020000000000E-012
 1.224910000000000E+000, 3.516980000000000E+004, 1.000070000000000E+002, 1.002350000000000E+003, 3.526820000000000E-002,-1.893210000000000E-012
 1.224870000000000E+000, 3.516740000000000E+004, 1.000040000000000E+002, 1.002350000000000E+003, 2.184190000000000E-002, 1.977070000000000E-012
 1.224840000000000E+000, 3.516620000000000E+004, 1.000020000000000E+002, 1.002350000000000E+003, 1.406520000000000E-002,-2.480420000000000E-012
 1.224830000000000E+000, 3.516550000000000E+004, 1.000010000000000E+002, 1.002350000000000E+003, 9.269430000000000E-003, 2.915330000000000E-012
 1.224820000000000E+000, 3.516520000000000E+004, 1.000010000000000E+002, 1.002350000000000E+003, 6.175610000000000E-003,-2.855170000000000E-012
 1.224820000000000E+000, 3.516490000000000E+004, 1.000000000000000E+002, 1.002350000000000E+003, 4.123490000000000E-003, 2.420660000000000E-012
 1.224820000000000E+000, 3.516480000000000E+004, 1.000000000000000E+002, 1.002350000000000E+003, 2.744920000000000E-003,-1.812270000000000E-012
 1.224820000000000E+000, 3.516470000000000E+004, 1.000000000000000E+002, 1.002350000000000E+003, 1.818270000000000E-003, 1.040020000000000E-012
 1.224810000000000E+000, 3.516470000000000E+004, 1.000000000000000E+002, 1.002350000000000E+003, 1.199430000000000E-003,-1.310680000000000E-013
 1.224810000000000E+000, 3.516470000000000E+004, 1.000000000000000E+002, 1.002350000000000E+003, 7.895450000000000E-004,-7.042060000000000E-013
 1.224810000000000E+000, 3.516460000000000E+004, 1.000000000000000E+002, 1.002350000000000E+003, 5.199160000000000E-004, 1.114580000000000E-012
 1.224810000000000E+000, 3.516460000000000E+004, 1.000000000000000E+002, 1.002350000000000E+003, 3.433160000000000E-004,-9.657249999999999E-013
 1.224810000000000E+000, 3.516460000000000E+004, 1.000000000000000E+002, 1.002350000000000E+003, 2.278990000000000E-004, 4.237370000000000E-013
 1.224810000000000E+000, 3.516460000000000E+004, 1.000000000000000E+002, 1.002350000000000E+003, 1.523970000000000E-004, 2.811190000000000E-013
 1.224810000000000E+000, 3.516460000000000E+004, 1.000000000000000E+002, 1.002350000000000E+003, 1.027560000000000E-004,-8.126150000000000E-013
 1.224810000000000E+000, 3.516460000000000E+004, 1.000000000000000E+002, 1.002350000000000E+003, 6.989530000000000E-005, 8.297420000000000E-013
 1.224810000000000E+000, 3.516460000000000E+004, 1.000000000000000E+002, 1.002350000000000E+003, 4.799990000000000E-005,-4.983880000000000E-013
 1.224810000000000E+000, 3.516460000000000E+004, 1.000000000000000E+002, 1.002350000000000E+003, 3.330880000000000E-005, 2.140810000000000E-013
 1.224810000000000E+000, 3.516460000000000E+004, 1.000000000000000E+002, 1.002350000000000E+003, 2.335800000000000E-005,-1.481770000000000E-013
 1.224810000000000E+000, 3.516460000000000E+004, 1.000000000000000E+002, 1.002350000000000E+003, 1.655690000000000E-005, 1.774730000000000E-013
 1.224810000000000E+000, 3.516460000000000E+004, 1.000000000000000E+002, 1.002350000000000E+003, 1.186420000000000E-005,-9.009120000000000E-014
 1.224810000000000E+000, 3.516460000000000E+004, 1.000000000000000E+002, 1.002350000000000E+003, 8.594119999999999E-006,-1.162730000000000E-013
 1.224810000000000E+000, 3.516460000000000E+004, 1.000000000000000E+002, 1.002350000000000E+003, 6.295370000000000E-006, 2.627480000000000E-013
 1.224810000000000E+000, 3.516460000000000E+004, 1.000000000000000E+002, 1.002350000000000E+003, 4.659760000000000E-006,-3.443970000000000E-013
 1.224810000000000E+000, 3.516460000000000E+004, 1.000000000000000E+002, 1.002350000000000E+003, 3.488530000000000E-006, 3.159310000000000E-013
 1.224810000000000E+000, 3.516460000000000E+004, 1.000000000000000E+002, 1.002350000000000E+003, 2.638920000000000E-006,-2.850900000000000E-013
 1.224810000000000E+000, 3.516460000000000E+004, 1.000000000000000E+002, 1.002350000000000E+003, 2.015660000000000E-006, 1.792150000000000E-013
 1.224810000000000E+000, 3.516460000000000E+004, 1.000000000000000E+002, 1.002350000000000E+003, 1.555250000000000E-006,-5.802870000000000E-014
 1.224810000000000E+000, 3.516460000000000E+004, 1.000000000000000E+002, 1.002350000000000E+003, 1.208050000000000E-006,-7.364740000000000E-015
 1.224810000000000E+000, 3.516460000000000E+004, 1.000000000000000E+002, 1.002350000000000E+003, 9.482820000000000E-007,-4.069020000000000E-014
 1.224810000000000E+000, 3.516460000000000E+004, 1.000000000000000E+002, 1.002350000000000E+003, 7.477470000000000E-007, 6.122210000000000E-014
 1.224810000000000E+000, 3.516460000000000E+004, 1.000000000000000E+002, 1.002350000000000E+003, 5.947800000000000E-007,-6.639930000000000E-014
 1.224810000000000E+000, 3.516460000000000E+004, 1.000000000000000E+002, 1.002350000000000E+003, 4.761360000000000E-007, 2.930460000000000E-014
 1.224810000000000E+000, 3.516460000000000E+004, 1.000000000000000E+002, 1.002350000000000E+003, 3.828370000000000E-007,-8.036070000000000E-014
 1.224810000000000E+000, 3.516460000000000E+004, 1.000000000000000E+002, 1.002350000000000E+003, 3.105730000000000E-007, 9.321830000000000E-014
 1.224810000000000E+000, 3.516460000000000E+004, 1.000000000000000E+002, 1.002350000000000E+003, 2.522920000000000E-007,-4.446380000000000E-014
 1.224810000000000E+000, 3.516460000000000E+004, 1.000000000000000E+002, 1.002350000000000E+003, 2.071140000000000E-007,-4.914390000000000E-014
 1.224810000000000E+000, 3.516460000000000E+004, 1.000000000000000E+002, 1.002350000000000E+003, 1.702730000000000E-007, 9.483390000000000E-014
 1.224810000000000E+000, 3.516460000000000E+004, 1.000000000000000E+002, 1.002350000000000E+003, 1.408100000000000E-007,-9.789500000000000E-014
 1.224810000000000E+000, 3.516460000000000E+004, 1.000000000000000E+002, 1.002350000000000E+003, 1.171870000000000E-007, 1.023500000000000E-013
 1.224810000000000E+000, 3.516460000000000E+004, 1.000000000000000E+002, 1.002350000000000E+003, 9.781680000000000E-008,-6.815530000000000E-014
 1.224810000000000E+000, 3.516460000000000E+004, 1.000000000000000E+002, 1.002350000000000E+003, 8.200520000000000E-008, 4.979280000000000E-014
 1.224810000000000E+000, 3.516460000000000E+004, 1.000000000000000E+002, 1.002350000000000E+003, 6.912960000000000E-008,-2.098820000000000E-014
 1.224810000000000E+000, 3.516460000000000E+004, 1.000000000000000E+002, 1.002350000000000E+003, 5.835790000000000E-008, 1.730680000000000E-014
 1.224810000000000E+000, 3.516460000000000E+004, 1.000000000000000E+002, 1.002350000000000E+003, 4.951700000000000E-008,-4.714630000000000E-014
 1.224810000000000E+000, 3.516460000000000E+004, 1.000000000000000E+002, 1.002350000000000E+003, 4.214280000000000E-008, 6.738149999999999E-014
 1.224810000000000E+000, 3.516460000000000E+004, 1.000000000000000E+002, 1.002350000000000E+003, 3.600850000000000E-008,-6.702090000000000E-014
 1.224810000000000E+000, 3.516460000000000E+004, 1.000000000000000E+002, 1.002350000000000E+003, 3.082410000000000E-008, 4.823830000000000E-014
 1.224810000000000E+000, 3.516460000000000E+004, 1.000000000000000E+002, 1.002350000000000E+003, 2.653990000000000E-008,-1.420750000000000E-014
 1.224810000000000E+000, 3.516460000000000E+004, 1.000000000000000E+002, 1.002350000000000E+003, 2.278940000000000E-008,-1.445390000000000E-014
 1.224810000000000E+000, 3.516460000000000E+004, 1.000000000000000E+002, 1.002350000000000E+003, 1.980580000000000E-008, 3.904750000000000E-014
 1.224810000000000E+000, 3.516460000000000E+004, 1.000000000000000E+002, 1.002350000000000E+003, 1.697040000000000E-008,-4.101070000000000E-014
 1.224810000000000E+000, 3.516460000000000E+004, 1.000000000000000E+002, 1.002350000000000E+003, 1.498070000000000E-008, 3.062590000000000E-014
 1.224810000000000E+000, 3.516460000000000E+004, 1.000000000000000E+002, 1.002350000000000E+003, 1.279550000000000E-008,-1.450650000000000E-014
 1.224810000000000E+000, 3.516460000000000E+004, 1.000000000000000E+002, 1.002350000000000E+003, 1.128580000000000E-008,-1.532640000000000E-015
 1.224810000000000E+000, 3.516460000000000E+004, 1.000000000000000E+002, 1.002350000000000E+003, 1.005200000000000E-008,-3.768060000000000E-015
 1.224810000000000E+000, 3.516460000000000E+004, 1.000000000000000E+002, 1.002350000000000E+003, 8.046979999999999E-009,-2.770540000000000E-015
 1.224810000000000E+000, 3.516460000000000E+004, 1.000000000000000E+002, 1.002350000000000E+003, 8.264410000000000E-009,-3.252650000000000E-015
 1.224810000000000E+000, 3.516460000000000E+004, 1.000000000000000E+002, 1.002350000000000E+003, 6.088010000000000E-009,-2.877310000000000E-015
 1.224810000000000E+000, 3.516460000000000E+004, 1.000000000000000E+002, 1.002350000000000E+003, 6.392170000000000E-009,-3.907570000000000E-015
 1.224810000000000E+000, 3.516460000000000E+004, 1.000000000000000E+002, 1.002350000000000E+003, 4.768880000000000E-009,-2.874530000000000E-015
 1.224810000000000E+000, 3.516460000000000E+004, 1.000000000000000E+002, 1.002350000000000E+003, 5.031340000000000E-009,-5.044410000000000E-015
 1.224810000000000E+000, 3.516460000000000E+004, 1.000000000000000E+002, 1.002350000000000E+003, 3.736840000000000E-009,-3.227500000000000E-015
 1.224810000000000E+000, 3.516460000000000E+004, 1.000000000000000E+002, 1.002350000000000E+003, 3.937820000000000E-009,-3.483540000000000E-015
 1.224810000000000E+000, 3.516460000000000E+004, 1.000000000000000E+002, 1.002350000000000E+003, 2.941320000000000E-009,-1.079290000000000E-015
 1.224810000000000E+000, 3.516460000000000E+004, 1.000000000000000E+002, 1.002350000000000E+003, 3.111160000000000E-009,-3.411290000000000E-015
 1.224810000000000E+000, 3.516460000000000E+004, 1.000000000000000E+002, 1.002350000000000E+003, 2.341060000000000E-009,-1.569420000000000E-015
 1.224810000000000E+000, 3.516460000000000E+004, 1.000000000000000E+002, 1.002350000000000E+003, 2.476030000000000E-009, 1.967240000000000E-015
 1.224810000000000E+000, 3.516460000000000E+004, 1.000000000000000E+002, 1.002350000000000E+003, 1.880640000000000E-009, 6.579710000000000E-017
 1.224810000000000E+000, 3.516460000000000E+004, 1.000000000000000E+002, 1.002350000000000E+003, 1.791480000000000E-009,-1.398440000000000E-016
 1.224810000000000E+000, 3.516460000000000E+004, 1.000000000000000E+002, 1.002350000000000E+003, 1.861050000000000E-009, 3.601350000000000E-015
 1.224810000000000E+000, 3.516460000000000E+004, 1.000000000000000E+002, 1.002350000000000E+003,-5.766320000000000E-009, 3.471840000000000E-015
 1.224810000000000E+000, 3.516460000000000E+004, 1.000000000000000E+002, 1.002350000000000E+003, 1.022740000000000E-007, 6.433500000000000E-015
 1.224800000000000E+000, 3.516470000000000E+004, 1.000010000000000E+002, 1.002350000000000E+003,-4.598190000000000E-006, 8.444610000000000E-015
 1.945910000000000E+000, 1.733330000000000E+005, 3.102580000000000E+002, 8.018790000000000E+002, 2.689170000000000E+002, 5.242200000000000E-010
 1.305390000000000E+000, 1.063010000000000E+005, 2.836350000000000E+002, 8.573620000000000E+002, 2.409500000000000E+002,-7.784910000000000E-010
 1.077380000000000E+000, 8.100050000000000E+004, 2.618680000000000E+002, 9.343180000000000E+002, 1.858170000000000E+002,-2.416060000000000E-009
 1.066360000000000E+000, 7.323750000000000E+004, 2.392170000000000E+002, 9.623260000000000E+002, 1.443950000000000E+002,-1.825720000000000E-009
 1.080080000000000E+000, 6.628739999999999E+004, 2.137660000000000E+002, 9.805820000000000E+002, 1.287070000000000E+002,-1.593020000000000E-009
 1.188630000000000E+000, 6.538750000000000E+004, 1.916080000000000E+002, 1.000150000000000E+003, 1.217480000000000E+002,-1.217120000000000E-009
 1.401120000000000E+000, 6.842370000000000E+004, 1.700970000000000E+002, 1.014030000000000E+003, 1.221550000000000E+002,-6.950450000000000E-010
 1.636610000000000E+000, 7.008360000000001E+004, 1.491540000000000E+002, 1.019080000000000E+003, 1.201710000000000E+002,-3.214280000000000E-010
 1.852720000000000E+000, 7.165920000000000E+004, 1.347180000000000E+002, 1.015130000000000E+003, 1.217480000000000E+002,-1.315800000000000E-010
 1.994290000000000E+000, 7.304900000000000E+004, 1.275820000000000E+002, 1.006260000000000E+003, 1.196930000000000E+002,-4.080080000000000E-011
 2.033910000000000E+000, 7.291089999999999E+004, 1.248600000000000E+002, 9.967619999999999E+002, 1.133010000000000E+002,-1.290860000000000E-011
 2.036880000000000E+000, 7.264420000000000E+004, 1.242220000000000E+002, 9.944109999999999E+002, 1.104630000000000E+002,-7.823339999999999E-012
 2.023810000000000E+000, 7.194510000000001E+004, 1.238220000000000E+002, 9.914890000000000E+002, 1.064440000000000E+002,-3.357160000000000E-012
 1.975120000000000E+000, 6.959180000000000E+004, 1.227240000000000E+002, 9.894070000000000E+002, 1.024310000000000E+002,-1.461270000000000E-012
 1.914880000000000E+000, 6.664000000000000E+004, 1.212150000000000E+002, 9.896400000000000E+002, 9.726380000000000E+001, 1.099330000000000E-012
 1.855310000000000E+000, 6.373400000000000E+004, 1.196520000000000E+002, 9.905530000000000E+002, 9.100530000000001E+001,-2.172240000000000E-012
 1.788630000000000E+000, 6.056810000000000E+004, 1.179470000000000E+002, 9.916280000000000E+002, 8.317860000000000E+001, 3.190260000000000E-012
 1.711950000000000E+000, 5.701890000000000E+004, 1.160090000000000E+002, 9.929200000000000E+002, 7.350120000000000E+001,-4.177900000000000E-012
 1.627520000000000E+000, 5.316490000000000E+004, 1.137790000000000E+002, 9.944010000000000E+002, 6.212640000000000E+001, 4.811340000000000E-012
 1.539950000000000E+000, 4.918160000000000E+004, 1.112400000000000E+002, 9.960930000000000E+002, 4.959070000000000E+001,-5.336090000000000E-012
 1.460060000000000E+000, 4.556790000000000E+004, 1.087060000000000E+002, 9.977050000000000E+002, 3.776580000000000E+001, 5.514680000000000E-012
 1.393760000000000E+000, 4.259640000000000E+004, 1.064510000000000E+002, 9.989980000000000E+002, 2.768790000000000E+001,-4.987470000000000E-012
 1.340850000000000E+000, 4.024600000000000E+004, 1.045460000000000E+002, 1.000010000000000E+003, 1.940160000000000E+001, 3.434190000000000E-012
 1.300550000000000E+000, 3.846880000000000E+004, 1.030260000000000E+002, 1.000780000000000E+003, 1.290920000000000E+001,-1.450020000000000E-012
 1.271710000000000E+000, 3.720590000000000E+004, 1.019030000000000E+002, 1.001330000000000E+003, 8.150440000000000E+000, 8.852800000000000E-014
 1.252500000000000E+000, 3.636990000000000E+004, 1.011410000000000E+002, 1.001710000000000E+003, 4.915770000000000E+000,-4.499800000000000E-013
 1.240600000000000E+000, 3.585480000000000E+004, 1.006650000000000E+002, 1.001970000000000E+003, 2.876490000000000E+000, 2.662310000000000E-012
 1.233690000000000E+000, 3.555620000000000E+004, 1.003860000000000E+002, 1.002130000000000E+003, 1.668470000000000E+000,-5.806330000000000E-012
 1.229800000000000E+000, 3.538770000000000E+004, 1.002260000000000E+002, 1.002230000000000E+003, 9.701230000000000E-001, 8.953730000000000E-012
 1.227620000000000E+000, 3.529250000000000E+004, 1.001350000000000E+002, 1.002280000000000E+003, 5.652650000000000E-001,-1.173740000000000E-011
 1.226390000000000E+000, 3.523820000000000E+004, 1.000800000000000E+002, 1.002310000000000E+003, 3.327530000000000E-001, 1.450080000000000E-011
 1.225710000000000E+000, 3.520700000000000E+004, 1.000470000000000E+002, 1.002330000000000E+003, 1.995590000000000E-001,-1.710000000000000E-011
 1.225330000000000E+000, 3.518930000000000E+004, 1.000280000000000E+002, 1.002340000000000E+003, 1.223000000000000E-001, 1.844720000000000E-011
 1.225110000000000E+000, 3.517920000000000E+004, 1.000170000000000E+002, 1.002340000000000E+003, 7.706209999999999E-002,-1.774100000000000E-011
 1.224990000000000E+000, 3.517340000000000E+004, 1.000100000000000E+002, 1.002340000000000E+003, 5.013400000000000E-002, 1.593720000000000E-011
 1.224920000000000E+000, 3.517000000000000E+004, 1.000070000000000E+002, 1.002350000000000E+003, 3.369530000000000E-002,-1.514310000000000E-011
 1.224880000000000E+000, 3.516800000000000E+004, 1.000040000000000E+002, 1.002350000000000E+003, 2.333280000000000E-002, 1.598320000000000E-011
 1.224860000000000E+000, 3.516680000000000E+004, 1.000030000000000E+002, 1.002350000000000E+003, 1.656920000000000E-002,-1.680850000000000E-011
 1.224840000000000E+000, 3.516610000000000E+004, 1.000020000000000E+002, 1.002350000000000E+003, 1.200100000000000E-002, 1.518160000000000E-011
 1.224830000000000E+000, 3.516560000000000E+004, 1.000010000000000E+002, 1.002350000000000E+003, 8.821290000000001E-003,-9.770159999999999E-012
 1.224830000000000E+000, 3.516530000000000E+004, 1.000010000000000E+002, 1.002350000000000E+003, 6.553340000000000E-003, 9.778650000000001E-013
 1.224820000000000E+000, 3.516510000000000E+004, 1.000010000000000E+002, 1.002350000000000E+003, 4.903950000000000E-003, 9.301800000000000E-012
 1.224820000000000E+000, 3.516490000000000E+004, 1.000000000000000E+002, 1.002350000000000E+003, 3.686940000000000E-003,-1.922000000000000E-011
 1.224820000000000E+000, 3.516480000000000E+004, 1.000000000000000E+002, 1.002350000000000E+003, 2.780520000000000E-003, 2.776300000000000E-011
 1.224820000000000E+000, 3.516480000000000E+004, 1.000000000000000E+002, 1.002350000000000E+003, 2.101160000000000E-003,-3.415130000000000E-011
 1.224820000000000E+000, 3.516470000000000E+004, 1.000000000000000E+002, 1.002350000000000E+003, 1.589480000000000E-003, 3.704260000000000E-011
 1.224810000000000E+000, 3.516470000000000E+004, 1.000000000000000E+002, 1.002350000000000E+003, 1.202770000000000E-003,-3.530850000000000E-011
 1.224810000000000E+000, 3.516470000000000E+004, 1.000000000000000E+002, 1.002350000000000E+003, 9.099689999999999E-004, 2.922400000000000E-011
 1.224810000000000E+000, 3.516460000000000E+004, 1.000000000000000E+002, 1.002350000000000E+003, 6.883360000000000E-004,-1.995670000000000E-011
 1.224810000000000E+000, 3.516460000000000E+004, 1.000000000000000E+002, 1.002350000000000E+003, 5.207240000000000E-004, 8.926799999999999E-012
 1.224810000000000E+000, 3.516460000000000E+004, 1.000000000000000E+002, 1.002350000000000E+003, 3.943290000000000E-004, 1.857840000000000E-012
 1.224810000000000E+000, 3.516460000000000E+004, 1.000000000000000E+002, 1.002350000000000E+003, 2.990950000000000E-004,-9.757319999999999E-012
 1.224810000000000E+000, 3.516460000000000E+004, 1.000000000000000E+002, 1.002350000000000E+003, 2.272150000000000E-004, 1.254180000000000E-011
 1.224810000000000E+000, 3.516460000000000E+004, 1.000000000000000E+002, 1.002350000000000E+003, 1.731170000000000E-004,-9.848850000000000E-012
 1.224810000000000E+000, 3.516460000000000E+004, 1.000000000000000E+002, 1.002350000000000E+003, 1.322370000000000E-004, 3.689450000000000E-012
 1.224810000000000E+000, 3.516460000000000E+004, 1.000000000000000E+002, 1.002350000000000E+003, 1.014870000000000E-004, 2.374000000000000E-012
 1.224810000000000E+000, 3.516460000000000E+004, 1.000000000000000E+002, 1.002350000000000E+003, 7.818090000000000E-005,-4.691810000000000E-012
 1.224810000000000E+000, 3.516460000000000E+004, 1.000000000000000E+002, 1.002350000000000E+003, 6.063510000000000E-005, 1.756000000000000E-012
 1.224810000000000E+000, 3.516460000000000E+004, 1.000000000000000E+002, 1.002350000000000E+003, 4.728290000000000E-005, 5.149090000000000E-012
 1.224810000000000E+000, 3.516460000000000E+004, 1.000000000000000E+002, 1.002350000000000E+003, 3.719820000000000E-005,-1.324100000000000E-011
 1.224810000000000E+000, 3.516460000000000E+004, 1.000000000000000E+002, 1.002350000000000E+003, 2.949990000000000E-005, 1.989210000000000E-011
 1.224810000000000E+000, 3.516460000000000E+004, 1.000000000000000E+002, 1.002350000000000E+003, 2.361990000000000E-005,-2.336920000000000E-011
 1.224810000000000E+000, 3.516460000000000E+004, 1.000000000000000E+002, 1.002350000000000E+003, 1.908780000000000E-005, 2.299890000000000E-011
 1.224810000000000E+000, 3.516460000000000E+004, 1.000000000000000E+002, 1.002350000000000E+003, 1.556550000000000E-005,-1.953200000000000E-011
 1.224810000000000E+000, 3.516460000000000E+004, 1.000000000000000E+002, 1.002350000000000E+003, 1.278180000000000E-005, 1.467800000000000E-011
 1.224810000000000E+000, 3.516460000000000E+004, 1.000000000000000E+002, 1.002350000000000E+003, 1.060920000000000E-005,-1.015590000000000E-011
 1.224810000000000E+000, 3.516460000000000E+004, 1.000000000000000E+002, 1.002350000000000E+003, 8.826039999999999E-006, 6.967020000000000E-012
 1.224810000000000E+000, 3.516460000000000E+004, 1.000000000000000E+002, 1.002350000000000E+003, 7.418160000000000E-006,-5.177840000000000E-012
 1.224810000000000E+000, 3.516460000000000E+004, 1.000000000000000E+002, 1.002350000000000E+003, 6.263580000000000E-006, 4.388640000000000E-012
 1.224810000000000E+000, 3.516460000000000E+004, 1.000000000000000E+002, 1.002350000000000E+003, 5.302820000000000E-006,-4.116120000000000E-012
 1.224810000000000E+000, 3.516460000000000E+004, 1.000000000000000E+002, 1.002350000000000E+003, 4.538160000000000E-006, 3.692050000000000E-012
 1.224810000000000E+000, 3.516460000000000E+004, 1.000000000000000E+002, 1.002350000000000E+003, 3.877280000000000E-006,-2.540410000000000E-012
 1.224810000000000E+000, 3.516460000000000E+004, 1.000000000000000E+002, 1.002350000000000E+003, 3.339290000000000E-006, 8.059720000000000E-013
 1.224810000000000E+000, 3.516460000000000E+004, 1.000000000000000E+002, 1.002350000000000E+003, 2.896100000000000E-006, 5.212700000000000E-013
 1.224810000000000E+000, 3.516460000000000E+004, 1.000000000000000E+002, 1.002350000000000E+003, 2.490690000000000E-006,-4.722670000000000E-013
 1.224810000000000E+000, 3.516460000000000E+004, 1.000000000000000E+002, 1.002350000000000E+003, 2.202160000000000E-006,-1.032860000000000E-012
 1.224810000000000E+000, 3.516460000000000E+004, 1.000000000000000E+002, 1.002350000000000E+003, 1.882530000000000E-006, 3.024270000000000E-012
 1.224810000000000E+000, 3.516460000000000E+004, 1.000000000000000E+002, 1.002350000000000E+003, 1.698850000000000E-006,-4.128770000000000E-012
 1.224810000000000E+000, 3.516460000000000E+004, 1.000000000000000E+002, 1.002350000000000E+003, 1.446130000000000E-006, 3.480770000000000E-012
 1.224810000000000E+000, 3.516460000000000E+004, 1.000000000000000E+002, 1.002350000000000E+003, 1.308360000000000E-006,-1.838760000000000E-012
 1.224810000000000E+000, 3.516460000000000E+004, 1.000000000000000E+002, 1.002350000000000E+003, 1.167780000000000E-006, 3.600610000000000E-013
 1.224810000000000E+000, 3.516460000000000E+004, 1.000000000000000E+002, 1.002350000000000E+003, 9.499650000000000E-007, 1.682830000000000E-013
 1.224810000000000E+000, 3.516460000000000E+004, 1.000000000000000E+002, 1.002350000000000E+003, 9.832449999999999E-007,-6.291609999999999E-014
 1.224810000000000E+000, 3.516460000000000E+004, 1.000000000000000E+002, 1.002350000000000E+003, 7.433720000000000E-007, 2.473380000000000E-015
 1.224810000000000E+000, 3.516460000000000E+004, 1.000000000000000E+002, 1.002350000000000E+003, 7.788860000000000E-007, 9.917340000000000E-015
 1.224810000000000E+000, 3.516460000000000E+004, 1.000000000000000E+002, 1.002350000000000E+003, 5.960760000000000E-007, 3.103420000000000E-015
 1.224810000000000E+000, 3.516460000000000E+004, 1.000000000000000E+002, 1.002350000000000E+003, 6.264780000000000E-007, 2.875170000000000E-015
 1.224810000000000E+000, 3.516460000000000E+004, 1.000000000000000E+002, 1.002350000000000E+003, 4.804410000000000E-007, 2.685490000000000E-015
 1.224810000000000E+000, 3.516460000000000E+004, 1.000000000000000E+002, 1.002350000000000E+003, 5.054190000000000E-007,-1.945480000000000E-016
 1.224810000000000E+000, 3.516460000000000E+004, 1.000000000000000E+002, 1.002350000000000E+003, 3.908100000000000E-007, 4.149120000000000E-015
 1.224810000000000E+000, 3.516460000000000E+004, 1.000000000000000E+002, 1.002350000000000E+003, 4.122380000000000E-007, 3.921480000000000E-015
 1.224810000000000E+000, 3.516460000000000E+004, 1.000000000000000E+002, 1.002350000000000E+003, 3.202010000000000E-007,-1.204500000000000E-016
 1.224810000000000E+000, 3.516460000000000E+004, 1.000000000000000E+002, 1.002350000000000E+003, 3.331750000000000E-007,-1.016680000000000E-015
 1.224810000000000E+000, 3.516460000000000E+004, 1.000000000000000E+002, 1.002350000000000E+003, 2.715910000000000E-007,-1.727490000000000E-016
 1.224810000000000E+000, 3.516460000000000E+004, 1.000000000000000E+002, 1.002350000000000E+003, 2.597000000000000E-007,-4.663750000000000E-018
 1.224810000000000E+000, 3.516460000000000E+004, 1.000000000000000E+002, 1.002350000000000E+003, 2.280890000000000E-007,-1.204250000000000E-016
 1.224810000000000E+000, 3.516460000000000E+004, 1.000000000000000E+002, 1.002350000000000E+003, 2.040220000000000E-007, 1.749630000000000E-015
 1.224810000000000E+000, 3.516460000000000E+004, 1.000000000000000E+002, 1.002350000000000E+003, 3.871160000000000E-007, 1.534210000000000E-015
 1.224800000000000E+000, 3.516470000000000E+004, 1.000010000000000E+002, 1.002350000000000E+003,-5.526770000000000E-006, 3.001220000000000E-015
 1.661480000000000E+000, 1.546250000000000E+005, 3.241520000000000E+002, 8.331820000000000E+002, 2.396280000000000E+002,-1.062020000000000E-010
 1.050020000000000E+000, 8.743270000000000E+004, 2.900270000000000E+002, 8.972750000000000E+002, 2.134250000000000E+002,-3.915980000000000E-010
 9.564150000000000E-001, 7.375889999999999E+004, 2.686160000000000E+002, 9.633450000000000E+002, 1.555990000000000E+002,-1.940840000000000E-009
 9.844600000000000E-001, 7.044760000000001E+004, 2.492480000000000E+002, 9.842150000000000E+002, 1.264950000000000E+002,-2.101580000000000E-009
 1.024340000000000E+000, 6.636210000000001E+004, 2.256520000000000E+002, 1.000160000000000E+003, 1.095610000000000E+002,-2.012570000000000E-009
 1.098950000000000E+000, 6.324950000000000E+004, 2.004680000000000E+002, 1.013860000000000E+003, 1.028520000000000E+002,-1.678110000000000E-009
 1.268720000000000E+000, 6.414660000000000E+004, 1.761050000000000E+002, 1.019040000000000E+003, 1.149170000000000E+002,-1.147310000000000E-009
 1.553380000000000E+000, 6.879620000000000E+004, 1.542590000000000E+002, 1.019640000000000E+003, 1.293360000000000E+002,-5.661990000000000E-010
 1.823810000000000E+000, 7.182610000000001E+004, 1.371730000000000E+002, 1.015790000000000E+003, 1.277400000000000E+002,-2.071650000000000E-010
 2.000880000000000E+000, 7.390030000000000E+004, 1.286440000000000E+002, 1.002520000000000E+003, 1.219740000000000E+002,-4.912800000000000E-011
 2.040800000000000E+000, 7.372800000000000E+004, 1.258330000000000E+002, 9.923560000000000E+002, 1.195660000000000E+002,-1.006900000000000E-011
 2.039890000000000E+000, 7.325820000000000E+004, 1.250870000000000E+002, 9.909080000000000E+002, 1.192470000000000E+002,-6.303040000000000E-012
 2.022670000000000E+000, 7.231600000000000E+004, 1.245300000000000E+002, 9.886710000000000E+002, 1.190170000000000E+002,-2.100250000000000E-012
 2.014910000000000E+000, 7.192950000000000E+004, 1.243410000000000E+002, 9.878190000000000E+002, 1.172710000000000E+002,-8.479120000000000E-013
 2.016070000000000E+000, 7.195870000000000E+004, 1.243200000000000E+002, 9.880970000000000E+002, 1.158160000000000E+002, 1.296140000000000E-013
 2.019840000000000E+000, 7.209500000000000E+004, 1.243230000000000E+002, 9.886319999999999E+002, 1.140590000000000E+002,-1.605040000000000E-012
 2.024870000000000E+000, 7.228120000000000E+004, 1.243350000000000E+002, 9.892870000000000E+002, 1.120520000000000E+002, 9.296340000000000E-013
 2.027930000000000E+000, 7.236880000000000E+004, 1.242970000000000E+002, 9.899130000000000E+002, 1.096350000000000E+002,-1.818430000000000E-012
 2.027820000000000E+000, 7.228370000000000E+004, 1.241580000000000E+002, 9.905020000000000E+002, 1.070940000000000E+002, 1.629990000000000E-012
 2.013080000000000E+000, 7.142060000000001E+004, 1.235740000000000E+002, 9.909040000000000E+002, 1.046640000000000E+002,-2.371550000000000E-012
 1.970970000000000E+000, 6.922980000000000E+004, 1.223420000000000E+002, 9.908650000000000E+002, 1.015190000000000E+002, 2.482650000000000E-012
 1.920610000000000E+000, 6.670520000000000E+004, 1.209720000000000E+002, 9.910570000000000E+002, 9.688420000000001E+001,-1.675100000000000E-012
 1.865440000000000E+000, 6.401620000000000E+004, 1.195290000000000E+002, 9.915359999999999E+002, 9.110730000000000E+001, 1.684830000000000E-013
 1.804660000000000E+000, 6.113210000000000E+004, 1.179880000000000E+002, 9.921820000000000E+002, 8.423909999999999E+001, 1.296880000000000E-012
 1.738900000000000E+000, 5.807830000000000E+004, 1.163330000000000E+002, 9.929160000000001E+002, 7.634080000000000E+001,-2.108970000000000E-012
 1.669650000000000E+000, 5.491130000000000E+004, 1.145510000000000E+002, 9.936810000000000E+002, 6.751730000000001E+001, 2.055240000000000E-012
 1.599310000000000E+000, 5.172380000000000E+004, 1.126480000000000E+002, 9.945309999999999E+002, 5.798930000000000E+001,-1.838750000000000E-012
 1.530930000000000E+000, 4.864350000000000E+004, 1.106710000000000E+002, 9.956750000000000E+002, 4.816110000000000E+001, 2.089870000000000E-012
 1.468670000000000E+000, 4.585420000000000E+004, 1.087470000000000E+002, 9.971580000000000E+002, 3.894220000000000E+001,-2.449930000000000E-012
 1.415490000000000E+000, 4.348600000000000E+004, 1.070050000000000E+002, 9.983470000000000E+002, 3.088490000000000E+001, 1.578510000000000E-012
 1.370850000000000E+000, 4.151070000000000E+004, 1.054710000000000E+002, 9.992880000000000E+002, 2.397120000000000E+001, 2.044710000000000E-012
 1.334150000000000E+000, 3.989640000000000E+004, 1.041580000000000E+002, 1.000040000000000E+003, 1.816650000000000E+001,-8.446770000000000E-012
 1.304810000000000E+000, 3.861340000000000E+004, 1.030750000000000E+002, 1.000630000000000E+003, 1.344140000000000E+001, 1.553380000000000E-011
 1.282090000000000E+000, 3.762590000000000E+004, 1.022190000000000E+002, 1.001090000000000E+003, 9.728000000000000E+000,-2.083930000000000E-011
 1.265040000000000E+000, 3.688980000000000E+004, 1.015700000000000E+002, 1.001440000000000E+003, 6.910200000000000E+000, 2.414740000000000E-011
 1.252630000000000E+000, 3.635680000000000E+004, 1.010940000000000E+002, 1.001700000000000E+003, 4.837720000000000E+000,-2.658540000000000E-011
 1.243820000000000E+000, 3.598000000000000E+004, 1.007550000000000E+002, 1.001890000000000E+003, 3.351910000000000E+000, 2.570370000000000E-011
 1.237690000000000E+000, 3.571870000000000E+004, 1.005190000000000E+002, 1.002030000000000E+003, 2.307500000000000E+000,-1.388440000000000E-011
 1.233520000000000E+000, 3.554080000000000E+004, 1.003570000000000E+002, 1.002140000000000E+003, 1.587380000000000E+000,-1.679510000000000E-011
 1.230710000000000E+000, 3.542110000000000E+004, 1.002470000000000E+002, 1.002210000000000E+003, 1.096080000000000E+000, 6.694170000000000E-011
 1.228820000000000E+000, 3.534050000000000E+004, 1.001720000000000E+002, 1.002260000000000E+003, 7.598910000000000E-001,-1.270310000000000E-010
 1.227550000000000E+000, 3.528590000000000E+004, 1.001210000000000E+002, 1.002290000000000E+003, 5.286890000000000E-001, 1.814600000000000E-010
 1.226690000000000E+000, 3.524860000000000E+004, 1.000850000000000E+002, 1.002310000000000E+003, 3.701490000000000E-001,-2.171290000000000E-010
 1.226110000000000E+000, 3.522290000000000E+004, 1.000600000000000E+002, 1.002320000000000E+003, 2.617180000000000E-001, 2.273630000000000E-010
 1.225710000000000E+000, 3.520530000000000E+004, 1.000430000000000E+002, 1.002330000000000E+003, 1.867100000000000E-001,-2.094170000000000E-010
 1.225440000000000E+000, 3.519310000000000E+004, 1.000300000000000E+002, 1.002340000000000E+003, 1.344410000000000E-001, 1.616500000000000E-010
 1.225250000000000E+000, 3.518470000000000E+004, 1.000220000000000E+002, 1.002340000000000E+003, 9.773960000000000E-002,-8.674860000000000E-011
 1.225120000000000E+000, 3.517890000000000E+004, 1.000150000000000E+002, 1.002340000000000E+003, 7.178300000000000E-002,-4.161020000000000E-012
 1.225030000000000E+000, 3.517480000000000E+004, 1.000110000000000E+002, 1.002350000000000E+003, 5.330330000000000E-002, 9.369500000000001E-011
 1.224970000000000E+000, 3.517190000000000E+004, 1.000080000000000E+002, 1.002350000000000E+003, 4.004710000000000E-002,-1.637970000000000E-010
 1.224920000000000E+000, 3.516990000000000E+004, 1.000060000000000E+002, 1.002350000000000E+003, 3.047250000000000E-002, 1.994760000000000E-010
 1.224890000000000E+000, 3.516850000000000E+004, 1.000040000000000E+002, 1.002350000000000E+003, 2.347730000000000E-002,-1.923890000000000E-010
 1.224870000000000E+000, 3.516740000000000E+004, 1.000030000000000E+002, 1.002350000000000E+003, 1.830310000000000E-002, 1.468210000000000E-010
 1.224860000000000E+000, 3.516670000000000E+004, 1.000020000000000E+002, 1.002350000000000E+003, 1.442790000000000E-002,-8.070470000000000E-011
 1.224850000000000E+000, 3.516620000000000E+004, 1.000020000000000E+002, 1.002350000000000E+003, 1.148790000000000E-002, 1.674980000000000E-011
 1.224840000000000E+000, 3.516580000000000E+004, 1.000010000000000E+002, 1.002350000000000E+003, 9.228820000000000E-003, 3.053310000000000E-011
 1.224830000000000E+000, 3.516550000000000E+004, 1.000010000000000E+002, 1.002350000000000E+003, 7.472220000000000E-003,-6.000900000000000E-011
 1.224830000000000E+000, 3.516530000000000E+004, 1.000010000000000E+002, 1.002350000000000E+003, 6.090850000000000E-003, 7.963860000000000E-011
 1.224820000000000E+000, 3.516520000000000E+004, 1.000010000000000E+002, 1.002350000000000E+003, 4.993570000000000E-003,-9.720760000000000E-011
 1.224820000000000E+000, 3.516500000000000E+004, 1.000000000000000E+002, 1.002350000000000E+003, 4.114940000000000E-003, 1.147930000000000E-010
 1.224820000000000E+000, 3.516500000000000E+004, 1.000000000000000E+002, 1.002350000000000E+003, 3.406700000000000E-003,-1.286300000000000E-010
 1.224820000000000E+000, 3.516490000000000E+004, 1.000000000000000E+002, 1.002350000000000E+003, 2.832510000000000E-003, 1.315520000000000E-010
 1.224820000000000E+000, 3.516480000000000E+004, 1.000000000000000E+002, 1.002350000000000E+003, 2.365140000000000E-003,-1.161500000000000E-010
 1.224820000000000E+000, 3.516480000000000E+004, 1.000000000000000E+002, 1.002350000000000E+003, 1.983480000000000E-003, 7.713850000000000E-011
 1.224820000000000E+000, 3.516480000000000E+004, 1.000000000000000E+002, 1.002350000000000E+003, 1.670910000000000E-003,-1.373230000000000E-011
 1.224820000000000E+000, 3.516470000000000E+004, 1.000000000000000E+002, 1.002350000000000E+003, 1.413970000000000E-003,-6.921300000000000E-011
 1.224820000000000E+000, 3.516470000000000E+004, 1.000000000000000E+002, 1.002350000000000E+003, 1.201670000000000E-003, 1.607250000000000E-010
 1.224810000000000E+000, 3.516470000000000E+004, 1.000000000000000E+002, 1.002350000000000E+003, 1.025870000000000E-003,-2.447920000000000E-010
 1.224810000000000E+000, 3.516470000000000E+004, 1.000000000000000E+002, 1.002350000000000E+003, 8.784310000000000E-004, 3.037810000000000E-010
 1.224810000000000E+000, 3.516470000000000E+004, 1.000000000000000E+002, 1.002350000000000E+003, 7.557920000000000E-004,-3.238900000000000E-010
 1.224810000000000E+000, 3.516470000000000E+004, 1.000000000000000E+002, 1.002350000000000E+003, 6.513120000000000E-004, 2.986560000000000E-010
 1.224810000000000E+000, 3.516460000000000E+004, 1.000000000000000E+002, 1.002350000000000E+003, 5.642600000000000E-004,-2.339070000000000E-010
 1.224810000000000E+000, 3.516460000000000E+004, 1.000000000000000E+002, 1.002350000000000E+003, 4.890790000000000E-004, 1.504030000000000E-010
 1.224810000000000E+000, 3.516460000000000E+004, 1.000000000000000E+002, 1.002350000000000E+003, 4.264360000000000E-004,-8.097910000000000E-011
 1.224810000000000E+000, 3.516460000000000E+004, 1.000000000000000E+002, 1.002350000000000E+003, 3.714020000000000E-004, 5.572690000000000E-011
 1.224810000000000E+000, 3.516460000000000E+004, 1.000000000000000E+002, 1.002350000000000E+003, 3.261090000000000E-004,-8.268960000000000E-011
 1.224810000000000E+000, 3.516460000000000E+004, 1.000000000000000E+002, 1.002350000000000E+003, 2.848060000000000E-004, 1.391580000000000E-010
 1.224810000000000E+000, 3.516460000000000E+004, 1.000000000000000E+002, 1.002350000000000E+003, 2.522210000000000E-004,-1.882730000000000E-010
 1.224810000000000E+000, 3.516460000000000E+004, 1.000000000000000E+002, 1.002350000000000E+003, 2.206910000000000E-004, 1.920350000000000E-010
 1.224810000000000E+000, 3.516460000000000E+004, 1.000000000000000E+002, 1.002350000000000E+003, 1.953930000000000E-004,-1.515080000000000E-010
 1.224810000000000E+000, 3.516460000000000E+004, 1.000000000000000E+002, 1.002350000000000E+003, 1.766450000000000E-004, 7.609340000000000E-011
 1.224810000000000E+000, 3.516460000000000E+004, 1.000000000000000E+002, 1.002350000000000E+003, 1.457830000000000E-004,-5.500890000000000E-012
 1.224810000000000E+000, 3.516460000000000E+004, 1.000000000000000E+002, 1.002350000000000E+003, 1.452900000000000E-004,-8.703860000000000E-012
 1.224810000000000E+000, 3.516460000000000E+004, 1.000000000000000E+002, 1.002350000000000E+003, 1.153950000000000E-004, 5.990690000000000E-014
 1.224810000000000E+000, 3.516460000000000E+004, 1.000000000000000E+002, 1.002350000000000E+003, 1.158610000000000E-004, 1.522590000000000E-013
 1.224810000000000E+000, 3.516460000000000E+004, 1.000000000000000E+002, 1.002350000000000E+003, 9.203850000000000E-005, 6.488530000000000E-015
 1.224810000000000E+000, 3.516460000000000E+004, 1.000000000000000E+002, 1.002350000000000E+003, 9.337320000000000E-005, 1.739610000000000E-013
 1.224810000000000E+000, 3.516460000000000E+004, 1.000000000000000E+002, 1.002350000000000E+003, 7.394080000000000E-005, 1.285800000000000E-013
 1.224810000000000E+000, 3.516460000000000E+004, 1.000000000000000E+002, 1.002350000000000E+003, 7.529540000000000E-005, 1.510400000000000E-013
 1.224810000000000E+000, 3.516460000000000E+004, 1.000000000000000E+002, 1.002350000000000E+003, 5.997570000000000E-005, 6.218660000000000E-014
 1.224810000000000E+000, 3.516460000000000E+004, 1.000000000000000E+002, 1.002350000000000E+003, 6.150890000000000E-005, 6.715170000000001E-014
 1.224810000000000E+000, 3.516460000000000E+004, 1.000000000000000E+002, 1.002350000000000E+003, 4.899060000000000E-005, 2.220140000000000E-014
 1.224810000000000E+000, 3.516460000000000E+004, 1.000000000000000E+002, 1.002350000000000E+003, 5.014090000000000E-005, 2.435170000000000E-014
 1.224810000000000E+000, 3.516460000000000E+004, 1.000000000000000E+002, 1.002350000000000E+003, 4.102050000000000E-005, 1.470140000000000E-014
 1.224810000000000E+000, 3.516460000000000E+004, 1.000000000000000E+002, 1.002350000000000E+003, 3.913690000000000E-005,-9.041090000000000E-015
 1.224810000000000E+000, 3.516460000000000E+004, 1.000000000000000E+002, 1.002350000000000E+003, 3.580570000000000E-005,-7.645480000000001E-015
 1.224810000000000E+000, 3.516460000000000E+004, 1.000000000000000E+002, 1.002350000000000E+003, 3.162080000000000E-005,-1.812200000000000E-015
 1.224810000000000E+000, 3.516460000000000E+004, 1.000000000000000E+002, 1.002350000000000E+003, 2.937080000000000E-005,-1.040000000000000E-015
 1.224810000000000E+000, 3.516470000000000E+004, 1.000010000000000E+002, 1.002350000000000E+003, 2.339590000000000E-005,-1.771220000000000E-015
 1.380760000000000E+000, 1.325510000000000E+005, 3.343710000000000E+002, 8.490180000000000E+002, 2.283360000000000E+002,-2.363400000000000E-010
 9.054010000000000E-001, 7.764910000000001E+004, 2.987160000000000E+002, 9.139740000000000E+002, 1.919490000000000E+002,-4.977500000000000E-010
 8.723550000000000E-001, 6.860400000000000E+004, 2.739180000000000E+002, 9.551760000000000E+002, 1.594290000000000E+002,-5.776570000000000E-010
 9.166830000000000E-001, 6.698200000000000E+004, 2.545090000000000E+002, 9.827780000000000E+002, 1.345450000000000E+002,-8.448120000000000E-010
 9.932000000000000E-001, 6.660760000000001E+004, 2.335880000000000E+002, 1.001160000000000E+003, 1.258260000000000E+002,-1.188650000000000E-009
 1.051180000000000E+000, 6.268130000000000E+004, 2.076960000000000E+002, 1.012340000000000E+003, 1.227360000000000E+002,-1.132740000000000E-009
 1.158090000000000E+000, 6.016380000000000E+004, 1.809500000000000E+002, 1.022850000000000E+003, 1.223920000000000E+002,-7.884630000000000E-010
 1.436400000000000E+000, 6.562130000000000E+004, 1.591230000000000E+002, 1.026090000000000E+003, 1.348340000000000E+002,-4.234970000000000E-010
 1.806830000000000E+000, 7.398360000000001E+004, 1.426200000000000E+002, 1.020930000000000E+003, 1.356570000000000E+002,-1.837530000000000E-010
 2.000460000000000E+000, 7.605700000000000E+004, 1.324260000000000E+002, 1.001330000000000E+003, 1.256870000000000E+002,-2.945840000000000E-011
 2.020740000000000E+000, 7.458289999999999E+004, 1.285560000000000E+002, 9.927850000000000E+002, 1.226080000000000E+002,-1.162630000000000E-011
 2.012570000000000E+000, 7.361520000000000E+004, 1.274030000000000E+002, 9.907520000000000E+002, 1.215190000000000E+002,-4.294160000000000E-012
 1.994150000000000E+000, 7.272320000000000E+004, 1.270220000000000E+002, 9.897760000000000E+002, 1.201120000000000E+002, 7.123050000000000E-013
 1.988790000000000E+000, 7.256710000000001E+004, 1.270910000000000E+002, 9.899490000000000E+002, 1.187190000000000E+002, 4.906010000000000E-013
 1.990910000000000E+000, 7.274210000000001E+004, 1.272620000000000E+002, 9.906530000000000E+002, 1.180610000000000E+002,-4.926830000000000E-013
 2.002050000000000E+000, 7.327400000000000E+004, 1.274790000000000E+002, 9.918990000000000E+002, 1.181590000000000E+002,-3.195520000000000E-012
 2.012330000000000E+000, 7.367160000000001E+004, 1.275160000000000E+002, 9.922710000000000E+002, 1.189960000000000E+002,-1.702330000000000E-012
 2.017040000000000E+000, 7.372720000000000E+004, 1.273150000000000E+002, 9.920100000000000E+002, 1.205810000000000E+002,-2.981010000000000E-012
 2.016730000000000E+000, 7.345730000000000E+004, 1.268680000000000E+002, 9.915690000000000E+002, 1.229180000000000E+002,-4.568710000000000E-013
 2.022350000000000E+000, 7.351150000000000E+004, 1.266090000000000E+002, 9.910460000000000E+002, 1.246050000000000E+002,-1.763340000000000E-012
 2.039040000000000E+000, 7.412870000000000E+004, 1.266260000000000E+002, 9.904080000000000E+002, 1.241670000000000E+002, 4.148860000000000E-013
 2.049370000000000E+000, 7.447080000000000E+004, 1.265700000000000E+002, 9.899540000000000E+002, 1.228890000000000E+002,-2.327180000000000E-013
 2.055530000000000E+000, 7.460580000000000E+004, 1.264190000000000E+002, 9.897130000000000E+002, 1.211810000000000E+002,-5.769990000000000E-013
 2.060410000000000E+000, 7.467380000000000E+004, 1.262340000000000E+002, 9.897900000000000E+002, 1.191820000000000E+002, 8.510580000000000E-013
 2.064500000000000E+000, 7.470900000000000E+004, 1.260440000000000E+002, 9.901900000000001E+002, 1.169140000000000E+002,-9.233349999999999E-013
 2.065810000000000E+000, 7.461210000000001E+004, 1.258010000000000E+002, 9.908750000000000E+002, 1.142980000000000E+002, 8.133550000000000E-013
 2.061560000000000E+000, 7.422010000000001E+004, 1.253980000000000E+002, 9.917290000000000E+002, 1.108870000000000E+002,-1.236340000000000E-012
 2.044780000000000E+000, 7.319230000000000E+004, 1.246760000000000E+002, 9.923640000000000E+002, 1.072010000000000E+002, 2.505720000000000E-012
 2.006920000000000E+000, 7.115339999999999E+004, 1.234900000000000E+002, 9.922390000000000E+002, 1.041860000000000E+002,-3.753020000000000E-012
 1.963660000000000E+000, 6.890100000000000E+004, 1.222140000000000E+002, 9.921609999999999E+002, 1.005430000000000E+002, 3.731600000000000E-012
 1.918410000000000E+000, 6.660780000000000E+004, 1.209340000000000E+002, 9.923099999999999E+002, 9.625390000000000E+001,-1.792150000000000E-012
 1.870860000000000E+000, 6.426120000000000E+004, 1.196380000000000E+002, 9.926050000000000E+002, 9.135860000000000E+001,-1.761850000000000E-012
 1.821230000000000E+000, 6.186820000000000E+004, 1.183220000000000E+002, 9.929900000000000E+002, 8.591430000000000E+001, 5.438600000000000E-012
 1.769940000000000E+000, 5.944320000000000E+004, 1.169790000000000E+002, 9.934290000000000E+002, 7.997610000000000E+001,-7.672500000000000E-012
 1.717730000000000E+000, 5.701290000000000E+004, 1.156070000000000E+002, 9.939340000000000E+002, 7.363630000000001E+001, 8.311290000000000E-012
 1.665450000000000E+000, 5.461030000000000E+004, 1.142110000000000E+002, 9.944950000000000E+002, 6.699710000000000E+001,-7.980500000000001E-012
 1.614280000000000E+000, 5.228420000000000E+004, 1.128120000000000E+002, 9.951100000000000E+002, 6.019210000000000E+001, 5.151080000000000E-012
 1.565260000000000E+000, 5.007600000000000E+004, 1.114310000000000E+002, 9.957600000000000E+002, 5.334910000000000E+001, 4.494330000000000E-012
 1.518630000000000E+000, 4.798840000000000E+004, 1.100650000000000E+002, 9.964580000000000E+002, 4.654010000000000E+001,-2.497020000000000E-011
 1.474980000000000E+000, 4.604530000000000E+004, 1.087340000000000E+002, 9.974750000000000E+002, 4.001260000000000E+001, 5.554700000000000E-011
 1.435960000000000E+000, 4.431630000000000E+004, 1.074940000000000E+002, 9.984050000000000E+002, 3.407070000000000E+001,-8.914240000000000E-011
 1.401670000000000E+000, 4.280440000000000E+004, 1.063670000000000E+002, 9.991690000000000E+002, 2.877570000000000E+001, 1.155130000000000E-010
 1.371840000000000E+000, 4.149490000000000E+004, 1.053550000000000E+002, 9.998099999999999E+002, 2.410850000000000E+001,-1.274480000000000E-010
 1.346160000000000E+000, 4.037420000000000E+004, 1.044650000000000E+002, 1.000350000000000E+003, 2.004710000000000E+001, 1.233530000000000E-010
 1.324340000000000E+000, 3.942640000000000E+004, 1.036930000000000E+002, 1.000800000000000E+003, 1.656060000000000E+001,-1.047620000000000E-010
 1.305960000000000E+000, 3.863170000000000E+004, 1.030330000000000E+002, 1.001160000000000E+003, 1.359800000000000E+001, 7.190870000000000E-011
 1.290570000000000E+000, 3.796920000000000E+004, 1.024740000000000E+002, 1.001470000000000E+003, 1.109740000000000E+001,-2.445700000000000E-011
 1.277750000000000E+000, 3.741960000000000E+004, 1.020040000000000E+002, 1.001710000000000E+003, 8.999160000000000E+000,-3.367980000000000E-011
 1.267160000000000E+000, 3.696670000000000E+004, 1.016120000000000E+002, 1.001900000000000E+003, 7.251390000000000E+000, 9.171950000000000E-011
 1.258470000000000E+000, 3.659610000000000E+004, 1.012880000000000E+002, 1.002040000000000E+003, 5.807390000000000E+000,-1.344170000000000E-010
 1.251410000000000E+000, 3.629600000000000E+004, 1.010240000000000E+002, 1.002150000000000E+003, 4.626930000000000E+000, 1.464480000000000E-010
 1.245730000000000E+000, 3.605500000000000E+004, 1.008100000000000E+002, 1.002230000000000E+003, 3.670180000000000E+000,-1.195480000000000E-010
 1.241200000000000E+000, 3.586290000000000E+004, 1.006390000000000E+002, 1.002280000000000E+003, 2.900660000000000E+000, 6.201780000000001E-011
 1.237610000000000E+000, 3.571080000000000E+004, 1.005030000000000E+002, 1.002320000000000E+003, 2.285900000000000E+000,-2.173520000000000E-012
 1.234780000000000E+000, 3.559100000000000E+004, 1.003960000000000E+002, 1.002330000000000E+003, 1.797490000000000E+000,-2.378780000000000E-011
 1.232560000000000E+000, 3.549700000000000E+004, 1.003110000000000E+002, 1.002340000000000E+003, 1.411240000000000E+000,-4.631130000000000E-012
 1.230830000000000E+000, 3.542360000000000E+004, 1.002440000000000E+002, 1.002350000000000E+003, 1.106690000000000E+000, 7.838640000000000E-011
 1.229490000000000E+000, 3.536640000000000E+004, 1.001910000000000E+002, 1.002350000000000E+003, 8.670200000000000E-001,-1.688320000000000E-010
 1.228440000000000E+000, 3.532190000000000E+004, 1.001500000000000E+002, 1.002340000000000E+003, 6.787380000000000E-001, 2.543080000000000E-010
 1.227640000000000E+000, 3.528730000000000E+004, 1.001180000000000E+002, 1.002340000000000E+003, 5.312880000000000E-001,-3.370560000000000E-010
 1.227010000000000E+000, 3.526060000000000E+004, 1.000930000000000E+002, 1.002340000000000E+003, 4.169380000000000E-001, 4.359590000000000E-010
 1.226540000000000E+000, 3.523990000000000E+004, 1.000730000000000E+002, 1.002340000000000E+003, 3.290620000000000E-001,-5.616720000000000E-010
 1.226170000000000E+000, 3.522410000000000E+004, 1.000580000000000E+002, 1.002340000000000E+003, 2.616200000000000E-001, 6.965440000000000E-010
 1.225890000000000E+000, 3.521190000000000E+004, 1.000460000000000E+002, 1.002340000000000E+003, 2.099360000000000E-001,-7.997170000000000E-010
 1.225680000000000E+000, 3.520270000000000E+004, 1.000380000000000E+002, 1.002340000000000E+003, 1.701530000000000E-001, 8.356540000000000E-010
 1.225510000000000E+000, 3.519550000000000E+004, 1.000310000000000E+002, 1.002340000000000E+003, 1.393070000000000E-001,-8.000790000000000E-010
 1.225390000000000E+000, 3.518990000000000E+004, 1.000250000000000E+002, 1.002340000000000E+003, 1.151270000000000E-001, 7.171690000000000E-010
 1.225290000000000E+000, 3.518550000000000E+004, 1.000210000000000E+002, 1.002340000000000E+003, 9.594279999999999E-002,-6.139120000000000E-010
 1.225200000000000E+000, 3.518200000000000E+004, 1.000170000000000E+002, 1.002340000000000E+003, 8.053580000000000E-002, 5.024540000000000E-010
 1.225140000000000E+000, 3.517910000000000E+004, 1.000150000000000E+002, 1.002340000000000E+003, 6.806530000000000E-002,-3.885070000000000E-010
 1.225090000000000E+000, 3.517680000000000E+004, 1.000120000000000E+002, 1.002350000000000E+003, 5.788440000000000E-002, 2.853720000000000E-010
 1.225040000000000E+000, 3.517490000000000E+004, 1.000100000000000E+002, 1.002350000000000E+003, 4.951840000000000E-002,-2.076580000000000E-010
 1.225010000000000E+000, 3.517340000000000E+004, 1.000090000000000E+002, 1.002350000000000E+003, 4.259500000000000E-002, 1.558310000000000E-010
 1.224980000000000E+000, 3.517210000000000E+004, 1.000080000000000E+002, 1.002350000000000E+003, 3.683740000000000E-002,-1.182470000000000E-010
 1.224960000000000E+000, 3.517100000000000E+004, 1.000070000000000E+002, 1.002350000000000E+003, 3.199990000000000E-002, 9.118350000000001E-011
 1.224940000000000E+000, 3.517010000000000E+004, 1.000060000000000E+002, 1.002350000000000E+003, 2.796560000000000E-002,-9.041080000000000E-011
 1.224920000000000E+000, 3.516940000000000E+004, 1.000050000000000E+002, 1.002350000000000E+003, 2.447150000000000E-002, 1.397750000000000E-010
 1.224910000000000E+000, 3.516870000000000E+004, 1.000040000000000E+002, 1.002350000000000E+003, 2.163220000000000E-002,-2.554230000000000E-010
 1.224890000000000E+000, 3.516830000000000E+004, 1.000040000000000E+002, 1.002350000000000E+003, 1.903400000000000E-002, 4.071270000000000E-010
 1.224880000000000E+000, 3.516770000000000E+004, 1.000030000000000E+002, 1.002350000000000E+003, 1.688490000000000E-002,-5.426140000000000E-010
 1.224880000000000E+000, 3.516750000000000E+004, 1.000030000000000E+002, 1.002350000000000E+003, 1.534550000000000E-002, 4.488730000000000E-010
 1.224860000000000E+000, 3.516690000000000E+004, 1.000020000000000E+002, 1.002350000000000E+003, 1.278800000000000E-002,-1.026100000000000E-010
 1.224860000000000E+000, 3.516690000000000E+004, 1.000020000000000E+002, 1.002350000000000E+003, 1.280940000000000E-002,-2.736470000000000E-011
 1.224850000000000E+000, 3.516640000000000E+004, 1.000020000000000E+002, 1.002350000000000E+003, 1.023520000000000E-002,-2.070530000000000E-012
 1.224850000000000E+000, 3.516640000000000E+004, 1.000020000000000E+002, 1.002350000000000E+003, 1.037790000000000E-002,-5.631950000000000E-012
 1.224840000000000E+000, 3.516600000000000E+004, 1.000010000000000E+002, 1.002350000000000E+003, 8.316030000000000E-003,-2.577040000000000E-012
 1.224850000000000E+000, 3.516610000000000E+004, 1.000020000000000E+002, 1.002350000000000E+003, 8.506379999999999E-003,-3.188410000000000E-012
 1.224840000000000E+000, 3.516570000000000E+004, 1.000010000000000E+002, 1.002350000000000E+003, 6.827630000000000E-003,-8.403690000000000E-013
 1.224840000000000E+000, 3.516580000000000E+004, 1.000010000000000E+002, 1.002350000000000E+003, 7.013420000000000E-003,-1.070460000000000E-012
 1.224830000000000E+000, 3.516550000000000E+004, 1.000010000000000E+002, 1.002350000000000E+003, 5.670100000000000E-003,-3.298700000000000E-013
 1.224830000000000E+000, 3.516560000000000E+004, 1.000010000000000E+002, 1.002350000000000E+003, 5.852910000000000E-003,-3.895050000000000E-013
 1.224830000000000E+000, 3.516540000000000E+004, 1.000010000000000E+002, 1.002350000000000E+003, 4.734570000000000E-003,-9.086840000000001E-014
 1.224830000000000E+000, 3.516540000000000E+004, 1.000010000000000E+002, 1.002350000000000E+003, 4.785820000000000E-003,-1.395910000000000E-013
 1.224830000000000E+000, 3.516530000000000E+004, 1.000010000000000E+002, 1.002350000000000E+003, 4.332030000000000E-003,-2.919180000000000E-014
 1.224830000000000E+000, 3.516520000000000E+004, 1.000010000000000E+002, 1.002350000000000E+003, 3.767140000000000E-003,-1.478530000000000E-014
 1.224830000000000E+000, 3.516510000000000E+004, 1.000010000000000E+002, 1.002350000000000E+003, 3.658680000000000E-003,-2.192250000000000E-014
 1.224820000000000E+000, 3.516510000000000E+004, 1.000010000000000E+002, 1.002350000000000E+003, 3.242700000000000E-003,-1.164460000000000E-014
 1.224830000000000E+000, 3.516510000000000E+004, 1.000000000000000E+002, 1.002350000000000E+003, 3.043890000000000E-003,-7.097120000000000E-015
 1.224820000000000E+000, 3.516510000000000E+004, 1.000010000000000E+002, 1.002350000000000E+003, 2.924610000000000E-003,-5.069220000000000E-015
 1.167680000000000E+000, 1.154760000000000E+005, 3.444520000000000E+002, 8.604220000000000E+002, 1.747320000000000E+002,-1.137980000000000E-010
 8.360560000000000E-001, 7.429339999999999E+004, 3.095130000000000E+002, 9.023610000000000E+002, 1.479320000000000E+002,-2.695340000000000E-010
 8.175140000000000E-001, 6.555489999999999E+004, 2.793020000000000E+002, 9.270400000000000E+002, 1.280480000000000E+002,-2.389100000000000E-010
 8.539770000000000E-001, 6.254290000000000E+004, 2.550910000000000E+002, 9.529000000000000E+002, 1.136880000000000E+002,-3.310390000000000E-010
 9.384230000000000E-001, 6.353190000000000E+004, 2.358070000000000E+002, 9.741350000000000E+002, 1.226600000000000E+002,-3.575320000000000E-010
 1.029080000000000E+000, 6.346830000000000E+004, 2.148180000000000E+002, 9.866200000000000E+002, 1.314450000000000E+002,-3.851950000000000E-010
 1.121340000000000E+000, 6.105710000000000E+004, 1.896540000000000E+002, 1.011020000000000E+003, 1.255620000000000E+002,-4.084570000000000E-010
 1.295480000000000E+000, 6.130770000000000E+004, 1.648340000000000E+002, 1.035080000000000E+003, 1.229590000000000E+002,-2.843740000000000E-010
 1.633910000000000E+000, 7.007370000000000E+004, 1.493790000000000E+002, 1.038920000000000E+003, 1.277950000000000E+002,-1.217890000000000E-010
 1.913720000000000E+000, 7.816610000000001E+004, 1.422670000000000E+002, 1.021280000000000E+003, 1.385440000000000E+002,-2.527510000000000E-011
 1.969820000000000E+000, 7.849510000000001E+004, 1.387970000000000E+002, 1.009540000000000E+003, 1.397150000000000E+002,-5.784100000000000E-012
 1.972980000000000E+000, 7.771920000000000E+004, 1.372050000000000E+002, 1.005380000000000E+003, 1.364030000000000E+002,-8.823350000000000E-013
 1.955930000000000E+000, 7.624810000000001E+004, 1.357810000000000E+002, 1.000190000000000E+003, 1.290330000000000E+002, 4.504670000000000E-012
 1.933090000000000E+000, 7.464539999999999E+004, 1.344980000000000E+002, 1.001110000000000E+003, 1.233440000000000E+002, 2.456930000000000E-012
 1.911400000000000E+000, 7.308139999999999E+004, 1.331740000000000E+002, 1.004360000000000E+003, 1.184730000000000E+002,-1.171450000000000E-012
 1.889750000000000E+000, 7.156500000000000E+004, 1.319040000000000E+002, 1.007300000000000E+003, 1.152950000000000E+002,-4.369760000000000E-012
 1.868160000000000E+000, 7.018530000000000E+004, 1.308570000000000E+002, 1.008850000000000E+003, 1.159700000000000E+002,-4.394450000000000E-012
 1.854830000000000E+000, 6.933839999999999E+004, 1.302060000000000E+002, 1.009110000000000E+003, 1.175710000000000E+002,-4.692660000000000E-012
 1.856550000000000E+000, 6.936610000000001E+004, 1.301380000000000E+002, 1.008900000000000E+003, 1.186440000000000E+002,-2.844600000000000E-012
 1.878800000000000E+000, 7.049980000000000E+004, 1.306990000000000E+002, 1.008780000000000E+003, 1.197280000000000E+002,-2.407700000000000E-012
 1.914070000000000E+000, 7.237380000000000E+004, 1.317010000000000E+002, 1.009070000000000E+003, 1.214070000000000E+002,-7.680870000000000E-013
 1.949870000000000E+000, 7.423710000000001E+004, 1.326110000000000E+002, 1.008650000000000E+003, 1.234900000000000E+002,-2.839560000000000E-013
 1.981540000000000E+000, 7.580560000000001E+004, 1.332480000000000E+002, 1.007470000000000E+003, 1.257570000000000E+002,-6.155280000000000E-013
 2.006360000000000E+000, 7.692639999999999E+004, 1.335460000000000E+002, 1.005690000000000E+003, 1.280360000000000E+002, 4.651600000000000E-013
 2.022310000000000E+000, 7.752589999999999E+004, 1.335250000000000E+002, 1.003430000000000E+003, 1.302340000000000E+002,-5.047280000000000E-013
 2.030100000000000E+000, 7.763620000000000E+004, 1.332020000000000E+002, 1.000970000000000E+003, 1.324130000000000E+002, 4.334150000000000E-013
 2.032600000000000E+000, 7.739760000000001E+004, 1.326290000000000E+002, 9.986060000000000E+002, 1.350590000000000E+002,-6.061670000000000E-013
 2.035540000000000E+000, 7.712480000000000E+004, 1.319710000000000E+002, 9.963590000000000E+002, 1.367100000000000E+002, 1.078550000000000E-012
 2.048670000000000E+000, 7.736310000000001E+004, 1.315300000000000E+002, 9.943310000000000E+002, 1.354180000000000E+002,-1.589390000000000E-012
 2.058750000000000E+000, 7.745750000000000E+004, 1.310460000000000E+002, 9.931410000000000E+002, 1.333630000000000E+002, 1.517520000000000E-012
 2.065110000000000E+000, 7.737070000000000E+004, 1.304960000000000E+002, 9.924100000000000E+002, 1.311170000000000E+002,-8.443490000000000E-013
 2.069750000000000E+000, 7.721510000000001E+004, 1.299420000000000E+002, 9.921079999999999E+002, 1.287530000000000E+002,-1.392640000000000E-013
 2.073640000000000E+000, 7.705320000000000E+004, 1.294260000000000E+002, 9.921330000000000E+002, 1.263500000000000E+002, 9.700800000000000E-013
 2.076530000000000E+000, 7.687830000000000E+004, 1.289530000000000E+002, 9.924140000000000E+002, 1.239080000000000E+002,-1.228720000000000E-012
 2.077270000000000E+000, 7.662610000000001E+004, 1.284830000000000E+002, 9.928550000000000E+002, 1.213260000000000E+002, 1.040520000000000E-012
 2.075040000000000E+000, 7.623760000000001E+004, 1.279690000000000E+002, 9.933600000000000E+002, 1.183850000000000E+002,-7.405950000000000E-013
 2.068040000000000E+000, 7.561439999999999E+004, 1.273530000000000E+002, 9.941090000000000E+002, 1.146510000000000E+002,-2.257970000000000E-013
 2.057380000000000E+000, 7.482989999999999E+004, 1.266850000000000E+002, 9.950839999999999E+002, 1.106100000000000E+002, 3.185580000000000E-012
 2.042110000000000E+000, 7.382950000000000E+004, 1.259260000000000E+002, 9.958710000000000E+002, 1.069170000000000E+002,-9.808180000000001E-012
 2.015790000000000E+000, 7.229650000000000E+004, 1.249210000000000E+002, 9.959990000000000E+002, 1.040780000000000E+002, 1.997110000000000E-011
 1.983400000000000E+000, 7.050430000000000E+004, 1.238140000000000E+002, 9.959410000000000E+002, 1.013710000000000E+002,-3.032940000000000E-011
 1.949470000000000E+000, 6.868260000000001E+004, 1.227140000000000E+002, 9.959860000000000E+002, 9.846010000000000E+001, 3.666830000000000E-011
 1.914820000000000E+000, 6.686889999999999E+004, 1.216350000000000E+002, 9.961440000000000E+002, 9.527460000000001E+001,-3.724100000000000E-011
 1.879700000000000E+000, 6.507340000000000E+004, 1.205810000000000E+002, 9.963910000000000E+002, 9.182930000000000E+001, 3.276610000000000E-011
 1.844410000000000E+000, 6.330790000000000E+004, 1.195540000000000E+002, 9.967220000000000E+002, 8.818010000000000E+001,-2.500210000000000E-011
 1.809330000000000E+000, 6.158760000000000E+004, 1.185600000000000E+002, 9.971740000000000E+002, 8.440250000000000E+001, 1.469500000000000E-011
 1.774480000000000E+000, 5.990770000000000E+004, 1.175920000000000E+002, 9.977190000000001E+002, 8.051630000000000E+001,-1.423910000000000E-012
 1.739890000000000E+000, 5.826540000000000E+004, 1.166420000000000E+002, 9.983470000000000E+002, 7.654840000000000E+001,-1.425670000000000E-011
 1.705660000000000E+000, 5.666110000000000E+004, 1.157060000000000E+002, 9.990500000000000E+002, 7.252020000000000E+001, 2.963810000000000E-011
 1.671870000000000E+000, 5.509460000000000E+004, 1.147810000000000E+002, 9.998140000000000E+002, 6.845460000000000E+001,-4.068880000000000E-011
 1.638680000000000E+000, 5.356960000000000E+004, 1.138640000000000E+002, 1.000640000000000E+003, 6.435050000000000E+001, 4.311000000000000E-011
 1.606200000000000E+000, 5.208840000000000E+004, 1.129550000000000E+002, 1.001530000000000E+003, 6.023530000000000E+001,-3.423440000000000E-011
 1.574670000000000E+000, 5.065980000000000E+004, 1.120570000000000E+002, 1.002440000000000E+003, 5.614590000000000E+001, 1.610930000000000E-011
 1.544500000000000E+000, 4.929890000000000E+004, 1.111770000000000E+002, 1.003190000000000E+003, 5.211870000000000E+001, 2.446040000000000E-012
 1.515780000000000E+000, 4.800790000000000E+004, 1.103170000000000E+002, 1.003790000000000E+003, 4.816510000000000E+001,-9.409970000000000E-012
 1.488590000000000E+000, 4.678910000000000E+004, 1.094790000000000E+002, 1.004230000000000E+003, 4.430190000000000E+001,-1.949740000000000E-012
 1.463080000000000E+000, 4.564800000000000E+004, 1.086720000000000E+002, 1.004530000000000E+003, 4.056130000000000E+001, 2.808680000000000E-011
 1.439250000000000E+000, 4.458380000000000E+004, 1.078960000000000E+002, 1.004700000000000E+003, 3.695920000000000E+001,-5.930060000000000E-011
 1.417040000000000E+000, 4.359340000000000E+004, 1.071530000000000E+002, 1.004750000000000E+003, 3.350350000000000E+001, 8.959079999999999E-011
 1.396410000000000E+000, 4.267380000000000E+004, 1.064420000000000E+002, 1.004680000000000E+003, 3.020120000000000E+001,-1.216900000000000E-010
 1.377280000000000E+000, 4.182160000000000E+004, 1.057650000000000E+002, 1.004520000000000E+003, 2.705510000000000E+001, 1.625880000000000E-010
 1.359570000000000E+000, 4.103200000000000E+004, 1.051200000000000E+002, 1.004280000000000E+003, 2.406150000000000E+001,-2.136130000000000E-010
 1.343230000000000E+000, 4.030270000000000E+004, 1.045080000000000E+002, 1.003980000000000E+003, 2.122970000000000E+001, 2.636270000000000E-010
 1.328380000000000E+000, 3.964110000000000E+004, 1.039410000000000E+002, 1.003670000000000E+003, 1.860870000000000E+001,-2.932950000000000E-010
 1.315120000000000E+000, 3.905160000000000E+004, 1.034280000000000E+002, 1.003370000000000E+003, 1.623720000000000E+001, 2.898530000000000E-010
 1.303480000000000E+000, 3.853610000000000E+004, 1.029740000000000E+002, 1.003110000000000E+003, 1.413870000000000E+001,-2.583310000000000E-010
 1.293400000000000E+000, 3.809270000000000E+004, 1.025830000000000E+002, 1.002890000000000E+003, 1.231620000000000E+001, 2.161700000000000E-010
 1.284780000000000E+000, 3.771640000000000E+004, 1.022500000000000E+002, 1.002720000000000E+003, 1.075670000000000E+001,-1.763730000000000E-010
 1.277410000000000E+000, 3.739660000000000E+004, 1.019680000000000E+002, 1.002600000000000E+003, 9.423400000000001E+000, 1.391330000000000E-010
 1.271070000000000E+000, 3.712290000000000E+004, 1.017270000000000E+002, 1.002500000000000E+003, 8.277049999999999E+000,-1.015640000000000E-010
 1.265580000000000E+000, 3.688740000000000E+004, 1.015200000000000E+002, 1.002430000000000E+003, 7.287200000000000E+000, 7.049170000000001E-011
 1.260820000000000E+000, 3.668370000000000E+004, 1.013410000000000E+002, 1.002390000000000E+003, 6.429540000000000E+000,-5.832399999999999E-011
 1.256670000000000E+000, 3.650710000000000E+004, 1.011860000000000E+002, 1.002350000000000E+003, 5.684550000000000E+000, 6.775870000000001E-011
 1.253060000000000E+000, 3.635360000000000E+004, 1.010510000000000E+002, 1.002320000000000E+003, 5.035940000000000E+000,-8.752290000000001E-011
 1.249900000000000E+000, 3.621980000000000E+004, 1.009330000000000E+002, 1.002310000000000E+003, 4.470040000000000E+000, 1.041350000000000E-010
 1.247130000000000E+000, 3.610290000000000E+004, 1.008310000000000E+002, 1.002290000000000E+003, 3.975480000000000E+000,-1.155720000000000E-010
 1.244710000000000E+000, 3.600060000000000E+004, 1.007410000000000E+002, 1.002290000000000E+003, 3.541990000000000E+000, 1.349770000000000E-010
 1.242580000000000E+000, 3.591080000000000E+004, 1.006620000000000E+002, 1.002280000000000E+003, 3.162720000000000E+000,-1.842800000000000E-010
 1.240710000000000E+000, 3.583200000000000E+004, 1.005930000000000E+002, 1.002280000000000E+003, 2.827020000000000E+000, 2.791620000000000E-010
 1.239050000000000E+000, 3.576250000000000E+004, 1.005320000000000E+002, 1.002280000000000E+003, 2.536000000000000E+000,-4.124040000000000E-010
 1.237600000000000E+000, 3.570150000000000E+004, 1.004780000000000E+002, 1.002280000000000E+003, 2.271480000000000E+000, 5.281060000000000E-010
 1.236300000000000E+000, 3.564680000000000E+004, 1.004300000000000E+002, 1.002280000000000E+003, 2.049060000000000E+000,-5.714510000000000E-010
 1.235180000000000E+000, 3.559990000000000E+004, 1.003880000000000E+002, 1.002290000000000E+003, 1.839000000000000E+000, 5.150540000000000E-010
 1.234120000000000E+000, 3.555570000000000E+004, 1.003500000000000E+002, 1.002280000000000E+003, 1.663030000000000E+000,-4.026980000000000E-010
 1.233280000000000E+000, 3.552050000000000E+004, 1.003190000000000E+002, 1.002290000000000E+003, 1.505780000000000E+000, 2.155600000000000E-010
 1.232390000000000E+000, 3.548320000000000E+004, 1.002860000000000E+002, 1.002290000000000E+003, 1.351120000000000E+000,-6.307730000000000E-011
 1.231780000000000E+000, 3.545750000000000E+004, 1.002630000000000E+002, 1.002290000000000E+003, 1.242900000000000E+000,-1.129320000000000E-011
 1.231020000000000E+000, 3.542610000000000E+004, 1.002350000000000E+002, 1.002300000000000E+003, 1.107510000000000E+000, 3.228540000000000E-011
 1.230560000000000E+000, 3.540680000000000E+004, 1.002180000000000E+002, 1.002300000000000E+003, 1.029250000000000E+000, 2.506870000000000E-012
 1.229950000000000E+000, 3.538110000000000E+004, 1.001950000000000E+002, 1.002300000000000E+003, 9.137700000000000E-001,-1.745640000000000E-012
 1.229580000000000E+000, 3.536570000000000E+004, 1.001820000000000E+002, 1.002300000000000E+003, 8.622320000000000E-001,-1.176850000000000E-012
 1.229120000000000E+000, 3.534590000000000E+004, 1.001630000000000E+002, 1.002310000000000E+003, 7.576640000000000E-001, 3.352930000000000E-013
 1.228760000000000E+000, 3.533180000000000E+004, 1.001530000000000E+002, 1.002300000000000E+003, 7.244450000000000E-001,-7.644180000000000E-013
 1.228420000000000E+000, 3.531630000000000E+004, 1.001370000000000E+002, 1.002320000000000E+003, 6.333780000000000E-001, 2.901210000000000E-013
 1.228170000000000E+000, 3.530690000000000E+004, 1.001300000000000E+002, 1.002310000000000E+003, 6.134350000000000E-001,-8.045750000000000E-014
 1.227730000000000E+000, 3.528810000000000E+004, 1.001130000000000E+002, 1.002320000000000E+003, 5.199530000000000E-001,-7.034460000000000E-014
 1.227690000000000E+000, 3.528650000000000E+004, 1.001110000000000E+002, 1.002320000000000E+003, 5.204590000000000E-001, 2.557620000000000E-014
 1.227260000000000E+000, 3.526820000000000E+004, 1.000950000000000E+002, 1.002320000000000E+003, 4.422940000000000E-001, 3.263090000000000E-015
 1.227920000000000E+000, 3.528710000000000E+004, 1.000940000000000E+002, 1.002350000000000E+003, 4.576030000000000E-001,-3.214240000000000E-016
 9.671090000000000E-001, 9.869960000000001E+004, 3.554710000000000E+002, 7.855410000000001E+002, 1.707970000000000E+002,-6.212510000000000E-012
 7.831080000000000E-001, 7.265530000000000E+004, 3.231540000000000E+002, 8.144490000000000E+002, 1.339920000000000E+002, 9.015120000000000E-013
 7.911830000000000E-001, 6.606550000000000E+004, 2.908450000000000E+002, 8.271410000000000E+002, 1.301320000000000E+002,-3.367290000000000E-011
 8.287080000000000E-001, 6.286770000000000E+004, 2.642350000000000E+002, 8.602380000000001E+002, 1.226360000000000E+002, 6.055970000000000E-011
 8.853030000000000E-001, 6.195730000000000E+004, 2.437610000000000E+002, 9.047650000000000E+002, 1.263330000000000E+002,-1.019310000000000E-010
 9.926000000000000E-001, 6.485710000000000E+004, 2.275870000000000E+002, 9.422590000000000E+002, 1.482320000000000E+002,-2.105530000000000E-010
 1.116570000000000E+000, 6.661880000000000E+004, 2.078150000000000E+002, 9.705770000000000E+002, 1.472000000000000E+002,-1.361310000000000E-011
 1.233210000000000E+000, 6.474520000000000E+004, 1.828670000000000E+002, 1.008910000000000E+003, 1.191480000000000E+002,-3.947540000000000E-011
 1.401670000000000E+000, 6.544740000000000E+004, 1.626330000000000E+002, 1.045830000000000E+003, 1.032240000000000E+002,-7.609880000000001E-011
 1.560410000000000E+000, 6.974450000000000E+004, 1.556810000000000E+002, 1.058780000000000E+003, 1.175230000000000E+002,-4.257540000000000E-011
 1.679870000000000E+000, 7.510580000000000E+004, 1.557260000000000E+002, 1.058600000000000E+003, 1.355980000000000E+002, 2.320050000000000E-011
 1.767220000000000E+000, 7.927330000000000E+004, 1.562430000000000E+002, 1.053660000000000E+003, 1.478080000000000E+002, 4.702790000000000E-011
 1.817830000000000E+000, 8.128810000000001E+004, 1.557530000000000E+002, 1.047060000000000E+003, 1.538790000000000E+002, 2.765570000000000E-011
 1.839370000000000E+000, 8.144770000000000E+004, 1.542310000000000E+002, 1.040560000000000E+003, 1.536750000000000E+002, 5.836010000000000E-012
 1.842950000000000E+000, 8.054630000000000E+004, 1.522290000000000E+002, 1.035180000000000E+003, 1.515850000000000E+002,-5.228640000000000E-012
 1.817670000000000E+000, 7.800210000000001E+004, 1.494700000000000E+002, 1.029030000000000E+003, 1.447510000000000E+002,-1.033440000000000E-011
 1.789000000000000E+000, 7.544939999999999E+004, 1.468960000000000E+002, 1.027370000000000E+003, 1.335520000000000E+002,-8.717960000000000E-012
 1.772540000000000E+000, 7.371520000000000E+004, 1.448520000000000E+002, 1.029230000000000E+003, 1.243950000000000E+002,-7.021030000000000E-012
 1.764550000000000E+000, 7.255589999999999E+004, 1.432200000000000E+002, 1.033070000000000E+003, 1.174140000000000E+002,-4.391500000000000E-012
 1.760640000000000E+000, 7.171820000000000E+004, 1.418810000000000E+002, 1.037570000000000E+003, 1.118220000000000E+002,-2.801450000000000E-012
 1.755300000000000E+000, 7.090600000000000E+004, 1.407010000000000E+002, 1.042120000000000E+003, 1.087900000000000E+002,-1.426170000000000E-012
 1.748750000000000E+000, 7.015630000000000E+004, 1.397350000000000E+002, 1.046160000000000E+003, 1.084980000000000E+002,-7.827840000000000E-013
 1.743700000000000E+000, 6.963839999999999E+004, 1.391040000000000E+002, 1.049040000000000E+003, 1.096880000000000E+002,-5.438880000000000E-013
 1.743130000000000E+000, 6.950280000000000E+004, 1.388790000000000E+002, 1.050470000000000E+003, 1.120180000000000E+002,-2.499560000000000E-014
 1.751200000000000E+000, 6.988180000000000E+004, 1.389930000000000E+002, 1.050490000000000E+003, 1.150320000000000E+002,-2.248850000000000E-013
 1.769480000000000E+000, 7.079330000000000E+004, 1.393510000000000E+002, 1.048140000000000E+003, 1.180770000000000E+002, 2.214580000000000E-013
 1.797740000000000E+000, 7.222689999999999E+004, 1.399380000000000E+002, 1.044910000000000E+003, 1.209560000000000E+002,-3.847710000000000E-013
 1.835740000000000E+000, 7.413489999999999E+004, 1.406620000000000E+002, 1.041260000000000E+003, 1.237740000000000E+002, 6.018990000000000E-013
 1.876430000000000E+000, 7.611100000000000E+004, 1.412800000000000E+002, 1.037720000000000E+003, 1.268980000000000E+002,-6.720270000000000E-013
 1.915240000000000E+000, 7.792739999999999E+004, 1.417200000000000E+002, 1.033770000000000E+003, 1.300050000000000E+002, 5.766430000000000E-013
 1.949870000000000E+000, 7.946800000000000E+004, 1.419550000000000E+002, 1.029480000000000E+003, 1.328770000000000E+002,-2.989150000000000E-013
 1.978700000000000E+000, 8.066760000000001E+004, 1.419980000000000E+002, 1.025010000000000E+003, 1.353860000000000E+002,-4.655580000000000E-014
 2.000460000000000E+000, 8.148500000000000E+004, 1.418770000000000E+002, 1.020520000000000E+003, 1.374810000000000E+002, 3.019880000000000E-013
 2.014980000000000E+000, 8.189850000000000E+004, 1.415690000000000E+002, 1.016100000000000E+003, 1.391710000000000E+002,-3.163430000000000E-013
 2.023700000000000E+000, 8.200200000000000E+004, 1.411370000000000E+002, 1.011990000000000E+003, 1.405280000000000E+002, 2.119640000000000E-013
 2.028150000000000E+000, 8.188070000000000E+004, 1.406200000000000E+002, 1.008290000000000E+003, 1.419280000000000E+002,-7.684320000000000E-014
 2.029360000000000E+000, 8.156789999999999E+004, 1.399990000000000E+002, 1.004700000000000E+003, 1.436690000000000E+002,-2.220470000000000E-013
 2.025990000000000E+000, 8.095420000000000E+004, 1.391770000000000E+002, 1.001360000000000E+003, 1.451930000000000E+002, 8.275400000000000E-013
 2.021340000000000E+000, 8.021650000000000E+004, 1.382260000000000E+002, 9.991210000000000E+002, 1.458940000000000E+002,-1.479190000000000E-012
 2.024270000000000E+000, 7.987520000000000E+004, 1.374380000000000E+002, 9.974660000000000E+002, 1.447980000000000E+002, 2.844620000000000E-012
 2.029620000000000E+000, 7.966839999999999E+004, 1.367210000000000E+002, 9.962809999999999E+002, 1.425510000000000E+002,-4.506760000000000E-012
 2.034530000000000E+000, 7.945239999999999E+004, 1.360210000000000E+002, 9.957270000000000E+002, 1.401280000000000E+002, 5.128000000000000E-012
 2.038610000000000E+000, 7.919980000000000E+004, 1.353180000000000E+002, 9.954810000000000E+002, 1.376790000000000E+002,-4.577060000000000E-012
 2.041960000000000E+000, 7.891830000000000E+004, 1.346160000000000E+002, 9.954510000000000E+002, 1.352310000000000E+002, 3.350080000000000E-012
 2.044590000000000E+000, 7.861450000000000E+004, 1.339240000000000E+002, 9.955560000000000E+002, 1.327980000000000E+002,-1.976980000000000E-012
 2.046150000000000E+000, 7.827320000000000E+004, 1.332420000000000E+002, 9.957080000000000E+002, 1.303830000000000E+002, 7.045860000000000E-013
 2.045830000000000E+000, 7.784410000000001E+004, 1.325320000000000E+002, 9.958099999999999E+002, 1.280850000000000E+002, 6.709410000000000E-013
 2.043690000000000E+000, 7.733010000000001E+004, 1.317940000000000E+002, 9.959109999999999E+002, 1.258200000000000E+002,-2.312820000000000E-012
 2.039790000000000E+000, 7.676489999999999E+004, 1.310820000000000E+002, 9.960810000000000E+002, 1.235790000000000E+002, 4.096100000000000E-012
 2.034540000000000E+000, 7.617560000000001E+004, 1.304110000000000E+002, 9.963620000000000E+002, 1.213160000000000E+002,-5.569220000000000E-012
 2.028140000000000E+000, 7.555650000000000E+004, 1.297590000000000E+002, 9.966440000000000E+002, 1.190170000000000E+002, 6.303350000000000E-012
 2.020620000000000E+000, 7.490689999999999E+004, 1.291220000000000E+002, 9.969550000000000E+002, 1.166370000000000E+002,-5.510840000000000E-012
 2.012270000000000E+000, 7.424530000000000E+004, 1.285130000000000E+002, 9.973290000000000E+002, 1.141480000000000E+002, 2.934050000000000E-012
 2.003170000000000E+000, 7.357570000000000E+004, 1.279320000000000E+002, 9.978780000000000E+002, 1.115150000000000E+002, 1.745560000000000E-013
 1.993390000000000E+000, 7.289320000000000E+004, 1.273680000000000E+002, 9.986120000000000E+002, 1.086580000000000E+002,-1.597110000000000E-012
 1.982470000000000E+000, 7.216780000000000E+004, 1.267940000000000E+002, 9.995330000000000E+002, 1.055090000000000E+002,-1.404990000000000E-013
 1.970230000000000E+000, 7.139050000000000E+004, 1.262080000000000E+002, 1.000580000000000E+003, 1.021910000000000E+002, 4.629030000000000E-012
 1.957130000000000E+000, 7.058639999999999E+004, 1.256220000000000E+002, 1.001720000000000E+003, 9.879830000000000E+001,-1.018930000000000E-011
 1.943300000000000E+000, 6.976110000000001E+004, 1.250370000000000E+002, 1.002930000000000E+003, 9.532850000000001E+001, 1.587950000000000E-011
 1.928900000000000E+000, 6.892080000000000E+004, 1.244530000000000E+002, 1.004200000000000E+003, 9.178050000000000E+001,-2.246240000000000E-011
 1.914190000000000E+000, 6.807770000000000E+004, 1.238750000000000E+002, 1.005520000000000E+003, 8.813690000000000E+001, 3.125820000000000E-011
 1.899870000000000E+000, 6.726560000000001E+004, 1.233200000000000E+002, 1.006800000000000E+003, 8.435660000000000E+001,-4.199950000000000E-011
 1.885460000000000E+000, 6.645680000000000E+004, 1.227680000000000E+002, 1.007720000000000E+003, 8.052700000000000E+001, 5.228290000000000E-011
 1.867840000000000E+000, 6.549140000000000E+004, 1.221260000000000E+002, 1.008320000000000E+003, 7.687670000000000E+001,-5.772610000000000E-011
 1.846370000000000E+000, 6.434320000000000E+004, 1.213800000000000E+002, 1.008600000000000E+003, 7.345110000000000E+001, 5.508860000000000E-011
 1.821760000000000E+000, 6.304950000000000E+004, 1.205470000000000E+002, 1.008580000000000E+003, 7.017130000000000E+001,-4.626530000000000E-011
 1.795020000000000E+000, 6.165960000000000E+004, 1.196450000000000E+002, 1.008280000000000E+003, 6.692319999999999E+001, 3.677140000000000E-011
 1.767380000000000E+000, 6.023510000000000E+004, 1.187090000000000E+002, 1.007770000000000E+003, 6.370850000000000E+001,-2.963610000000000E-011
 1.741050000000000E+000, 5.890280000000000E+004, 1.178390000000000E+002, 1.007220000000000E+003, 6.082000000000000E+001, 2.347570000000000E-011
 1.716190000000000E+000, 5.766390000000000E+004, 1.170320000000000E+002, 1.006700000000000E+003, 5.819910000000000E+001,-1.642780000000000E-011
 1.692590000000000E+000, 5.650260000000000E+004, 1.162730000000000E+002, 1.006230000000000E+003, 5.576600000000000E+001, 1.040970000000000E-011
 1.670160000000000E+000, 5.540960000000000E+004, 1.155560000000000E+002, 1.005800000000000E+003, 5.347460000000000E+001,-9.340790000000001E-012
 1.648810000000000E+000, 5.437840000000000E+004, 1.148730000000000E+002, 1.005410000000000E+003, 5.129830000000000E+001, 1.416310000000000E-011
 1.628500000000000E+000, 5.340410000000000E+004, 1.142230000000000E+002, 1.005060000000000E+003, 4.922060000000000E+001,-2.151460000000000E-011
 1.609150000000000E+000, 5.248240000000000E+004, 1.136010000000000E+002, 1.004740000000000E+003, 4.722840000000000E+001, 2.705240000000000E-011
 1.590730000000000E+000, 5.160990000000000E+004, 1.130060000000000E+002, 1.004450000000000E+003, 4.531480000000000E+001,-2.921220000000000E-011
 1.573200000000000E+000, 5.078400000000000E+004, 1.124370000000000E+002, 1.004200000000000E+003, 4.347520000000000E+001, 3.063540000000000E-011
 1.556510000000000E+000, 5.000180000000000E+004, 1.118920000000000E+002, 1.003970000000000E+003, 4.170590000000000E+001,-3.699180000000000E-011
 1.540640000000000E+000, 4.926110000000000E+004, 1.113700000000000E+002, 1.003760000000000E+003, 4.000200000000000E+001, 5.333040000000000E-011
 1.525540000000000E+000, 4.855950000000000E+004, 1.108700000000000E+002, 1.003570000000000E+003, 3.836550000000000E+001,-7.979340000000000E-011
 1.511190000000000E+000, 4.789500000000000E+004, 1.103910000000000E+002, 1.003410000000000E+003, 3.678690000000000E+001, 1.079230000000000E-010
 1.497550000000000E+000, 4.726600000000000E+004, 1.099340000000000E+002, 1.003250000000000E+003, 3.527780000000000E+001,-1.242720000000000E-010
 1.484570000000000E+000, 4.666940000000000E+004, 1.094950000000000E+002, 1.003120000000000E+003, 3.381380000000000E+001, 1.160730000000000E-010
 1.472270000000000E+000, 4.610610000000000E+004, 1.090770000000000E+002, 1.003000000000000E+003, 3.242780000000000E+001,-8.730190000000000E-011
 1.460530000000000E+000, 4.556970000000000E+004, 1.086750000000000E+002, 1.002890000000000E+003, 3.107090000000000E+001, 4.174010000000000E-011
 1.449460000000000E+000, 4.506590000000000E+004, 1.082940000000000E+002, 1.002790000000000E+003, 2.980120000000000E+001,-6.546540000000000E-012
 1.438830000000000E+000, 4.458330000000000E+004, 1.079260000000000E+002, 1.002700000000000E+003, 2.854590000000000E+001,-1.103920000000000E-011
 1.428880000000000E+000, 4.413220000000000E+004, 1.075790000000000E+002, 1.002620000000000E+003, 2.738130000000000E+001, 9.218480000000000E-012
 1.419280000000000E+000, 4.369880000000000E+004, 1.072420000000000E+002, 1.002550000000000E+003, 2.623480000000000E+001, 1.729020000000000E-012
 1.410290000000000E+000, 4.329360000000000E+004, 1.069250000000000E+002, 1.002490000000000E+003, 2.514390000000000E+001, 8.309810000000000E-014
 1.401670000000000E+000, 4.290610000000000E+004, 1.066200000000000E+002, 1.002430000000000E+003, 2.412950000000000E+001, 2.409190000000000E-014
 1.393490000000000E+000, 4.253900000000000E+004, 1.063280000000000E+002, 1.002390000000000E+003, 2.308300000000000E+001,-1.522260000000000E-013
 1.385820000000000E+000, 4.219600000000000E+004, 1.060540000000000E+002, 1.002330000000000E+003, 2.219750000000000E+001,-2.202710000000000E-013
 1.378310000000000E+000, 4.186030000000000E+004, 1.057840000000000E+002, 1.002300000000000E+003, 2.121220000000000E+001, 1.543640000000000E-013
 1.371490000000000E+000, 4.155620000000000E+004, 1.055380000000000E+002, 1.002260000000000E+003, 2.039250000000000E+001,-1.360400000000000E-015
 1.364600000000000E+000, 4.125030000000000E+004, 1.052900000000000E+002, 1.002230000000000E+003, 1.953020000000000E+001,-1.046100000000000E-013
 1.358920000000000E+000, 4.099570000000000E+004, 1.050770000000000E+002, 1.002210000000000E+003, 1.877640000000000E+001,-4.736690000000000E-014
 1.349880000000000E+000, 4.061280000000000E+004, 1.047920000000000E+002, 1.002210000000000E+003, 1.768890000000000E+001,-1.748070000000000E-014
 1.371700000000000E+000, 4.122770000000000E+004, 1.046870000000000E+002, 1.003220000000000E+003, 1.758500000000000E+001,-7.751300000000000E-015
 8.184530000000000E-001, 8.683050000000000E+004, 3.695240000000000E+002, 6.198380000000000E+002, 7.454930000000000E+001, 1.097270000000000E-011
 7.358240000000000E-001, 7.150010000000001E+004, 3.384520000000000E+002, 6.158270000000000E+002, 8.108300000000000E+001,-3.504610000000000E-012
 7.456610000000000E-001, 6.514550000000000E+004, 3.043040000000000E+002, 6.262640000000000E+002, 8.529890000000000E+001,-5.424930000000000E-011
 7.798250000000000E-001, 6.282480000000000E+004, 2.806070000000000E+002, 6.612140000000001E+002, 9.855830000000000E+001, 1.468950000000000E-010
 8.265910000000000E-001, 6.259130000000000E+004, 2.637470000000000E+002, 7.162619999999999E+002, 1.111920000000000E+002,-1.319340000000000E-010
 8.896290000000000E-001, 6.305850000000000E+004, 2.468870000000000E+002, 7.763700000000000E+002, 1.109610000000000E+002,-1.942090000000000E-010
 1.005610000000000E+000, 6.657250000000000E+004, 2.305840000000000E+002, 8.207050000000000E+002, 1.163780000000000E+002, 1.386740000000000E-010
 1.150000000000000E+000, 7.029239999999999E+004, 2.128990000000000E+002, 8.615800000000000E+002, 1.331210000000000E+002, 1.850610000000000E-010
 1.261120000000000E+000, 7.083889999999999E+004, 1.956500000000000E+002, 9.094410000000000E+002, 1.312900000000000E+002,-3.451350000000000E-011
 1.307610000000000E+000, 6.913750000000000E+004, 1.841620000000000E+002, 9.540790000000000E+002, 1.204480000000000E+002,-4.709800000000000E-011
 1.329780000000000E+000, 6.781000000000000E+004, 1.776140000000000E+002, 9.817840000000000E+002, 1.162410000000000E+002, 9.039390000000000E-011
 1.353510000000000E+000, 6.811680000000000E+004, 1.752900000000000E+002, 9.963300000000000E+002, 1.190800000000000E+002, 1.364470000000000E-010
 1.394850000000000E+000, 7.033970000000000E+004, 1.756450000000000E+002, 1.004810000000000E+003, 1.254100000000000E+002, 9.569030000000000E-011
 1.456390000000000E+000, 7.386589999999999E+004, 1.766570000000000E+002, 1.009160000000000E+003, 1.336660000000000E+002, 1.999530000000000E-011
 1.528570000000000E+000, 7.759280000000000E+004, 1.768070000000000E+002, 1.012190000000000E+003, 1.428150000000000E+002,-3.693840000000000E-011
 1.603160000000000E+000, 8.098939999999999E+004, 1.759610000000000E+002, 1.015630000000000E+003, 1.512700000000000E+002,-5.738750000000000E-011
 1.664770000000000E+000, 8.314539999999999E+004, 1.739590000000000E+002, 1.019810000000000E+003, 1.564470000000000E+002,-5.123670000000000E-011
 1.704470000000000E+000, 8.392080000000000E+004, 1.714920000000000E+002, 1.022360000000000E+003, 1.574950000000000E+002,-3.567490000000000E-011
 1.720460000000000E+000, 8.337620000000000E+004, 1.687960000000000E+002, 1.022070000000000E+003, 1.565130000000000E+002,-2.302650000000000E-011
 1.716720000000000E+000, 8.164950000000000E+004, 1.656600000000000E+002, 1.020300000000000E+003, 1.548850000000000E+002,-1.459220000000000E-011
 1.697720000000000E+000, 7.903239999999999E+004, 1.621450000000000E+002, 1.018110000000000E+003, 1.509210000000000E+002,-6.792710000000000E-012
 1.674370000000000E+000, 7.625080000000000E+004, 1.586190000000000E+002, 1.016810000000000E+003, 1.446080000000000E+002,-2.587460000000000E-012
 1.655270000000000E+000, 7.383200000000000E+004, 1.553610000000000E+002, 1.018100000000000E+003, 1.378350000000000E+002,-9.829880000000001E-013
 1.640500000000000E+000, 7.178439999999999E+004, 1.524110000000000E+002, 1.021550000000000E+003, 1.311820000000000E+002,-3.072610000000000E-013
 1.630860000000000E+000, 7.018500000000000E+004, 1.498970000000000E+002, 1.026130000000000E+003, 1.251610000000000E+002,-2.076660000000000E-013
 1.626610000000000E+000, 6.907260000000001E+004, 1.479060000000000E+002, 1.030780000000000E+003, 1.204110000000000E+002, 3.655380000000000E-014
 1.626750000000000E+000, 6.833689999999999E+004, 1.463180000000000E+002, 1.035300000000000E+003, 1.171760000000000E+002,-1.283940000000000E-013
 1.629490000000000E+000, 6.790389999999999E+004, 1.451460000000000E+002, 1.039150000000000E+003, 1.150460000000000E+002, 1.691540000000000E-013
 1.633980000000000E+000, 6.776810000000001E+004, 1.444580000000000E+002, 1.041660000000000E+003, 1.139930000000000E+002,-1.519010000000000E-013
 1.640730000000000E+000, 6.792939999999999E+004, 1.442060000000000E+002, 1.043190000000000E+003, 1.137780000000000E+002, 1.128890000000000E-013
 1.649600000000000E+000, 6.831850000000000E+004, 1.442520000000000E+002, 1.044120000000000E+003, 1.140730000000000E+002,-3.643620000000000E-014
 1.660620000000000E+000, 6.891370000000000E+004, 1.445440000000000E+002, 1.044730000000000E+003, 1.148480000000000E+002,-2.941080000000000E-014
 1.674500000000000E+000, 6.973589999999999E+004, 1.450550000000000E+002, 1.045180000000000E+003, 1.161650000000000E+002, 6.369450000000000E-014
 1.691870000000000E+000, 7.075630000000000E+004, 1.456670000000000E+002, 1.045530000000000E+003, 1.179860000000000E+002,-6.914490000000000E-014
 1.712560000000000E+000, 7.193060000000001E+004, 1.462960000000000E+002, 1.045760000000000E+003, 1.201960000000000E+002, 2.208420000000000E-014
 1.736300000000000E+000, 7.323430000000000E+004, 1.469110000000000E+002, 1.045790000000000E+003, 1.226980000000000E+002, 7.553620000000000E-015
 1.763450000000000E+000, 7.469630000000000E+004, 1.475370000000000E+002, 1.045590000000000E+003, 1.254900000000000E+002,-8.576890000000001E-014
 1.794250000000000E+000, 7.634360000000001E+004, 1.482020000000000E+002, 1.045030000000000E+003, 1.285590000000000E+002, 1.982010000000000E-013
 1.827930000000000E+000, 7.815100000000000E+004, 1.489150000000000E+002, 1.043940000000000E+003, 1.318100000000000E+002,-3.324560000000000E-013
 1.861010000000000E+000, 7.992320000000000E+004, 1.495850000000000E+002, 1.042600000000000E+003, 1.350650000000000E+002, 5.768680000000000E-013
 1.891250000000000E+000, 8.151489999999999E+004, 1.501250000000000E+002, 1.040700000000000E+003, 1.380850000000000E+002,-6.660270000000000E-013
 1.917880000000000E+000, 8.287610000000001E+004, 1.505120000000000E+002, 1.038130000000000E+003, 1.408090000000000E+002, 6.603650000000000E-013
 1.940570000000000E+000, 8.397430000000000E+004, 1.507230000000000E+002, 1.034860000000000E+003, 1.432580000000000E+002,-4.443910000000000E-013
 1.958580000000000E+000, 8.475820000000000E+004, 1.507320000000000E+002, 1.030930000000000E+003, 1.453510000000000E+002, 2.107320000000000E-013
 1.971680000000000E+000, 8.521439999999999E+004, 1.505360000000000E+002, 1.026570000000000E+003, 1.470220000000000E+002,-1.399170000000000E-014
 1.981020000000000E+000, 8.538810000000001E+004, 1.501320000000000E+002, 1.022020000000000E+003, 1.483020000000000E+002,-9.118780000000001E-014
 1.988640000000000E+000, 8.542189999999999E+004, 1.496160000000000E+002, 1.017430000000000E+003, 1.492050000000000E+002, 1.956380000000000E-013
 1.995040000000000E+000, 8.535310000000001E+004, 1.490160000000000E+002, 1.012760000000000E+003, 1.498610000000000E+002,-3.992590000000000E-013
 2.000230000000000E+000, 8.517860000000001E+004, 1.483250000000000E+002, 1.007930000000000E+003, 1.502500000000000E+002, 7.339520000000000E-013
 2.004270000000000E+000, 8.491289999999999E+004, 1.475640000000000E+002, 1.003020000000000E+003, 1.503710000000000E+002,-1.136370000000000E-012
 2.007300000000000E+000, 8.457000000000000E+004, 1.467470000000000E+002, 9.980810000000000E+002, 1.502960000000000E+002, 1.486300000000000E-012
 2.009290000000000E+000, 8.415250000000000E+004, 1.458780000000000E+002, 9.931319999999999E+002, 1.500860000000000E+002,-1.489850000000000E-012
 2.010220000000000E+000, 8.367080000000000E+004, 1.449750000000000E+002, 9.883320000000000E+002, 1.498190000000000E+002, 9.304970000000000E-013
 2.009950000000000E+000, 8.312730000000000E+004, 1.440530000000000E+002, 9.838610000000000E+002, 1.496380000000000E+002,-1.076790000000000E-013
 2.008270000000000E+000, 8.251460000000001E+004, 1.431110000000000E+002, 9.797690000000000E+002, 1.496830000000000E+002,-3.456610000000000E-013
 2.005340000000000E+000, 8.184550000000000E+004, 1.421580000000000E+002, 9.761010000000000E+002, 1.500230000000000E+002, 3.311060000000000E-014
 2.001120000000000E+000, 8.112130000000000E+004, 1.411970000000000E+002, 9.728819999999999E+002, 1.504860000000000E+002, 8.450090000000000E-013
 1.995210000000000E+000, 8.032300000000000E+004, 1.402220000000000E+002, 9.701900000000001E+002, 1.510120000000000E+002,-1.854770000000000E-012
 1.987610000000000E+000, 7.945050000000000E+004, 1.392290000000000E+002, 9.680620000000000E+002, 1.516180000000000E+002, 2.746130000000000E-012
 1.978260000000000E+000, 7.849810000000001E+004, 1.382100000000000E+002, 9.665330000000000E+002, 1.523200000000000E+002,-3.690530000000000E-012
 1.966970000000000E+000, 7.744830000000000E+004, 1.371450000000000E+002, 9.656410000000000E+002, 1.531610000000000E+002, 4.816580000000000E-012
 1.953350000000000E+000, 7.627250000000000E+004, 1.360040000000000E+002, 9.654390000000000E+002, 1.542550000000000E+002,-5.789740000000000E-012
 1.943030000000000E+000, 7.530210000000001E+004, 1.349870000000000E+002, 9.657170000000000E+002, 1.560190000000000E+002, 5.929530000000000E-012
 1.936240000000000E+000, 7.455560000000001E+004, 1.341170000000000E+002, 9.661790000000000E+002, 1.575740000000000E+002,-5.061710000000000E-012
 1.932250000000000E+000, 7.398950000000000E+004, 1.333730000000000E+002, 9.668770000000000E+002, 1.586460000000000E+002, 3.501850000000000E-012
 1.930510000000000E+000, 7.357260000000001E+004, 1.327420000000000E+002, 9.676930000000000E+002, 1.592760000000000E+002,-2.052680000000000E-012
 1.930150000000000E+000, 7.325689999999999E+004, 1.321970000000000E+002, 9.685549999999999E+002, 1.596440000000000E+002, 1.258110000000000E-012
 1.930210000000000E+000, 7.299080000000000E+004, 1.317130000000000E+002, 9.694360000000000E+002, 1.597780000000000E+002,-9.154800000000001E-013
 1.929600000000000E+000, 7.271289999999999E+004, 1.312530000000000E+002, 9.703430000000000E+002, 1.594390000000000E+002, 7.710190000000000E-013
 1.928400000000000E+000, 7.242539999999999E+004, 1.308150000000000E+002, 9.713080000000000E+002, 1.586970000000000E+002,-5.909020000000000E-013
 1.926550000000000E+000, 7.212189999999999E+004, 1.303920000000000E+002, 9.722440000000000E+002, 1.576610000000000E+002, 3.393390000000000E-013
 1.924080000000000E+000, 7.180230000000000E+004, 1.299810000000000E+002, 9.731300000000000E+002, 1.564400000000000E+002,-4.221530000000000E-013
 1.921060000000000E+000, 7.146820000000000E+004, 1.295790000000000E+002, 9.739660000000000E+002, 1.550920000000000E+002, 9.693069999999999E-013
 1.917560000000000E+000, 7.112210000000001E+004, 1.291870000000000E+002, 9.747569999999999E+002, 1.536490000000000E+002,-1.790490000000000E-012
 1.913630000000000E+000, 7.076510000000001E+004, 1.288030000000000E+002, 9.755060000000000E+002, 1.521360000000000E+002, 2.437210000000000E-012
 1.909300000000000E+000, 7.039850000000000E+004, 1.284260000000000E+002, 9.762160000000000E+002, 1.505690000000000E+002,-2.630390000000000E-012
 1.904630000000000E+000, 7.002380000000000E+004, 1.280560000000000E+002, 9.768900000000000E+002, 1.489620000000000E+002, 2.490130000000000E-012
 1.899640000000000E+000, 6.964200000000000E+004, 1.276920000000000E+002, 9.775300000000000E+002, 1.473250000000000E+002,-2.615570000000000E-012
 1.894360000000000E+000, 6.925420000000000E+004, 1.273350000000000E+002, 9.781400000000000E+002, 1.456660000000000E+002, 3.629660000000000E-012
 1.888830000000000E+000, 6.886110000000001E+004, 1.269820000000000E+002, 9.787210000000000E+002, 1.439920000000000E+002,-5.660340000000000E-012
 1.883100000000000E+000, 6.846470000000000E+004, 1.266360000000000E+002, 9.792800000000000E+002, 1.423050000000000E+002, 8.097079999999999E-012
 1.877140000000000E+000, 6.806380000000000E+004, 1.262940000000000E+002, 9.798070000000000E+002, 1.406190000000000E+002,-9.794099999999999E-012
 1.871040000000000E+000, 6.766210000000001E+004, 1.259580000000000E+002, 9.803270000000000E+002, 1.389190000000000E+002, 9.442119999999999E-012
 1.864740000000000E+000, 6.725689999999999E+004, 1.256270000000000E+002, 9.808020000000000E+002, 1.372380000000000E+002,-6.855680000000000E-012
 1.858360000000000E+000, 6.685250000000000E+004, 1.253000000000000E+002, 9.812930000000000E+002, 1.355310000000000E+002, 2.672890000000000E-012
 1.851820000000000E+000, 6.644610000000001E+004, 1.249780000000000E+002, 9.817190000000001E+002, 1.338750000000000E+002, 6.998090000000000E-013
 1.845220000000000E+000, 6.604089999999999E+004, 1.246610000000000E+002, 9.821900000000001E+002, 1.321620000000000E+002,-2.205470000000000E-012
 1.838520000000000E+000, 6.563650000000000E+004, 1.243480000000000E+002, 9.825710000000000E+002, 1.305420000000000E+002, 1.312540000000000E-012
 1.831740000000000E+000, 6.523160000000000E+004, 1.240390000000000E+002, 9.830200000000000E+002, 1.288340000000000E+002, 6.559610000000000E-014
 1.824980000000000E+000, 6.483220000000000E+004, 1.237360000000000E+002, 9.833740000000000E+002, 1.272390000000000E+002, 7.782129999999999E-015
 1.818060000000000E+000, 6.442890000000000E+004, 1.234340000000000E+002, 9.837790000000000E+002, 1.255790000000000E+002, 9.504769999999999E-014
 1.811250000000000E+000, 6.403480000000000E+004, 1.231400000000000E+002, 9.841500000000000E+002, 1.239480000000000E+002,-3.928040000000000E-014
 1.804310000000000E+000, 6.363790000000000E+004, 1.228480000000000E+002, 9.844680000000000E+002, 1.224150000000000E+002,-4.009940000000000E-014
 1.797400000000000E+000, 6.324570000000000E+004, 1.225600000000000E+002, 9.848750000000000E+002, 1.207200000000000E+002, 6.869600000000000E-014
 1.790580000000000E+000, 6.286040000000000E+004, 1.222780000000000E+002, 9.851580000000000E+002, 1.192400000000000E+002, 2.271780000000000E-014
 1.783520000000000E+000, 6.247050000000000E+004, 1.220000000000000E+002, 9.855010000000000E+002, 1.176460000000000E+002,-2.854130000000000E-014
 1.777090000000000E+000, 6.209410000000000E+004, 1.217040000000000E+002, 9.858370000000000E+002, 1.161820000000000E+002,-2.836540000000000E-014
 1.767650000000000E+000, 6.166380000000000E+004, 1.215060000000000E+002, 9.858910000000000E+002, 1.139100000000000E+002,-1.299100000000000E-014
 1.806190000000000E+000, 6.271560000000000E+004, 1.209410000000000E+002, 9.879220000000000E+002, 1.129110000000000E+002,-5.969440000000000E-015
 7.404310000000000E-001, 8.115289999999999E+004, 3.817540000000000E+002, 2.513250000000000E+002, 7.553820000000000E+001, 3.108350000000000E-012
 7.082710000000000E-001, 7.094160000000001E+004, 3.488710000000000E+002, 2.566500000000000E+002, 5.514130000000000E+001,-4.156300000000000E-012
 7.184640000000000E-001, 6.474930000000000E+004, 3.139020000000000E+002, 2.648270000000000E+002, 5.322380000000000E+001,-2.253600000000000E-011
 7.437480000000000E-001, 6.262410000000000E+004, 2.932780000000000E+002, 2.887930000000000E+002, 5.327630000000000E+001, 1.544490000000000E-010
 8.042780000000000E-001, 6.543580000000000E+004, 2.833820000000000E+002, 3.283090000000000E+002, 5.423550000000000E+001,-3.552900000000000E-010
 8.786480000000000E-001, 6.841650000000000E+004, 2.712130000000000E+002, 3.647290000000000E+002, 5.073210000000000E+001, 2.325950000000000E-010
 9.421590000000000E-001, 6.792510000000001E+004, 2.511130000000000E+002, 3.895290000000000E+002, 4.935120000000000E+001, 4.680280000000000E-011
 1.015250000000000E+000, 6.737110000000001E+004, 2.311340000000000E+002, 4.092720000000000E+002, 5.426650000000000E+001, 1.956650000000000E-009
 1.114000000000000E+000, 7.066239999999999E+004, 2.209360000000000E+002, 4.369730000000000E+002, 6.384560000000000E+001, 2.125020000000000E-009
 1.188150000000000E+000, 7.319380000000000E+004, 2.145680000000000E+002, 4.636780000000000E+002, 6.790840000000000E+001, 2.825810000000000E-010
 1.218330000000000E+000, 7.308670000000000E+004, 2.089480000000000E+002, 4.847930000000000E+002, 6.656510000000000E+001, 2.898420000000000E-010
 1.233430000000000E+000, 7.274950000000000E+004, 2.054370000000000E+002, 5.072230000000000E+002, 6.353550000000000E+001, 7.806110000000000E-011
 1.250970000000000E+000, 7.307739999999999E+004, 2.034690000000000E+002, 5.326660000000001E+002, 6.145260000000000E+001,-9.266360000000000E-011
 1.272980000000000E+000, 7.353400000000000E+004, 2.012020000000000E+002, 5.574299999999999E+002, 6.121550000000000E+001,-1.323530000000000E-010
 1.298730000000000E+000, 7.383960000000001E+004, 1.980310000000000E+002, 5.795250000000000E+002, 6.288160000000000E+001,-1.030470000000000E-010
 1.328290000000000E+000, 7.402900000000000E+004, 1.941210000000000E+002, 5.983230000000000E+002, 6.611730000000000E+001,-6.383750000000000E-011
 1.359780000000000E+000, 7.402939999999999E+004, 1.896270000000000E+002, 6.134250000000000E+002, 7.080340000000000E+001,-3.380340000000000E-011
 1.390290000000000E+000, 7.399910000000001E+004, 1.853890000000000E+002, 6.264500000000000E+002, 7.626790000000000E+001,-1.642570000000000E-011
 1.419680000000000E+000, 7.422660000000001E+004, 1.821100000000000E+002, 6.392990000000000E+002, 8.234780000000001E+001,-6.461920000000000E-012
 1.453360000000000E+000, 7.515600000000000E+004, 1.801170000000000E+002, 6.536900000000001E+002, 8.811530000000000E+001,-2.895170000000000E-012
 1.493110000000000E+000, 7.665920000000000E+004, 1.788280000000000E+002, 6.691319999999999E+002, 9.240760000000000E+001,-3.788900000000000E-013
 1.534590000000000E+000, 7.813630000000000E+004, 1.773480000000000E+002, 6.836410000000000E+002, 9.494720000000000E+001,-7.117260000000000E-013
 1.572320000000000E+000, 7.911780000000000E+004, 1.752650000000000E+002, 6.958590000000000E+002, 9.578380000000000E+001, 4.359110000000000E-013
 1.602250000000000E+000, 7.944320000000000E+004, 1.726990000000000E+002, 7.057859999999999E+002, 9.514230000000001E+001,-4.694970000000000E-013
 1.621700000000000E+000, 7.917930000000000E+004, 1.700610000000000E+002, 7.141910000000000E+002, 9.381940000000000E+001, 1.873430000000000E-013
 1.631630000000000E+000, 7.851150000000000E+004, 1.676010000000000E+002, 7.219020000000000E+002, 9.211920000000001E+001,-1.299220000000000E-014
 1.635860000000000E+000, 7.761630000000000E+004, 1.652610000000000E+002, 7.290270000000000E+002, 9.041700000000000E+001,-1.475610000000000E-013
 1.635450000000000E+000, 7.662039999999999E+004, 1.631810000000000E+002, 7.358060000000000E+002, 8.892280000000000E+001, 2.683470000000000E-013
 1.632430000000000E+000, 7.570989999999999E+004, 1.615410000000000E+002, 7.435680000000000E+002, 8.740640000000000E+001,-3.812190000000000E-013
 1.628930000000000E+000, 7.492700000000000E+004, 1.602140000000000E+002, 7.518680000000001E+002, 8.629340000000001E+001, 3.413220000000000E-013
 1.624530000000000E+000, 7.414939999999999E+004, 1.589800000000000E+002, 7.599490000000000E+002, 8.559680000000000E+001,-1.275850000000000E-013
 1.619530000000000E+000, 7.334210000000001E+004, 1.577350000000000E+002, 7.680119999999999E+002, 8.515179999999999E+001, 2.869810000000000E-014
 1.615140000000000E+000, 7.254410000000001E+004, 1.564430000000000E+002, 7.760260000000000E+002, 8.505690000000000E+001,-3.004430000000000E-014
 1.611960000000000E+000, 7.177170000000000E+004, 1.550830000000000E+002, 7.836680000000000E+002, 8.532970000000000E+001, 1.066590000000000E-013
 1.609950000000000E+000, 7.101680000000000E+004, 1.536430000000000E+002, 7.907850000000000E+002, 8.590110000000000E+001,-5.320150000000000E-014
 1.609040000000000E+000, 7.028830000000000E+004, 1.521530000000000E+002, 7.973869999999999E+002, 8.678189999999999E+001, 2.072320000000000E-014
 1.609360000000000E+000, 6.962430000000000E+004, 1.506860000000000E+002, 8.036030000000000E+002, 8.793210000000001E+001, 2.368400000000000E-014
 1.610990000000000E+000, 6.906510000000001E+004, 1.493240000000000E+002, 8.094589999999999E+002, 8.920970000000000E+001, 9.262690000000000E-014
 1.613450000000000E+000, 6.860939999999999E+004, 1.481130000000000E+002, 8.147760000000000E+002, 9.082299999999999E+001,-1.517900000000000E-013
 1.617120000000000E+000, 6.829939999999999E+004, 1.471090000000000E+002, 8.202360000000000E+002, 9.257089999999999E+001, 3.675910000000000E-013
 1.622040000000000E+000, 6.816250000000000E+004, 1.463680000000000E+002, 8.258280000000000E+002, 9.457740000000000E+001,-3.513650000000000E-013
 1.627640000000000E+000, 6.818589999999999E+004, 1.459150000000000E+002, 8.316750000000000E+002, 9.705660000000000E+001, 3.002710000000000E-013
 1.634670000000000E+000, 6.843950000000000E+004, 1.458280000000000E+002, 8.382960000000000E+002, 9.979450000000000E+001, 7.412860000000000E-016
 1.643940000000000E+000, 6.896389999999999E+004, 1.461170000000000E+002, 8.455820000000000E+002, 1.026140000000000E+002,-1.965080000000000E-013
 1.655010000000000E+000, 6.971389999999999E+004, 1.467180000000000E+002, 8.532300000000000E+002, 1.053670000000000E+002, 4.355150000000000E-013
 1.667310000000000E+000, 7.059600000000000E+004, 1.474790000000000E+002, 8.611980000000000E+002, 1.080000000000000E+002,-5.054120000000000E-013
 1.680880000000000E+000, 7.158910000000001E+004, 1.483450000000000E+002, 8.694210000000000E+002, 1.105200000000000E+002, 5.369530000000000E-013
 1.695590000000000E+000, 7.266600000000000E+004, 1.492710000000000E+002, 8.776900000000001E+002, 1.129140000000000E+002,-4.912770000000000E-013
 1.711180000000000E+000, 7.377120000000000E+004, 1.501610000000000E+002, 8.859560000000000E+002, 1.152810000000000E+002, 5.064809999999999E-013
 1.727190000000000E+000, 7.484630000000000E+004, 1.509360000000000E+002, 8.939440000000000E+002, 1.173760000000000E+002,-6.820480000000000E-013
 1.743840000000000E+000, 7.592220000000000E+004, 1.516450000000000E+002, 9.019500000000000E+002, 1.197310000000000E+002, 9.379290000000001E-013
 1.761580000000000E+000, 7.701989999999999E+004, 1.522870000000000E+002, 9.098630000000001E+002, 1.219260000000000E+002,-1.064780000000000E-012
 1.779430000000000E+000, 7.804930000000000E+004, 1.527750000000000E+002, 9.172400000000000E+002, 1.238270000000000E+002, 8.898140000000000E-013
 1.797180000000000E+000, 7.898960000000001E+004, 1.530880000000000E+002, 9.239730000000000E+002, 1.254630000000000E+002,-4.882580000000000E-013
 1.815440000000000E+000, 7.988720000000000E+004, 1.532710000000000E+002, 9.301090000000000E+002, 1.268660000000000E+002, 1.386150000000000E-013
 1.834670000000000E+000, 8.077920000000000E+004, 1.533580000000000E+002, 9.356340000000000E+002, 1.280530000000000E+002,-2.302490000000000E-014
 1.854980000000000E+000, 8.168100000000000E+004, 1.533720000000000E+002, 9.404710000000000E+002, 1.290170000000000E+002, 1.689980000000000E-013
 1.876270000000000E+000, 8.259570000000000E+004, 1.533300000000000E+002, 9.445730000000000E+002, 1.297540000000000E+002,-5.059580000000000E-013
 1.898600000000000E+000, 8.353389999999999E+004, 1.532470000000000E+002, 9.479480000000000E+002, 1.302590000000000E+002, 1.012530000000000E-012
 1.922000000000000E+000, 8.450710000000001E+004, 1.531460000000000E+002, 9.505350000000000E+002, 1.305290000000000E+002,-1.728270000000000E-012
 1.946410000000000E+000, 8.552500000000000E+004, 1.530460000000000E+002, 9.523230000000000E+002, 1.305570000000000E+002, 2.641900000000000E-012
 1.971580000000000E+000, 8.658989999999999E+004, 1.529740000000000E+002, 9.533800000000000E+002, 1.303170000000000E+002,-3.483920000000000E-012
 1.992140000000000E+000, 8.739160000000001E+004, 1.527970000000000E+002, 9.542700000000000E+002, 1.292350000000000E+002, 3.856190000000000E-012
 2.011360000000000E+000, 8.812360000000001E+004, 1.526040000000000E+002, 9.553660000000000E+002, 1.278630000000000E+002,-3.643120000000000E-012
 2.030640000000000E+000, 8.887410000000001E+004, 1.524430000000000E+002, 9.565890000000001E+002, 1.264080000000000E+002, 2.837970000000000E-012
 2.049670000000000E+000, 8.962189999999999E+004, 1.522980000000000E+002, 9.579550000000000E+002, 1.249030000000000E+002,-1.844330000000000E-012
 2.068180000000000E+000, 9.034760000000001E+004, 1.521570000000000E+002, 9.594340000000000E+002, 1.233780000000000E+002, 1.172480000000000E-012
 2.085950000000000E+000, 9.103750000000000E+004, 1.520130000000000E+002, 9.610230000000000E+002, 1.218600000000000E+002,-9.508190000000000E-013
 2.101860000000000E+000, 9.163250000000000E+004, 1.518490000000000E+002, 9.624450000000001E+002, 1.204370000000000E+002, 8.084090000000000E-013
 2.115960000000000E+000, 9.213689999999999E+004, 1.516660000000000E+002, 9.636810000000000E+002, 1.191030000000000E+002,-5.865600000000000E-013
 2.128630000000000E+000, 9.256920000000000E+004, 1.514710000000000E+002, 9.647870000000000E+002, 1.178360000000000E+002, 3.937980000000000E-013
 2.140160000000000E+000, 9.294489999999999E+004, 1.512670000000000E+002, 9.658060000000000E+002, 1.166170000000000E+002,-5.292050000000000E-013
 2.150670000000000E+000, 9.327110000000001E+004, 1.510560000000000E+002, 9.667360000000000E+002, 1.154340000000000E+002, 9.954410000000000E-013
 2.160230000000000E+000, 9.355100000000000E+004, 1.508380000000000E+002, 9.675890000000001E+002, 1.142910000000000E+002,-1.544760000000000E-012
 2.169010000000000E+000, 9.379310000000001E+004, 1.506160000000000E+002, 9.683970000000000E+002, 1.131730000000000E+002, 1.914060000000000E-012
 2.177070000000000E+000, 9.400060000000001E+004, 1.503910000000000E+002, 9.691520000000000E+002, 1.120800000000000E+002,-1.899040000000000E-012
 2.184430000000000E+000, 9.417520000000000E+004, 1.501630000000000E+002, 9.698579999999999E+002, 1.110130000000000E+002, 1.600030000000000E-012
 2.191160000000000E+000, 9.431989999999999E+004, 1.499310000000000E+002, 9.705230000000000E+002, 1.099650000000000E+002,-1.417290000000000E-012
 2.197370000000000E+000, 9.444030000000000E+004, 1.496990000000000E+002, 9.711680000000000E+002, 1.089370000000000E+002, 1.591130000000000E-012
 2.202970000000000E+000, 9.453220000000000E+004, 1.494640000000000E+002, 9.717510000000000E+002, 1.079230000000000E+002,-2.081890000000000E-012
 2.208190000000000E+000, 9.460760000000001E+004, 1.492290000000000E+002, 9.723579999999999E+002, 1.069370000000000E+002, 2.622670000000000E-012
 2.212730000000000E+000, 9.465000000000000E+004, 1.489900000000000E+002, 9.728420000000000E+002, 1.059490000000000E+002,-2.854200000000000E-012
 2.217230000000000E+000, 9.469400000000000E+004, 1.487560000000000E+002, 9.734700000000000E+002, 1.049940000000000E+002, 2.547100000000000E-012
 2.220700000000000E+000, 9.468630000000000E+004, 1.485120000000000E+002, 9.738140000000000E+002, 1.040420000000000E+002,-1.635210000000000E-012
 2.224670000000000E+000, 9.470839999999999E+004, 1.482810000000000E+002, 9.745010000000000E+002, 1.031020000000000E+002, 5.313040000000000E-013
 2.227150000000000E+000, 9.465470000000000E+004, 1.480330000000000E+002, 9.747110000000000E+002, 1.021980000000000E+002, 3.057930000000000E-013
 2.230640000000000E+000, 9.465689999999999E+004, 1.478040000000000E+002, 9.754299999999999E+002, 1.012510000000000E+002,-5.852230000000000E-013
 2.232320000000000E+000, 9.456850000000000E+004, 1.475550000000000E+002, 9.755790000000000E+002, 1.004130000000000E+002, 3.488830000000000E-013
 2.235180000000000E+000, 9.454260000000001E+004, 1.473260000000000E+002, 9.762420000000000E+002, 9.945410000000000E+001,-5.837690000000000E-014
 2.236490000000000E+000, 9.444070000000000E+004, 1.470810000000000E+002, 9.764500000000000E+002, 9.865479999999999E+001, 1.186220000000000E-014
 2.238360000000000E+000, 9.436810000000001E+004, 1.468450000000000E+002, 9.769370000000000E+002, 9.774850000000001E+001, 1.289560000000000E-014
 2.239810000000000E+000, 9.427810000000001E+004, 1.466100000000000E+002, 9.773020000000000E+002, 9.687609999999999E+001,-8.237760000000001E-015
 2.240490000000000E+000, 9.415030000000000E+004, 1.463670000000000E+002, 9.775860000000000E+002, 9.613100000000000E+001,-5.167020000000000E-015
 2.241890000000000E+000, 9.406120000000000E+004, 1.461370000000000E+002, 9.780430000000000E+002, 9.516270000000000E+001, 1.403260000000000E-014
 2.242240000000000E+000, 9.392210000000001E+004, 1.458980000000000E+002, 9.783020000000000E+002, 9.444410000000001E+001,-1.155030000000000E-015
 2.242710000000000E+000, 9.379020000000000E+004, 1.456630000000000E+002, 9.786470000000000E+002, 9.364030000000000E+001,-5.781350000000000E-015
 2.243250000000000E+000, 9.366460000000001E+004, 1.454320000000000E+002, 9.790260000000000E+002, 9.260460000000000E+001,-6.287850000000000E-015
 2.241590000000000E+000, 9.343630000000000E+004, 1.451850000000000E+002, 9.757900000000000E+002, 9.187050000000001E+001,-6.450670000000000E-015
 2.270600000000000E+000, 9.436339999999999E+004, 1.447530000000000E+002, 9.805660000000000E+002, 9.104689999999999E+001, 2.490730000000000E-016
 1.224810000000000E+000, 3.516460000000000E+004, 1.000000000000000E+002, 1.002350000000000E+003,-1.301100000000000E-009, 2.633100000000000E-014
 1.224810000000000E+000, 3.516460000000000E+004, 1.000000000000000E+002, 1.002350000000000E+003, 1.153930000000000E-009,-6.352940000000000E-014
 1.224810000000000E+000, 3.516460000000000E+004, 1.000000000000000E+002, 1.002350000000000E+003,-2.213260000000000E-009,-1.329460000000000E-014
 1.224810000000000E+000, 3.516460000000000E+004, 1.000000000000000E+002, 1.002350000000000E+003,-6.029640000000000E-010,-9.249790000000000E-014
 1.224810000000000E+000, 3.516460000000000E+004, 1.000000000000000E+002, 1.002350000000000E+003,-3.425550000000000E-009,-3.068430000000000E-014
 1.224810000000000E+000, 3.516460000000000E+004, 1.000000000000000E+002, 1.002350000000000E+003,-3.935300000000000E-009,-4.671610000000000E-014
 1.224810000000000E+000, 3.516460000000000E+004, 1.000000000000000E+002, 1.002350000000000E+003,-3.382840000000000E-009, 7.540079999999999E-014
 1.224810000000000E+000, 3.516460000000000E+004, 1.000000000000000E+002, 1.002350000000000E+003,-7.513030000000000E-009,-4.628860000000000E-014
 1.224810000000000E+000, 3.516460000000000E+004, 1.000000000000000E+002, 1.002350000000000E+003,-5.630590000000000E-009,-5.605930000000000E-014
 1.224810000000000E+000, 3.516460000000000E+004, 1.000000000000000E+002, 1.002350000000000E+003,-9.772680000000000E-009,-4.082730000000000E-014
 1.224810000000000E+000, 3.516460000000000E+004, 1.000000000000000E+002, 1.002350000000000E+003,-4.794760000000000E-009, 3.453200000000000E-014
 1.224810000000000E+000, 3.516460000000000E+004, 1.000000000000000E+002, 1.002350000000000E+003, 5.572420000000000E-007, 6.470830000000000E-014
 1.224810000000000E+000, 3.516470000000000E+004, 1.000000000000000E+002, 1.002350000000000E+003, 2.881890000000000E-005, 6.383970000000000E-014
 1.224880000000000E+000, 3.517170000000000E+004, 1.000150000000000E+002, 1.002290000000000E+003, 3.127160000000000E-003, 5.244750000000000E-014
 1.227830000000000E+000, 3.607060000000000E+004, 1.023240000000000E+002, 9.995490000000000E+002, 1.635170000000000E-002, 7.650480000000000E-014
 2.204510000000000E+000, 1.980220000000000E+005, 3.128710000000000E+002, 7.031220000000000E+002, 1.232860000000000E+001, 4.725640000000000E-015
 5.663460000000000E+000, 9.486350000000000E+005, 5.834200000000000E+002, 1.933880000000000E+002, 2.969640000000000E+001, 4.244900000000000E-013
 6.148320000000000E+000, 1.075760000000000E+006, 6.094290000000000E+002, 1.271480000000000E+002, 3.093570000000000E+001,-2.755080000000000E-012
 5.906340000000000E+000, 1.058330000000000E+006, 6.241180000000001E+002, 1.102080000000000E+002, 5.331540000000000E+001,-6.548160000000000E-014
 5.687780000000000E+000, 1.063170000000000E+006, 6.510660000000000E+002, 7.102100000000000E+001, 6.540340000000000E+001, 9.295390000000000E-014
 5.584720000000000E+000, 1.072260000000000E+006, 6.687490000000000E+002, 4.015070000000000E+001, 7.958069999999999E+001, 8.796740000000000E-013
